,Host,10/4,,Level,Month,Discord,Badge,Agent,New,Active,Prorate,Days,Day Pace,Days Goal,Days Left,Hours,Hrs Goal,Hours Left,?,? Pace,Tier,Tier Goal,Tier Left,Tier Status,Tier LM,Grad,? Last 30,-1 Month ?,-2 Month ?,-1 Level,-2 Level,Score,Earned,Gifted,Running,Multiply,Unlocked,Unis,Est Rev,Bonus,LM Bonus,Days Month,Hours Month,Rewards Month,Link
2,7368626525710794769,daisy_dew4,GO,-1,30,@brittneya54_73081,,MARCO,388,Y,1.00,4,141%,7,3,20,15,-5,"1,100,504","8,528,906",6,"3,000,000","1,899,496",Down,7,,"3,673,891","2,684,924","3,711,770",5,5,89,"294,000","279,000","15,000",1x,"15,000",0,"$4,952",$0.00,$0.00,22,90,"11,000",https://www.tiktok.com/@daisy_dew4
1,7359135097779519493,bryton.39,GO,-1,44,@bryton.39,Gaming,MARCO,65,Y,1.00,4,141%,7,3,44,15,-29,"1,283,928","9,950,442",6,"5,000,000","3,716,072",Down,8,,"4,346,242","3,277,468","4,402,701",5,5,90,"7,744,250","7,764,250","-20,000",1x,0,1,"$5,778",$0.00,$819.37,22,90,"70,000",https://www.tiktok.com/@bryton.39
17,7359134909191159814,skylerclarkk,GO,-1,47,@skylerclark_,Music,MARCO,46,Y,1.00,1,35%,7,6,2,15,13,"104,233","807,806",2,"8,000,000","7,895,767",Down,9,,"4,608,595","5,062,401","5,005,841",5,5,90,"1,788,550","1,611,400","197,150",1x,"197,150",2,$469,$0.00,"$1,265.60",22,90,0,https://www.tiktok.com/@skylerclarkk
26,7550884206759559223,uriquarlesceodfm,GO,-1,14,@uriq0728,Music,LEVI,3,Y,1.00,1,35%,7,6,3,15,12,"76,656","594,084",1,"1,000,000","923,344",Down,5,,"743,420","769,333","1,166,128",2,2,51,0,0,0,1x,0,0,$345,$0.00,$0.00,15,50,0,https://www.tiktok.com/@uriquarlesceodfm
27,7359134984718024709,cpayne_04,GO,-1,45,@cpayne_04,,LEVI,5,Y,1.00,1,35%,7,6,1,15,14,"70,055","542,926",1,"1,000,000","929,945",Down,5,,"645,472","626,701","544,393",1,1,37,"26,625","26,000",625,1x,625,0,$315,$0.00,$0.00,12,35,0,https://www.tiktok.com/@cpayne_04
7,7359138280010645509,ageofangel,GO,-1,33,@theageofangel,,MARCO,48,Y,1.00,4,141%,7,3,28,15,-13,"206,418","1,599,740",3,"3,000,000","2,793,582",Down,7,,"1,908,680","1,793,827","1,851,492",5,5,84,"431,750","431,500",250,1x,250,0,$929,$0.00,$448.46,22,90,0,https://www.tiktok.com/@ageofangel
23,7359137668212490245,sebbythecatdad,GO,-1,34,@sebbythecatdad,,MARCO,27,Y,1.00,4,141%,7,3,9,15,6,"94,718","734,065",1,"3,000,000","2,905,282",Down,7,,"2,421,375","2,950,354","5,106,893",5,5,84,"474,000","476,000","-2,000",1x,0,0,$426,$0.00,$0.00,22,90,0,https://www.tiktok.com/@sebbythecatdad
29,7581605738645078071,jordan.borges,GO,-1,11,@jordan.borges,,MARCO + DYLAN,24,Y,1.00,2,70%,7,5,14,15,1,"64,634","500,914",1,"3,000,000","2,935,366",Down,7,RU,"2,092,458","2,347,574","1,377,385",5,5,80,"108,300","108,300",0,1x,0,0,$291,$0.00,$586.89,22,90,0,https://www.tiktok.com/@jordan.borges
12,7391438796933546001,mirsowavy,GO,-1,15,@shifty0157,Gaming,MARCO,57,Y,1.00,4,141%,7,3,24,15,-9,"159,136","1,233,304",2,"1,000,000","840,864",Down,5,,"1,027,337","940,352","1,596,583",5,5,76,"5,000","5,000",0,1x,0,0,$716,$0.00,$0.00,22,90,0,https://www.tiktok.com/@mirsowavy
10,7433607263870517264,alexaraeemusic,GO,-1,24,@alexaraeemusic,Music,MARCO,138,Y,1.00,2,70%,7,5,5,15,10,"166,184","1,287,926",2,"3,000,000","2,833,816",Down,7,,"2,047,474","2,112,112","1,916,266",3,3,70,"633,000","626,200",-200,1x,0,0,$748,$0.00,$0.00,18,70,0,https://www.tiktok.com/@alexaraeemusic
13,7359135283092226053,oregonstargirl,GO,-1,42,@oregonstargirl,,MARCO,21,Y,1.00,4,141%,7,3,9,15,6,"155,771","1,207,225",2,"3,000,000","2,844,229",Down,7,,"1,783,186","1,898,260","1,734,798",4,3,71,"1,190,500","1,190,500",0,1x,0,0,$701,$0.00,$474.57,22,90,0,https://www.tiktok.com/@oregonstargirl
9,7359136672245809158,natalianope,GO,-1,37,@nataliejoke,Music,MARCO,215,Y,1.00,4,141%,7,3,11,15,4,"179,097","1,388,002",2,"1,600,000","1,420,903",Down,6,RU,"1,280,470","1,310,126","944,330",5,3,73,"855,450","855,450",0,1x,0,0,$806,$0.00,$327.53,22,90,0,https://www.tiktok.com/@natalianope
11,7513787055730638849,cwdetroit,GO,-1,13,@cwdetroit.,,MARCO,95,Y,1.00,4,141%,7,3,32,15,-17,"160,145","1,241,124",2,"1,600,000","1,439,855",Down,6,,"1,362,414","1,339,454","1,139,769",5,5,78,"149,000","149,000",0,1x,0,0,$721,$0.00,$334.86,22,90,0,https://www.tiktok.com/@cwdetroit
20,7359135857971920902,musicalnugget,GO,-1,28,@iamamomnow,Music,LEVI,177,Y,1.00,4,141%,7,3,9,15,6,"97,605","756,439",1,"1,000,000","902,395",Down,5,,"663,896","634,987","789,429",3,3,53,"1,000",0,"1,000",1x,"1,000",0,$439,$0.00,$0.00,18,70,0,https://www.tiktok.com/@musicalnugget
34,7359139156565622790,naseem0815,GO,-1,32,@nramcharan,,LEVI,13,Y,1.00,3,106%,7,4,11,15,4,"52,017","403,132",1,"300,000","247,983",Down,3,,"270,129","286,073","342,835",5,4,52,"4,750",0,"4,750",1x,"4,750",0,$234,$0.00,$0.00,22,90,0,https://www.tiktok.com/@naseem0815
42,7359135499635884038,the.camjohnson,GO,-1,14,@the.camjohnson,,LEVI + BRYTON,45,Y,1.00,2,70%,7,5,12,15,3,"37,063","287,238",1,"300,000","262,937",Down,3,RU,"223,962","258,179","76,252",4,3,39,"5,000","10,000","-5,000",1x,0,0,$167,$0.00,$0.00,22,90,0,https://www.tiktok.com/@the.camjohnson
6,7497777597393190929,stefanielauryn415,GO,-1,19,@stefanielauryn415,,MARCO,47,Y,1.00,3,106%,7,4,5,15,10,"210,741","1,633,243",3,"3,000,000","2,789,259",Down,7,,"1,736,781","1,754,943","2,050,178",2,4,73,"210,800","169,000","41,800",1x,"41,800",0,$948,$0.00,$0.00,15,50,0,https://www.tiktok.com/@stefanielauryn415
8,7359136363951816710,rockylanemusic,GO,-1,37,@rockylane,Music,MARCO,42,Y,1.00,4,141%,7,3,10,15,5,"185,171","1,435,075",2,"1,600,000","1,414,829",Down,6,,"1,062,697","1,076,856","1,061,058",4,4,73,"1,154,364","1,149,364","5,000",1x,"5,000",0,$833,$0.00,$0.00,22,90,"15,000",https://www.tiktok.com/@rockylanemusic
4,7359136208586637317,thebellaflora__,GO,-1,38,@thebellaflora_,,MARCO,18,Y,1.00,2,70%,7,5,6,15,9,"339,803","2,633,473",4,"1,600,000","1,260,197",Down,6,RU,"1,262,249","1,067,177","818,510",3,4,74,"118,250","105,000","-5,750",1x,0,0,"$1,529",$0.00,$0.00,18,70,0,https://www.tiktok.com/@thebellaflora__
30,7654325897985703950,d1p00h,GO,-1,5,@bankitpooh,Athlete,DYLAN + HIRAM,23,Y,1.00,3,106%,7,4,9,15,6,"56,273","436,116",1,"200,000","143,727",Down,2,,"181,624","137,893","242,579",1,1,24,"36,000","36,000",0,-,0,0,$253,$0.00,$0.00,12,35,0,https://www.tiktok.com/@d1p00h
16,7451090481020321808,growandglowasmr,GO,-1,23,@growandglowasmr,ASMR,LEVI + BRYTON,431,Y,1.00,4,141%,7,3,25,15,-10,"109,788","850,857",2,"1,000,000","890,212",Down,5,RU,"623,967","583,764","449,145",5,5,65,"303,500","280,500","25,500",1x,"25,500",0,$494,$0.00,$0.00,22,90,0,https://www.tiktok.com/@growandglowasmr
24,7530440132726439949,itspopejoy,GO,-1,7,@itspopejoy,,LEVI,71,Y,1.00,3,106%,7,4,9,15,6,"79,380","615,195",1,"1,000,000","920,620",Down,5,,"733,364","666,280","739,404",3,4,55,0,0,0,1x,0,0,$357,$0.00,$0.00,18,70,0,https://www.tiktok.com/@itspopejoy
14,7359135105165656069,freekbass,GO,-1,44,@freekbass,Music,MARCO,612,Y,1.00,3,106%,7,4,13,15,2,"119,469","925,885",2,"8,000,000","7,880,531",Down,9,,"6,353,132","7,637,077","6,958,129",5,5,94,"2,244,700","2,247,200","-2,500",1x,0,2,$538,$0.00,"$1,909.27",22,90,0,https://www.tiktok.com/@freekbass
33,7539009437726720013,damoyee,GO,-1,15,@damoyee,Music,LEVI,301,Y,1.00,3,106%,7,4,9,15,6,"53,678","416,005",1,"300,000","246,322",Down,3,,"284,791","245,851","291,461",2,2,36,"1,000","1,000",0,1x,0,0,$242,$0.00,$0.00,15,50,0,https://www.tiktok.com/@damoyee
25,7359139118909095942,sparksboi97,GO,-1,32,@sparksboi97_16265,,LEVI,38,Y,1.00,3,106%,7,4,9,15,6,"79,306","614,622",1,"500,000","420,694",Down,4,,"303,741","303,267","1,186,478",3,4,56,"8,500","8,500",0,1x,0,0,$357,$0.00,$0.00,18,70,0,https://www.tiktok.com/@sparksboi97
50,7628074184152989709,legallyjacked,GO,-1,7,@avarobar,,DYLAN,40,Y,1.00,3,106%,7,4,5,15,10,"27,381","212,203",1,"100,000","72,619",Down,1,,"75,622","48,241","42,423",-1,-1,5,0,0,0,-,0,0,$123,$0.00,$0.00,8,20,0,https://www.tiktok.com/@legallyjacked
64,7576723590549389326,gaywhonotme,GO,-1,12,@brandongraja6867,,DYLAN + SVEN,46,Y,1.00,2,70%,7,5,5,15,10,"18,172","140,833",1,"200,000","181,828",Down,2,RU,"150,877","141,298","9,573",2,-1,15,"105,300","105,300",0,-,0,0,$82,$0.00,$0.00,15,50,0,https://www.tiktok.com/@gaywhonotme
73,7359135484905553925,nicolefarahh,GO,-1,41,@nicolefarah.,,DYLAN,87,Y,1.00,1,35%,7,6,3,15,12,"12,558","97,325",1,"100,000","87,442",Down,1,,"53,677","41,119","35,747",-1,-1,4,"11,250","35,000","-23,750",-,0,0,$57,$0.00,$0.00,8,20,0,https://www.tiktok.com/@nicolefarahh
74,7444838821734268929,fishon053,GO,-1,23,@brian503669,,DYLAN,29,Y,1.00,1,35%,7,6,2,15,13,"12,489","96,790",1,"100,000","87,511",Down,1,,"55,494","66,579","50,104",2,2,17,"31,800","31,800",0,-,0,0,$56,$0.00,$0.00,15,50,0,https://www.tiktok.com/@fishon053
22,7359135727810052101,hotterjakepaul,GO,-1,40,@hotterjakepaul,,MARCO,28,Y,1.00,3,106%,7,4,8,15,7,"95,748","742,047",1,"3,000,000","2,904,252",Down,7,,"2,279,701","2,537,387","2,082,438",5,5,79,"1,019,100","1,019,100",0,1x,0,0,$431,$0.00,$634.35,22,90,0,https://www.tiktok.com/@hotterjakepaul
39,7627248139279319053,dalanietaylor,GO,-1,7,@dalanietaylor,Music,LEVI + SKYLER,671,Y,1.00,4,141%,7,3,11,15,4,"46,137","357,562",1,"500,000","453,863",Down,4,,"454,730","427,076","428,052",2,3,42,0,0,0,1x,0,0,$208,$0.00,$0.00,15,50,0,https://www.tiktok.com/@dalanietaylor
,7454359110578864145,alliemsx,GO,-1,23,@alliems,Gaming,LEVI,288,Y,1.00,4,141%,7,3,22,15,-7,"65,620","508,555",1,"500,000","434,380",Down,4,,"420,769","388,104","675,469",5,4,56,"237,000","236,500",500,1x,500,0,$295,$0.00,$0.00,22,90,0,https://www.tiktok.com/@alliemsx
78,7359137269107916806,metalkitten2,GO,-1,35,@mistressmetalkitten,,DYLAN,32,Y,1.00,2,70%,7,5,3,15,12,"11,205","86,839",1,"100,000","88,795",Down,1,,"90,381","85,867","88,761",1,1,13,"14,000",0,"14,000",-,0,0,$50,$0.00,$0.00,12,35,0,https://www.tiktok.com/@metalkitten2
62,7525237896966619152,itslinsaybro,GO,-1,2,@linsaybro,Music,DYLAN + SKYLER,98,Y,1.00,4,141%,7,3,9,15,6,"18,556","143,809",1,"200,000","181,444",Down,2,,"18,556",0,,-1,,1,0,0,0,-,0,0,$84,$0.00,$0.00,8,20,0,https://www.tiktok.com/@itslinsaybro
63,7405660915452084225,willied78,GO,-1,7,@willie_16306,Music,DYLAN + SKYLER,12,Y,1.00,2,70%,7,5,3,15,12,"18,193","140,996",1,"200,000","181,807",Down,2,,"160,776","149,015","166,984",1,2,23,0,0,0,-,0,0,$82,$0.00,$0.00,12,35,0,https://www.tiktok.com/@willied78
46,7359136272692117509,koryskitchen,GO,-1,38,@koryskitchen,Food,DYLAN,8,Y,1.00,2,70%,7,5,4,15,11,"31,429","243,575",1,"300,000","268,571",Down,3,RU,"233,324","224,203","7,368",1,-1,18,"95,750","45,000","6,250",-,0,0,$141,$0.00,$0.00,12,35,0,https://www.tiktok.com/@koryskitchen
48,7426157075610468368,yaticasimagination,GO,-1,15,@yatica,Gaming,DYLAN,"1,162",Y,1.00,4,141%,7,3,18,15,-3,"28,469","220,635",1,"100,000","71,531",Down,1,,"37,102","8,633","10,247",3,4,21,0,0,0,-,0,0,$128,$0.00,$0.00,18,70,0,https://www.tiktok.com/@yaticasimagination
38,7359139290301038597,stephymaddy,GO,-1,8,@_stephymaddy_,Music,LEVI + SKYLER,14,Y,1.00,4,141%,7,3,14,15,1,"46,651","361,545",1,"1,000,000","953,349",Down,5,,"490,861","606,034","1,761,780",5,5,67,"45,000","40,000","5,000",1x,"5,000",0,$210,$0.00,$0.00,22,90,0,https://www.tiktok.com/@stephymaddy
31,7359134960558571525,smity194,GO,-1,46,@smity194,,MARCO,21,Y,1.00,3,106%,7,4,7,15,8,"55,939","433,527",1,"3,000,000","2,944,061",Down,7,,"1,529,893","2,162,633","2,185,891",4,5,74,"3,182,050","3,163,600","18,450",1x,"18,450",0,$252,$0.00,$540.66,22,90,0,https://www.tiktok.com/@smity194
36,7689152124780888077,amberharrelsonn,GO,-1,2,@yourlosssss,,DYLAN,181,Y,1.00,4,141%,7,3,19,15,-4,"48,323","374,503",1,"300,000","251,677",Down,3,RU,"188,199","139,876",,5,,25,"3,000","3,000",0,-,0,0,$217,$0.00,$0.00,22,90,0,https://www.tiktok.com/@amberharrelsonn
55,7554552006812188727,imjustnicob,GO,-1,14,@imjustnico.,Gaming,LEVI + BRYTON,161,Y,1.00,4,141%,7,3,38,15,-23,"22,973","178,041",1,"500,000","477,027",Down,4,,"326,084","329,497","429,451",5,5,55,"119,000","119,000",0,1x,0,0,$103,$0.00,$0.00,22,90,0,https://www.tiktok.com/@imjustnicob
71,7620572339134218253,jdc..2000,GO,-1,8,@jdc_2000,Music,LEVI + SKYLER,299,Y,1.00,3,106%,7,4,9,15,6,"13,590","105,323",1,"200,000","186,410",Down,2,,"92,519","108,300","252,924",4,4,39,0,0,0,1x,0,0,$61,$0.00,$0.00,22,90,0,https://www.tiktok.com/@jdc..2000
35,7675793581382189069,mike.winson,GO,-1,3,@natiffan,,LEVI,55,Y,1.00,3,106%,7,4,9,15,6,"48,687","377,324",1,"500,000","451,313",Down,4,RU,"310,786","316,590","40,000",5,3,42,"71,000","71,000",0,1x,0,0,$219,$0.00,$0.00,22,90,"35,000",https://www.tiktok.com/@mike.winson
104,7682576383524093966,dwcormier,GO,-1,2,@dwc4733,,DYLAN + DYLAN,3,Y,1.00,4,141%,7,3,7,15,8,"4,621","35,813",1,"100,000","95,379",Down,1,,"51,108","46,487",,5,,18,"11,000","11,000",0,-,0,0,$21,$0.00,$0.00,22,90,0,https://www.tiktok.com/@dwcormier
65,7615464895412453389,sweetvirgo381,GO,-1,8,@sweetvirgo381,,LEVI,73,Y,1.00,4,141%,7,3,10,15,5,"17,707","137,229",1,"100,000","82,293",Down,1,,"90,228","94,689","81,879",4,4,31,0,0,0,1x,0,0,$80,$0.00,$0.00,22,90,0,https://www.tiktok.com/@sweetvirgo381
89,7574672057607307278,athamemade,GO,-1,6,@athamechambers,,DYLAN,80,Y,1.00,3,106%,7,4,7,15,8,"6,686","51,817",1,"100,000","93,314",Down,1,,"13,227","6,655","2,622",-1,1,3,0,0,0,-,0,0,$30,$0.00,$0.00,8,20,0,https://www.tiktok.com/@athamemade
44,7359135762769608710,m1stresswedn3sday,GO,-1,40,@mistresswednesday,,DYLAN,63,Y,1.00,2,70%,7,5,11,15,4,"36,255","280,976",1,"200,000","163,745",Down,2,,"147,314","111,059","135,409",1,2,20,"6,500",0,0,-,0,0,$163,$0.00,$0.00,12,35,0,https://www.tiktok.com/@m1stresswedn3sday
3,7527933905626988561,shanellexnikole,GO,-1,16,@shanellenikole,,LEVI,35,Y,1.00,4,141%,7,3,7,15,8,"388,425","3,010,294",4,"500,000","111,575",Down,4,,"674,110","327,087","313,778",1,1,43,"177,000",0,"2,000",1x,"2,000",0,"$1,748",$0.00,$0.00,12,35,0,https://www.tiktok.com/@shanellexnikole
32,7588250564161552398,simplyaarontktok,GO,-1,3,@simplyaarontktok,Gaming,LEVI,6,Y,1.00,4,141%,7,3,29,15,-14,"55,873","433,016",1,"500,000","444,127",Down,4,RU,"342,960","334,096","25,331",5,4,44,"115,000","115,000",0,1x,0,0,$251,$0.00,$0.00,22,90,"35,000",https://www.tiktok.com/@simplyaarontktok
98,7642800133671010318,prettygirl2229,GO,-1,6,@prettygirl2229,,DYLAN,109,Y,1.00,2,70%,7,5,5,15,10,"5,261","40,773",1,"100,000","94,739",Down,1,,"47,472","52,522","66,848",3,3,22,"7,100","2,100","5,000",-,0,0,$24,$0.00,$0.00,18,70,0,https://www.tiktok.com/@prettygirl2229
37,7650837049121226766,mzbillionaire.success,GO,-1,5,@mzbillionairesuccess,Music,DYLAN + SKYLER,667,Y,1.00,4,141%,7,3,7,15,8,"46,914","363,584",1,"200,000","153,086",Down,2,RU,"207,544","163,007","6,233",2,-1,17,0,0,0,-,0,0,$211,$0.00,$0.00,15,50,0,https://www.tiktok.com/@mzbillionaire.success
77,7359135264167428102,coloreomusic,GO,-1,42,@coloreo,"Music, Gaming",LEVI,20,Y,1.00,4,141%,7,3,12,15,3,"11,764","91,171",1,"500,000","488,236",Down,4,,"234,381","347,589","573,787",4,5,53,"623,450","638,450","-15,000",1x,0,0,$53,$0.00,$0.00,22,90,0,https://www.tiktok.com/@coloreomusic
108,7546388294167216142,zordoth,GO,-1,14,@zordoth_,Gaming,DYLAN,44,Y,1.00,2,70%,7,5,7,15,8,"4,172","32,333",1,"100,000","95,828",Down,1,,"55,608","71,204","105,243",3,3,25,0,0,0,-,0,0,$19,$0.00,$0.00,18,70,0,https://www.tiktok.com/@zordoth
114,7359135442542952454,lil.ginga5,GO,-1,41,@autumnanddaisy,,DYLAN,1,Y,1.00,1,35%,7,6,1,15,14,"3,553","27,536",1,"100,000","96,447",Down,1,,"30,544","29,218","46,384",-1,0,4,"1,500",0,"1,500",-,0,0,$16,$0.00,$0.00,8,20,0,https://www.tiktok.com/@lil.ginga5
101,7652628568396054541,djinhamusic,GO,-1,5,@hyundoesnot,Music,DYLAN + JOE,49,Y,1.00,2,70%,7,5,3,15,12,"4,868","37,727",1,"100,000","95,132",Down,1,,"25,240","23,223","21,882",1,-1,5,0,0,0,-,0,0,$22,$0.00,$0.00,12,35,0,https://www.tiktok.com/@djinhamusic
92,7579814318795997197,gudinoashley,GO,-1,11,@ajgudino87,,LEVI,130,Y,1.00,3,106%,7,4,15,15,0,"6,386","49,492",1,"100,000","93,614",Down,1,,"80,833","93,268","37,719",5,4,32,0,0,0,1x,0,0,$29,$0.00,$0.00,22,90,0,https://www.tiktok.com/@gudinoashley
60,7359139572674232325,moji.music,GO,-1,31,@mojigallomusic,Music,DYLAN,33,Y,1.00,3,106%,7,4,15,15,0,"18,922","146,646",1,"100,000","81,078",Down,1,,"59,760","45,861","35,635",1,-1,7,"7,750",500,"7,250",-,0,0,$85,$0.00,$0.00,12,35,0,https://www.tiktok.com/@moji.music
66,7593008002324545591,macdetecting,GO,-1,6,@macdetecting,,DYLAN,199,Y,1.00,4,141%,7,3,8,15,7,"17,078","132,355",1,"100,000","82,922",Down,1,,"77,644","64,224","100,943",1,2,16,0,0,0,-,0,0,$77,$0.00,$0.00,12,35,0,https://www.tiktok.com/@macdetecting
109,7359134578394529797,fathernewman,GO,-1,14,@fathernewman21,Gaming,DYLAN + SVEN,11,Y,1.00,4,141%,7,3,22,15,-7,"4,170","32,318",1,"100,000","95,830",Down,1,,"15,392","11,796","4,085",5,4,27,0,0,0,-,0,0,$19,$0.00,$0.00,22,90,0,https://www.tiktok.com/@fathernewman
87,7671370956367183886,simple.pak,GO,-1,3,@simple.pak,Music,DYLAN,4,Y,1.00,3,106%,7,4,6,15,9,"7,503","58,148",1,"100,000","92,497",Down,1,,"41,615","36,462","26,585",3,4,23,"10,000","10,000",0,-,0,0,$34,$0.00,$0.00,18,70,0,https://www.tiktok.com/@simple.pak
58,7359134456151867397,luke.h.reynoldsmusic,GO,-1,57,@lukereynoldsmusic,Music,DYLAN,97,Y,1.00,4,141%,7,3,8,15,7,"19,542","151,451",1,"100,000","80,458",Down,1,,"92,387","83,250","236,437",0,3,24,"147,500","152,500","-5,000",-,0,0,$88,$0.00,$0.00,8,20,0,https://www.tiktok.com/@luke.h.reynoldsmusic
122,7359135347281985541,first.lady.jay2.0,GO,-1,42,@firstladyjay,,DYLAN,5,Y,1.00,1,35%,7,6,4,15,11,"3,005","23,289",1,"100,000","96,995",Down,1,,"3,061",434,"1,111",-1,-1,1,0,0,0,-,0,0,$14,$0.00,$0.00,8,20,0,https://www.tiktok.com/@first.lady.jay2.0
84,7657953499262631949,theabyss999,GO,-1,4,@theabyss_999,,DYLAN,36,Y,1.00,2,70%,7,5,6,15,9,"8,208","63,612",1,"100,000","91,792",Down,1,,"20,390","17,942","41,492",2,5,22,"5,000","5,000",0,-,0,0,$37,$0.00,$0.00,15,50,0,https://www.tiktok.com/@theabyss999
21,7359134585688522757,ashleyinfl,GO,-1,53,@singleonthemove,,MARCO,17,Y,1.00,2,70%,7,5,4,15,11,"95,755","742,101",1,"3,000,000","2,904,245",Down,7,,"2,660,790","2,725,025","5,332,478",3,5,79,"3,677,000","640,000",0,1x,0,0,$431,$0.00,$0.00,18,70,0,https://www.tiktok.com/@ashleyinfl
57,7405584046161412113,tbone_ga,GO,-1,27,@tbone_94912,Music,LEVI,14,Y,1.00,4,141%,7,3,8,15,7,"19,752","153,078",1,"200,000","180,248",Down,2,,"132,055","126,637","112,162",4,5,37,500,0,500,1x,500,0,$89,$0.00,$0.00,22,90,0,https://www.tiktok.com/@tbone_ga
124,7657342731559190542,dgenfm,GO,-1,4,@dgains,,DYLAN,301,Y,1.00,2,70%,7,5,3,15,12,"2,732","21,173",1,"100,000","97,268",Down,1,,"5,119","3,161","7,006",1,2,9,0,0,0,-,0,0,$12,$0.00,$0.00,12,35,0,https://www.tiktok.com/@dgenfm
112,7558996074539761677,witchydivaseer,GO,-1,6,@santamuertemedium_45376,,DYLAN,531,Y,1.00,3,106%,7,4,12,15,3,"3,663","28,388",1,"100,000","96,337",Down,1,,"20,957","18,142","20,383",3,3,18,0,0,0,-,0,0,$16,$0.00,$0.00,18,70,0,https://www.tiktok.com/@witchydivaseer
86,7573460772341334029,gorgeousgoddessart,GO,-1,12,@deravenj95,,DYLAN,11,Y,1.00,2,70%,7,5,3,15,12,"7,973","61,791",1,"100,000","92,027",Down,1,,"20,195","15,730","31,221",2,1,10,0,0,0,-,0,0,$36,$0.00,$0.00,15,50,0,https://www.tiktok.com/@gorgeousgoddessart
106,7534212614495191095,mergemadam,GO,-1,15,@theesinginggamer,,DYLAN + DYLAN,5,Y,1.00,4,141%,7,3,27,15,-12,"4,503","34,898",1,"100,000","95,497",Down,1,,"32,424","28,510","21,840",5,4,28,0,0,0,-,0,0,$20,$0.00,$0.00,22,90,0,https://www.tiktok.com/@mergemadam
115,7589643748636868663,miss__kimmy,GO,-1,10,@kimmys_8_46425,,LEVI + ASHLEY,17,Y,1.00,4,141%,7,3,6,15,9,"3,547","27,489",1,"300,000","296,453",Down,3,,"205,523","233,203","368,150",3,5,47,"12,000","12,000",0,1x,0,0,$16,$0.00,$0.00,18,70,0,https://www.tiktok.com/@miss__kimmy
47,7359135112296071173,bentleybtv,GO,-1,44,@bentleyb,,LEVI,36,Y,1.00,4,141%,7,3,20,15,-5,"28,800","223,200",1,"200,000","171,200",Down,2,RU,"186,562","187,079","46,736",5,5,42,"3,500",0,"3,500",1x,"3,500",0,$130,$0.00,$0.00,22,90,0,https://www.tiktok.com/@bentleybtv
52,7410415784117436432,popcultkillers,GO,-1,9,@popcultkillers,Music,DYLAN,7,Y,1.00,2,70%,7,5,7,15,8,"25,263","195,788",1,"100,000","74,737",Down,1,,"57,165","33,008","41,687",1,3,15,0,0,0,-,0,0,$114,$0.00,$0.00,12,35,0,https://www.tiktok.com/@popcultkillers
102,7359135442551209989,uncle_louie,GO,-1,41,@uncle_louie303,,DYLAN,9,Y,1.00,4,141%,7,3,11,15,4,"4,642","35,976",1,"100,000","95,358",Down,1,,"32,417","30,327","4,320",5,4,28,"11,250",0,"11,250",-,0,0,$21,$0.00,$0.00,22,90,0,https://www.tiktok.com/@uncle_louie
96,7433657413758304273,a.marie.911,GO,-1,20,@a.marie.911,,LEVI,21,Y,1.00,3,106%,7,4,6,15,9,"6,119","47,422",1,"300,000","293,881",Down,3,,"201,232","215,664","205,880",3,5,46,"12,000",0,"12,000",1x,"12,000",0,$28,$0.00,$0.00,18,70,0,https://www.tiktok.com/@a.marie.911
100,7663557625392676878,jetak47,GO,-1,4,@phi6393,Music,DYLAN,81,Y,1.00,2,70%,7,5,4,15,11,"5,047","39,114",1,"100,000","94,953",Down,1,,"48,742","44,664","50,850",2,1,13,0,0,0,-,0,0,$23,$0.00,$0.00,15,50,0,https://www.tiktok.com/@jetak47
82,7555294248464039991,follow_the_breeze,GO,-1,14,@brianna_the_breeze,Music,LEVI,39,Y,1.00,4,141%,7,3,10,15,5,"8,682","67,286",1,"100,000","91,318",Down,1,,"96,158","87,476","283,608",2,4,33,"42,800","42,800",0,1x,0,0,$39,$0.00,$0.00,15,50,0,https://www.tiktok.com/@follow_the_breeze
123,7659939194286096398,hellokittyakuma,GO,-1,4,@hellokittyakuma,Gaming,LEVI,88,Y,1.00,4,141%,7,3,13,15,2,"2,734","21,189",1,"300,000","297,266",Down,3,RU,"250,689","249,130","37,257",5,5,45,0,0,0,1x,0,0,$12,$0.00,$0.00,22,90,0,https://www.tiktok.com/@hellokittyakuma
133,7676267934062264334,shestoothfairy,GO,-1,3,@codtoothfairy,Gaming,LEVI,26,Y,1.00,2,70%,7,5,10,15,5,"2,150","16,663",1,"100,000","97,850",Down,1,,"38,844","50,284","20,737",5,5,32,0,0,0,1x,0,0,$10,$0.00,$0.00,22,90,0,https://www.tiktok.com/@shestoothfairy
118,7359135501103824902,theashleymichelle,GO,-1,5,@officialashleymichelle,,DYLAN + ASHLEY,23,Y,1.00,2,70%,7,5,2,15,13,"3,361","26,048",1,"100,000","96,639",Down,1,,"3,887",526,495,-1,-1,1,0,0,0,-,0,0,$15,$0.00,$0.00,8,20,0,https://www.tiktok.com/@theashleymichelle
125,7642482549050327053,selectyourinktattoos,GO,-1,4,@generaltazz45,,DYLAN,23,Y,1.00,3,106%,7,4,15,15,0,"2,595","20,111",1,"100,000","97,405",Down,1,,"16,751","18,070","35,340",4,4,25,100,100,0,-,0,0,$12,$0.00,$0.00,22,90,0,https://www.tiktok.com/@selectyourinktattoos
88,7595776572192243726,muthafknsid,GO,-1,10,@muthafknsid,,LEVI + BRYTON,73,Y,1.00,2,70%,7,5,15,15,0,"7,151","55,420",1,"500,000","492,849",Down,4,RU,"292,312","351,690","297,690",4,5,53,"26,300","26,300",0,1x,0,0,$32,$0.00,$0.00,22,90,0,https://www.tiktok.com/@muthafknsid
325,7478246021491998736,OFF,GO,-1,,@fox_off,Gaming,#N/A,,Y,1.00,,0%,7,7,0,15,15,0,0,1,,,#N/A,,,0,"20,076","39,741",5,5,,0,0,0,#N/A,,,$0,,$0.00,22,90,0,https://www.tiktok.com/@OFF
59,7559803619659333645,tracezen0,GO,-1,2,@tracezen,Music,DYLAN + DYLAN,73,Y,1.00,3,106%,7,4,7,15,8,"19,139","148,327",1,"100,000","80,861",Down,1,,"60,452","41,313",,1,,6,0,0,0,-,0,0,$86,$0.00,$0.00,12,35,0,https://www.tiktok.com/@tracezen0
18,7359134698641293317,bobbyjwil,GO,-1,50,@bobbyjwil,,LEVI,57,Y,1.00,3,106%,7,4,14,15,1,"104,195","807,511",2,"1,000,000","895,805",Down,5,,"542,371","691,039","1,610,954",4,5,67,"120,250","120,000",250,1x,250,0,$469,$0.00,$0.00,22,90,0,https://www.tiktok.com/@bobbyjwil
139,7689758669113884685,meanmike.music,GO,-1,2,@meanmike.music,Music,DYLAN,69,Y,1.00,4,141%,7,3,10,15,5,"1,736","13,454",1,"100,000","98,264",Down,1,,"2,141",405,,1,,4,0,0,0,-,0,0,$8,$0.00,$0.00,12,35,0,https://www.tiktok.com/@meanmike.music
103,7359135589712560133,silvershadowmark,GO,-1,40,@silvershadowmark,,DYLAN,58,Y,1.00,3,106%,7,4,10,15,5,"4,636","35,929",1,"100,000","95,364",Down,1,,"42,398","41,534","32,996",3,3,21,"40,750","20,000","20,750",-,0,0,$21,$0.00,$0.00,18,70,0,https://www.tiktok.com/@silvershadowmark
157,7646141624510136334,enimat3_dub,GO,-1,6,@voyd0750,Music,DYLAN + JOE,4,Y,1.00,1,35%,7,6,1,15,14,"1,120","8,680",1,"100,000","98,880",Down,1,,"3,397","2,927","1,198",-1,-1,1,0,0,0,-,0,0,$5,$0.00,$0.00,8,20,0,https://www.tiktok.com/@enimat3_dub
126,7676267931134738446,kenzbraums,GO,-1,3,,,LEVI,8,Y,1.00,2,70%,7,5,9,15,6,"2,575","19,956",1,"100,000","97,425",Down,1,,"11,399","15,874","12,476",5,5,30,0,0,0,1x,0,0,$12,$0.00,$0.00,22,90,0,https://www.tiktok.com/@kenzbraums
158,7636081851857321998,imjaydenedwardss,GO,-1,6,@twitchimjaydenedwardss,,DYLAN,162,Y,1.00,2,70%,7,5,4,15,11,"1,111","8,610",1,"100,000","98,889",Down,1,,"4,010","3,043","2,155",1,1,6,0,0,0,-,0,0,$5,$0.00,$0.00,12,35,0,https://www.tiktok.com/@imjaydenedwardss
119,7592009074502451213,clovonet02,GO,-1,10,@clovonet8977,Gaming,LEVI,12,Y,1.00,4,141%,7,3,16,15,-1,"3,241","25,118",1,"200,000","196,759",Down,2,RU,"112,787","113,711","74,027",5,5,39,0,0,0,1x,0,0,$15,$0.00,$0.00,22,90,0,https://www.tiktok.com/@clovonet02
166,7396274276959174672,cosmictay13,GO,-1,6,@cosmictay13,Gaming,DYLAN + BRYTON,1,Y,1.00,2,70%,7,5,3,15,12,915,"7,091",1,"100,000","99,085",Down,1,,"51,521","57,654","36,463",4,4,26,"3,000","3,000",0,-,0,0,$4,$0.00,$0.00,22,90,0,https://www.tiktok.com/@cosmictay13
19,7359134574070398981,sierralandasmr,GO,-1,53,@sierralandasmr,"ASMR, Music",LEVI,37,Y,1.00,3,106%,7,4,6,15,9,"100,954","782,394",2,"1,000,000","899,046",Down,5,,"539,886","615,430","724,513",3,2,50,"700,475","627,400",75,1x,75,0,$454,$0.00,$0.00,18,70,0,https://www.tiktok.com/@sierralandasmr
81,7359135444145274886,srt.berner420,GO,-1,41,@itsme261,,DYLAN,35,Y,1.00,1,35%,7,6,2,15,13,"10,076","78,089",1,"100,000","89,924",Down,1,,"21,039","13,650","3,818",0,-1,2,"6,250",0,"6,250",-,0,0,$45,$0.00,$0.00,8,20,0,https://www.tiktok.com/@srt.berner420
134,7478580508411084801,auesomemomma1,GO,-1,10,@auesomemoma,,DYLAN,3,Y,1.00,2,70%,7,5,2,15,13,"2,037","15,787",1,"100,000","97,963",Down,1,,"2,037",0,464,-1,-1,1,0,0,0,-,0,0,$9,$0.00,$0.00,8,20,0,https://www.tiktok.com/@auesomemomma1
169,7483247953637916688,montanafougere,GO,-1,20,,,N/A,4,Y,1.00,1,35%,7,6,2,15,13,847,"6,564",1,"100,000","99,153",Down,1,,849,5,731,-1,-1,0,0,0,0,-,0,0,$4,$0.00,$0.00,8,20,0,https://www.tiktok.com/@montanafougere
174,7647686580974632973,gensters_,GO,-1,5,@gensters,Gaming,DYLAN,0,Y,1.00,1,35%,7,6,2,15,13,700,"5,425",1,"100,000","99,300",Down,1,,"1,002",302,4,1,-1,3,0,0,0,-,0,0,$3,$0.00,$0.00,12,35,0,https://www.tiktok.com/@gensters_
99,7510767609743343632,arivassallo914,GO,-1,17,@lasirena9149471,Gaming,DYLAN + SVEN,2,Y,1.00,3,106%,7,4,6,15,9,"5,139","39,827",1,"100,000","94,861",Down,1,,"45,474","41,354","57,534",3,2,19,0,0,0,-,0,0,$23,$0.00,$0.00,18,70,0,https://www.tiktok.com/@arivassallo914
153,7620003149398458382,foreverinoregon,GO,-1,8,@foreverinoregon,,DYLAN,70,Y,1.00,3,106%,7,4,4,15,11,"1,264","9,796",1,"100,000","98,736",Down,1,,"10,875","10,408","14,427",1,1,6,0,0,0,-,0,0,$6,$0.00,$0.00,12,35,0,https://www.tiktok.com/@foreverinoregon
131,7577930487646306318,lancektyree,GO,-1,9,@lancek.tyree,Music,LEVI + SKYLER,108,Y,1.00,4,141%,7,3,24,15,-9,"2,274","17,624",1,"100,000","97,726",Down,1,,"18,379","17,591","20,484",5,5,30,0,0,0,1x,0,0,$10,$0.00,$0.00,22,90,0,https://www.tiktok.com/@lancektyree
94,7626542515704840205,untvldofficial,GO,-1,7,@untvld,Music,DYLAN + JOE,81,Y,1.00,3,106%,7,4,6,15,9,"6,319","48,972",1,"100,000","93,681",Down,1,,"35,818","34,472","49,725",2,2,15,0,0,0,-,0,0,$28,$0.00,$0.00,15,50,0,https://www.tiktok.com/@untvldofficial
156,7473189073168121873,bridgetryan,GO,-1,21,@bridget0274,,DYLAN,9,Y,1.00,0,0%,7,7,1,15,14,"1,127","8,734",1,"200,000","198,873",Down,2,,"164,488","177,726","101,004",0,1,16,"15,000","15,000",0,-,0,0,$5,$0.00,$0.00,8,20,0,https://www.tiktok.com/@bridgetryan
165,7563762554611417101,thatbrokeguy2024,GO,-1,13,@dmfjmoney2023,,DYLAN + BRYTON,0,Y,1.00,0,0%,7,7,0,15,15,964,"7,471",1,"100,000","99,036",Down,1,,"29,995","33,918","27,402",0,0,3,0,0,0,-,0,0,$4,$0.00,$0.00,8,20,0,https://www.tiktok.com/@thatbrokeguy2024
130,7549665746826281015,kimberlyisabelle0,GO,-1,14,@kimbroroberts,,LEVI,40,Y,1.00,4,141%,7,3,5,15,10,"2,351","18,220",1,"200,000","197,649",Down,2,,"112,087","122,609","126,873",5,5,41,"2,000",0,"2,000",1x,"2,000",0,$11,$0.00,$0.00,22,90,0,https://www.tiktok.com/@kimberlyisabelle0
144,7689289240919719949,hypotheticallyspeakingtt,GO,-1,2,@hypothetically_speaking_tt,,DYLAN,29,Y,1.00,4,141%,7,3,9,15,6,"1,608","12,462",1,"100,000","98,392",Down,1,,"1,863",255,,0,,2,0,0,0,-,0,0,$7,$0.00,$0.00,8,20,0,https://www.tiktok.com/@hypotheticallyspeakingtt
110,7359136233764716549,stephanie197222,GO,-1,7,@stephanie197222,,DYLAN,14,Y,1.00,4,141%,7,3,6,15,9,"4,091","31,705",1,"100,000","95,909",Down,1,,"9,333","6,545","19,937",2,3,15,0,0,0,-,0,0,$18,$0.00,$0.00,15,50,0,https://www.tiktok.com/@stephanie197222
176,7660931326555602958,ishekyah,GO,-1,4,,Gaming,DYLAN,19,Y,1.00,3,106%,7,4,15,15,0,628,"4,867",1,"100,000","99,372",Down,1,,"7,582","8,001","8,659",4,4,23,0,0,0,-,0,0,$3,$0.00,$0.00,22,90,0,https://www.tiktok.com/@ishekyah
148,7359135361911652357,shelbyjo89,GO,-1,42,@shelbyjo89,,DYLAN,11,Y,1.00,3,106%,7,4,11,15,4,"1,362","10,556",1,"100,000","98,638",Down,1,,"13,370","16,476","65,843",4,4,26,0,0,0,-,0,0,$6,$0.00,$0.00,22,90,0,https://www.tiktok.com/@shelbyjo89
172,7631723325869375501,myfri3ndlogan,GO,-1,7,@singinman,Music,DYLAN + SKYLER,7,Y,1.00,2,70%,7,5,5,15,10,745,"5,774",1,"100,000","99,255",Down,1,,"1,756","1,457","1,494",-1,1,2,0,0,0,-,0,0,$3,$0.00,$0.00,8,20,0,https://www.tiktok.com/@myfri3ndlogan
192,7513023387602829313,wildstarr1,GO,-1,12,@envision118795,,N/A,10,Y,1.00,0,0%,7,7,1,15,14,326,"2,527",1,"100,000","99,674",Down,1,,775,482,"1,124",-1,-1,0,0,0,0,-,0,0,$1,$0.00,$0.00,8,20,0,https://www.tiktok.com/@wildstarr1
195,7542994340252008462,destany717,GO,-1,15,,,N/A,389,Y,1.00,1,35%,7,6,1,15,14,308,"2,387",1,"100,000","99,692",Down,1,,"1,768","1,478","4,404",-1,-1,0,0,0,0,-,0,0,$1,$0.00,$0.00,8,20,0,https://www.tiktok.com/@destany717
135,7665169734207488013,distractidad,GO,-1,4,@distractidad,,DYLAN,21,Y,1.00,3,106%,7,4,4,15,11,"2,022","15,671",1,"100,000","97,978",Down,1,,"8,370","6,528",687,0,1,4,"4,000","4,000",0,-,0,0,$9,$0.00,$0.00,8,20,0,https://www.tiktok.com/@distractidad
181,7680088477328982029,mia.bellow,GO,-1,3,,,DYLAN,10,Y,1.00,1,35%,7,6,1,15,14,546,"4,232",1,"100,000","99,454",Down,1,,"21,166","22,944",0,3,-1,10,0,0,0,-,0,0,$2,$0.00,$0.00,18,70,0,https://www.tiktok.com/@mia.bellow
184,7640257910014099469,sparkysinn,GO,-1,6,@sparkysinn,Music,DYLAN + SKYLER,125,Y,1.00,4,141%,7,3,19,15,-4,468,"3,627",1,"100,000","99,532",Down,1,,"4,422","4,212","17,007",3,5,23,0,0,0,-,0,0,$2,$0.00,$0.00,18,70,0,https://www.tiktok.com/@sparkysinn
128,7563186369477263415,ursetchra,GO,-1,7,@setchra,,LEVI,283,Y,1.00,4,141%,7,3,23,15,-8,"2,442","18,926",1,"100,000","97,558",Down,1,,"22,607","20,873","17,207",5,5,31,0,0,0,1x,0,0,$11,$0.00,$0.00,22,90,0,https://www.tiktok.com/@ursetchra
198,7657678843473608717,its_faris_issam,GO,-1,4,@faris7__77,,N/A,26,Y,1.00,1,35%,7,6,2,15,13,278,"2,155",1,"100,000","99,722",Down,1,,593,330,254,-1,-1,0,0,0,0,-,0,0,$1,$0.00,$0.00,8,20,0,https://www.tiktok.com/@its_faris_issam
129,7359135028791771142,mortgagemagicmike,GO,-1,45,@mortgagemagicmike,,DYLAN,0,Y,1.00,0,0%,7,7,1,15,14,"2,419","18,747",1,"100,000","97,581",Down,1,,"6,328","9,016","8,521",-1,-1,1,"1,500",0,"1,500",-,0,0,$11,$0.00,$0.00,8,20,0,https://www.tiktok.com/@mortgagemagicmike
175,7403953558330032145,annaaweartist,GO,-1,27,@annaaweartist,Music,DYLAN,4,Y,1.00,0,0%,7,7,0,15,15,631,"4,890",1,"100,000","99,369",Down,1,,"37,375","36,744",275,1,-1,4,"56,700","54,200","2,500",-,0,0,$3,$0.00,$0.00,12,35,0,https://www.tiktok.com/@annaaweartist
150,7364134731081924609,modern_ragnar_1.0,GO,-1,30,@modernragnar,Gaming,DYLAN,5,Y,1.00,3,106%,7,4,8,15,7,"1,331","10,315",1,"100,000","98,669",Down,1,,"19,397","20,012","33,810",3,5,26,0,0,0,-,0,0,$6,$0.00,$0.00,18,70,0,https://www.tiktok.com/@modern_ragnar_1.0
208,7570175504641474574,foolishondemkeyz,GO,-1,12,@foofoo29.,Music,DYLAN + TRE,11,Y,1.00,1,35%,7,6,2,15,13,229,"1,775",1,"100,000","99,771",Down,1,,"22,005","21,947","14,393",-1,3,9,"5,000",0,"5,000",-,0,0,$1,$0.00,$0.00,8,20,0,https://www.tiktok.com/@foolishondemkeyz
207,7567822393935380494,the_greekbeast,GO,-1,12,@thegreekbeast514,,DYLAN + JOE,15,Y,1.00,0,0%,7,7,2,15,13,234,"1,814",1,"300,000","299,766",Down,3,RU,"209,438","225,204","9,804",4,-1,26,"37,000","27,000","10,000",-,0,0,$1,$0.00,$0.00,22,90,0,https://www.tiktok.com/@the_greekbeast
151,7359137865995091974,sirenof_thestars,GO,-1,34,@siren_ofthe_stars,,DYLAN,0,Y,1.00,0,0%,7,7,1,15,14,"1,319","10,222",1,"100,000","98,681",Down,1,,"25,022","27,721","46,970",0,1,7,"13,400",0,"10,400",-,0,0,$6,$0.00,$0.00,8,20,0,https://www.tiktok.com/@sirenof_thestars
206,7579888747987320845,_iamchilly,GO,-1,8,@_iamchilly,Music,DYLAN + SKYLER,8,Y,1.00,3,106%,7,4,5,15,10,239,"1,852",1,"100,000","99,761",Down,1,,424,227,"1,599",-1,1,2,0,0,0,-,0,0,$1,$0.00,$0.00,8,20,0,https://www.tiktok.com/@_iamchilly
215,7545378723072163853,puppygirlreason,GO,-1,7,@jadexo_3232,Gaming,DYLAN,17,Y,1.00,0,0%,7,7,0,15,15,181,"1,403",1,"100,000","99,819",Down,1,,"3,805","14,488","25,757",-1,0,1,0,0,0,-,0,0,$1,$0.00,$0.00,8,20,0,https://www.tiktok.com/@puppygirlreason
218,7423567910435635217,xx_destmarie,GO,-1,12,@destmarie25,,DYLAN,26,Y,1.00,1,35%,7,6,1,15,14,169,"1,310",1,"100,000","99,831",Down,1,,"56,304","59,271","226,522",-1,1,14,0,0,0,-,0,0,$1,$0.00,$0.00,8,20,0,https://www.tiktok.com/@xx_destmarie
219,7567782370775056398,gciministries,GO,-1,3,,,DYLAN,21,Y,1.00,1,35%,7,6,1,15,14,166,"1,287",1,"100,000","99,834",Down,1,,"1,457","1,305",272,0,-1,1,0,0,0,-,0,0,$1,$0.00,$0.00,8,20,0,https://www.tiktok.com/@gciministries
137,7612102618529185806,ajsrantroom,GO,-1,8,@ajsrantroom,,DYLAN,3,Y,1.00,1,35%,7,6,1,15,14,"1,878","14,555",1,"100,000","98,122",Down,1,,"34,794","33,875","114,213",1,2,14,"4,000","4,000",0,-,0,0,$8,$0.00,$0.00,12,35,0,https://www.tiktok.com/@ajsrantroom
152,7665667140518821902,dumb_n_poor,GO,-1,4,@dumb_n_poor,Gaming,DYLAN + NICO,43,Y,1.00,4,141%,7,3,15,15,0,"1,302","10,091",1,"100,000","98,698",Down,1,,"27,718","32,919","4,892",4,2,19,0,0,0,-,0,0,$6,$0.00,$0.00,22,90,0,https://www.tiktok.com/@dumb_n_poor
149,7467472515904831489,backwoodscaiden,GO,-1,21,@backwoodscaiden2025,Gaming,LEVI + BRYTON,9,Y,1.00,4,141%,7,3,11,15,4,"1,336","10,354",1,"100,000","98,664",Down,1,,"63,052","83,275","165,363",4,5,38,"22,000","26,000","-4,000",1x,0,0,$6,$0.00,$0.00,22,90,0,https://www.tiktok.com/@backwoodscaiden
199,7551882478378795063,jiuval_uvx,GO,-1,3,@jiuval_uvx,,DYLAN,30,Y,1.00,3,106%,7,4,12,15,3,272,"2,108",1,"100,000","99,728",Down,1,,"2,970","2,698",943,4,4,23,0,0,0,-,0,0,$1,$0.00,$0.00,22,90,0,https://www.tiktok.com/@jiuval_uvx
170,7398369743926804497,ryanrevard,GO,-1,27,@ryanrevard,,DYLAN,15,Y,1.00,0,0%,7,7,3,15,12,808,"6,262",1,"100,000","99,192",Down,1,,"11,397","12,286","5,621",1,-1,3,0,0,0,-,0,0,$4,$0.00,$0.00,12,35,0,https://www.tiktok.com/@ryanrevard
227,7671655139291381774,yelizwalkerr,GO,-1,3,,,N/A,6,Y,1.00,0,0%,7,7,1,15,14,133,"1,031",1,"100,000","99,867",Down,1,,256,123,0,-1,-1,0,0,0,0,-,0,0,$1,$0.00,$0.00,8,20,0,https://www.tiktok.com/@yelizwalkerr
178,7673933049645776910,elitegamer19930,GO,-1,3,@canadianking93,Gaming,DYLAN,31,Y,1.00,3,106%,7,4,10,15,5,594,"4,604",1,"100,000","99,406",Down,1,,"26,164","31,639","12,495",5,4,27,"8,000","8,000",0,-,0,0,$3,$0.00,$0.00,22,90,0,https://www.tiktok.com/@elitegamer19930
230,7680751031676026893,dresocrazy_,GO,-1,2,,,N/A,0,Y,1.00,0,0%,7,7,0,15,15,125,969,1,"100,000","99,875",Down,1,,752,627,,-1,,0,0,0,0,-,0,0,$1,$0.00,$0.00,8,20,0,https://www.tiktok.com/@dresocrazy_
132,7435830178007449617,its_gigi_babi,GO,-1,24,@gigi_babi,,LEVI,19,Y,1.00,3,106%,7,4,15,15,0,"2,234","17,314",1,"100,000","97,766",Down,1,,"28,020","28,558","15,570",5,5,31,0,0,0,1x,0,0,$10,$0.00,$0.00,22,90,0,https://www.tiktok.com/@its_gigi_babi
45,7445454453068546065,la_toxi.cat,GO,-1,2,@latoxicat,Gaming,DYLAN + ALLIE,60,Y,1.00,4,141%,7,3,12,15,3,"33,266","257,812",1,"200,000","166,734",Down,2,RU,"168,637","142,416",,5,,24,"22,000","22,000",0,-,0,0,$150,$0.00,$0.00,22,90,0,https://www.tiktok.com/@la_toxi.cat
146,7669296518402359310,giseletravels,GO,-1,2,@giseletravels,,DYLAN,279,Y,1.00,4,141%,7,3,8,15,7,"1,469","11,385",1,"100,000","98,531",Down,1,,"67,308","68,717",,2,,10,"3,000","3,000",0,-,0,0,$7,$0.00,$0.00,15,50,0,https://www.tiktok.com/@giseletravels
211,7359137818242908165,_west_000,GO,-1,6,@theofficialwestworld,Gaming,DYLAN + ALLIE,38,Y,1.00,4,141%,7,3,31,15,-16,225,"1,744",1,"100,000","99,775",Down,1,,"13,586","15,529","6,706",5,5,29,0,0,0,-,0,0,$1,$0.00,$0.00,22,90,0,https://www.tiktok.com/@_west_000
107,7363414198677979137,doseof.tayyy,GO,-1,31,@taylor.j.0127,,DYLAN,4,Y,1.00,4,141%,7,3,20,15,-5,"4,442","34,426",1,"100,000","95,558",Down,1,,"5,690","2,821","4,763",2,3,15,0,0,0,-,0,0,$20,$0.00,$0.00,15,50,0,https://www.tiktok.com/@doseof.tayyy
90,7687828617874817038,cowgirlmomma1992,GO,-1,2,@crazymom30,,DYLAN + BRANDON,22,Y,1.00,3,106%,7,4,6,15,9,"6,666","51,662",1,"100,000","93,334",Down,1,,"8,750","2,084",,0,,2,0,0,0,-,0,0,$30,$0.00,$0.00,8,20,0,https://www.tiktok.com/@cowgirlmomma1992
196,7460667880711995408,penny_carillo,GO,-1,22,@pennycarillo,,DYLAN,21,Y,1.00,2,70%,7,5,7,15,8,285,"2,209",1,"100,000","99,715",Down,1,,"3,375","3,120","6,967",3,1,11,"18,750",0,750,-,0,0,$1,$0.00,$0.00,18,70,0,https://www.tiktok.com/@penny_carillo
234,7401303186457444368,codenamekodi,GO,-1,27,@codenamekodi,,N/A,52,Y,1.00,1,35%,7,6,1,15,14,104,806,1,"100,000","99,896",Down,1,,"9,207","9,118","4,242",-1,-1,0,0,0,0,-,0,0,$0,$0.00,$0.00,8,20,0,https://www.tiktok.com/@codenamekodi
200,7480335399009746960,paulschofield_bass,GO,-1,20,@paulschofield.,Music,DYLAN + SVEN,158,Y,1.00,3,106%,7,4,4,15,11,270,"2,093",1,"100,000","99,730",Down,1,,822,667,606,1,1,5,"5,000",0,"5,000",-,0,0,$1,$0.00,$0.00,12,35,0,https://www.tiktok.com/@paulschofield_bass
229,7530802720979075085,exoticvibestt,GO,-1,2,@exoticvibestt,Gaming,DYLAN + AARON,2,Y,1.00,3,106%,7,4,9,15,6,126,977,1,"100,000","99,874",Down,1,,"2,860","2,734",,1,,3,0,0,0,-,0,0,$1,$0.00,$0.00,12,35,0,https://www.tiktok.com/@exoticvibestt
189,7606951480838569998,shawnoo4x,GO,-1,7,@shawnoo3x.,,N/A,3,Y,1.00,0,0%,7,7,1,15,14,385,"2,984",1,"100,000","99,615",Down,1,,"4,692","4,313","3,489",-1,-1,0,0,0,0,-,0,0,$2,$0.00,$0.00,8,20,0,https://www.tiktok.com/@shawnoo4x
221,7625705309243457549,mattwatersmusic,GO,-1,7,@mattwatersmusic,Music,DYLAN + SKYLER,7,Y,1.00,3,106%,7,4,7,15,8,159,"1,232",1,"100,000","99,841",Down,1,,"9,943","11,754","8,862",3,3,17,0,0,0,-,0,0,$1,$0.00,$0.00,18,70,0,https://www.tiktok.com/@mattwatersmusic
222,7598360367479439415,mariithonner,GO,-1,10,@sorriinotsorrii,,N/A,7,Y,1.00,2,70%,7,5,4,15,11,155,"1,201",1,"100,000","99,845",Down,1,,426,271,323,-1,-1,0,0,0,0,-,0,0,$1,$0.00,$0.00,8,20,0,https://www.tiktok.com/@mariithonner
253,7359135172404740102,james_dean82,GO,-1,43,@steven_dean.,,DYLAN,12,Y,1.00,0,0%,7,7,0,15,15,36,279,1,"100,000","99,964",Down,1,,"12,106","33,315","186,298",0,2,15,"9,975",0,"9,975",-,0,0,$0,$0.00,$0.00,8,20,0,https://www.tiktok.com/@james_dean82
167,7548574120376647694,sosefinaaah,GO,-1,14,,,DYLAN,10,Y,1.00,2,70%,7,5,20,15,-5,900,"6,975",1,"100,000","99,100",Down,1,,"13,748","15,400","14,049",4,5,26,0,0,0,-,0,0,$4,$0.00,$0.00,22,90,0,https://www.tiktok.com/@sosefinaaah
243,7359135160358567942,rahjaedadrummer,GO,-1,43,@rahjaeoffixiall,,N/A,0,Y,1.00,0,0%,7,7,0,15,15,66,512,1,"100,000","99,934",Down,1,,"1,372","1,306",0,-1,-1,0,0,0,0,-,0,0,$0,$0.00,$0.00,8,20,0,https://www.tiktok.com/@rahjaedadrummer
260,7437320426143055889,sunshinebloomed,GO,-1,24,@thederrrtygirl,Music,N/A,1,Y,1.00,1,35%,7,6,1,15,14,28,217,1,"100,000","99,972",Down,1,,"6,729","6,701",388,-1,-1,0,0,0,"-45,000",-,0,0,$0,$0.00,$0.00,8,20,0,https://www.tiktok.com/@sunshinebloomed
145,7582956443989524535,johnstonecountry,GO,-1,11,@johnstonecountry,,DYLAN + DYLAN,83,Y,1.00,3,106%,7,4,11,15,4,"1,534","11,889",1,"100,000","98,466",Down,1,,"1,695",318,"3,094",2,1,9,0,0,0,-,0,0,$7,$0.00,$0.00,15,50,0,https://www.tiktok.com/@johnstonecountry
161,7410389829596430353,nerdywinter,GO,-1,2,@quietnerdgirl,,DYLAN + AARON,4,Y,1.00,2,70%,7,5,2,15,13,"1,026","7,952",1,"100,000","98,974",Down,1,,"7,860","6,834",,1,,4,0,0,0,-,0,0,$5,$0.00,$0.00,12,35,0,https://www.tiktok.com/@nerdywinter
247,7611963157363572750,gentryblue,GO,-1,8,@gentry.blue,Music,DYLAN,2,Y,1.00,2,70%,7,5,6,15,9,53,411,1,"100,000","99,947",Down,1,,53,0,0,-1,-1,0,0,0,0,-,0,0,$0,$0.00,$0.00,8,20,0,https://www.tiktok.com/@gentryblue
210,7443598415260401680,1250dream,GO,-1,23,@genx76,Gaming,N/A,0,Y,1.00,0,0%,7,7,0,15,15,228,"1,767",1,"100,000","99,772",Down,1,,"3,018","3,129","2,296",-1,-1,0,0,0,0,-,0,0,$1,$0.00,$0.00,8,20,0,https://www.tiktok.com/@1250dream
213,7683338862300184590,laurlovesuuu,GO,-1,2,,,DYLAN,33,Y,1.00,2,70%,7,5,3,15,12,222,"1,721",1,"100,000","99,778",Down,1,,"10,411","10,189",,1,,3,0,0,0,-,0,0,$1,$0.00,$0.00,12,35,0,https://www.tiktok.com/@laurlovesuuu
239,7370643117634224145,beautiful_soul_25,GO,-1,24,@queen_nala_,,DYLAN,0,Y,1.00,0,0%,7,7,0,15,15,83,643,1,"100,000","99,917",Down,1,,"4,632","9,085","19,698",1,3,11,"2,000",0,0,-,0,0,$0,$0.00,$0.00,12,35,0,https://www.tiktok.com/@beautiful_soul_25
120,7690666830481965069,banggtheory,GO,-1,2,,,DYLAN,17,Y,1.00,2,70%,7,5,7,15,8,"3,070","23,793",1,"200,000","196,930",Down,2,,"14,946","11,876",,4,,13,0,0,0,-,0,0,$14,$0.00,$0.00,22,90,0,https://www.tiktok.com/@banggtheory
193,7552939326489903118,daethaabratt,GO,-1,14,,,DYLAN,37,Y,1.00,2,70%,7,5,5,15,10,316,"2,449",1,"100,000","99,684",Down,1,,"2,867","2,552","3,724",1,2,8,0,0,0,-,0,0,$1,$0.00,$0.00,12,35,0,https://www.tiktok.com/@daethaabratt
214,7359137045358510085,reena.baby.kay,GO,-1,3,@reena.baby,,DYLAN,10,Y,1.00,3,106%,7,4,7,15,8,220,"1,705",1,"100,000","99,780",Down,1,,"1,872","2,236","1,402",1,-1,3,0,0,0,-,0,0,$1,$0.00,$0.00,12,35,0,https://www.tiktok.com/@reena.baby.kay
201,7359135918558576646,amyluwho982,GO,-1,27,@amyluberry,,DYLAN,4,Y,1.00,2,70%,7,5,4,15,11,269,"2,085",1,"100,000","99,731",Down,1,,"1,924","1,671","2,313",2,1,8,"18,500","19,000",-500,-,0,0,$1,$0.00,$0.00,15,50,0,https://www.tiktok.com/@amyluwho982
226,7444829624510529537,monanightmare,GO,-1,23,@monanightmare,,DYLAN,6,Y,1.00,3,106%,7,4,5,15,10,136,"1,054",1,"100,000","99,864",Down,1,,"1,477","1,597","4,955",1,3,11,0,0,0,-,0,0,$1,$0.00,$0.00,12,35,0,https://www.tiktok.com/@monanightmare
248,7645315919052390414,ghostsniper504,GO,-1,6,@ghostsniper5043795,Gaming,DYLAN + ALLIE,9,Y,1.00,1,35%,7,6,2,15,13,53,411,1,"100,000","99,947",Down,1,,"13,029","13,785","15,057",3,5,23,0,0,0,-,0,0,$0,$0.00,$0.00,18,70,0,https://www.tiktok.com/@ghostsniper504
186,7359139194351976453,mattdd1984,GO,-1,13,@mattdd1984,,N/A,0,Y,1.00,0,0%,7,7,0,15,15,435,"3,371",1,"100,000","99,565",Down,1,,"3,548","3,627","5,275",-1,-1,0,0,0,0,-,0,0,$2,$0.00,$0.00,8,20,0,https://www.tiktok.com/@mattdd1984
275,7359135646847598597,djunieq,GO,-1,8,@djunieq,Music,SKYLER,0,Y,1.00,1,35%,7,6,2,15,13,11,85,1,"100,000","99,989",Down,1,,"1,021","1,559","3,222",-1,-1,0,0,0,0,-,0,0,$0,$0.00,$0.00,8,20,0,https://www.tiktok.com/@djunieq
187,7423558659491381249,amysalcedo5,GO,-1,10,@amy070169,,DYLAN + JOE,14,Y,1.00,0,0%,7,7,2,15,13,433,"3,356",1,"100,000","99,567",Down,1,,"5,018","5,948","26,332",0,-1,2,0,0,0,-,0,0,$2,$0.00,$0.00,8,20,0,https://www.tiktok.com/@amysalcedo5
261,7488407886146830337,mecheware1959,GO,-1,19,@mecheware,,DYLAN + SVEN,0,Y,1.00,2,70%,7,5,2,15,13,28,217,1,"100,000","99,972",Down,1,,614,653,"2,677",2,4,17,0,0,0,-,0,0,$0,$0.00,$0.00,15,50,0,https://www.tiktok.com/@mecheware1959
232,7619326792062746637,wild_sunflower262,GO,-1,8,@wild_cuntryqueen,,N/A,0,Y,1.00,0,0%,7,7,0,15,15,109,845,1,"100,000","99,891",Down,1,,502,455,"1,769",-1,-1,0,0,0,0,-,0,0,$0,$0.00,$0.00,8,20,0,https://www.tiktok.com/@wild_sunflower262
283,7663984584186707981,sheyelizabeth,GO,-1,4,@sheyelizabeth,Gaming,DYLAN,1,Y,1.00,3,106%,7,4,6,15,9,8,62,1,"100,000","99,992",Down,1,,459,451,"2,576",0,1,3,0,0,0,-,0,0,$0,$0.00,$0.00,8,20,0,https://www.tiktok.com/@sheyelizabeth
278,7482600487326547985,cavaliercoons,GO,-1,3,@draxthesquirrel_23935,,N/A,14,Y,1.00,0,0%,7,7,0,15,15,10,78,1,"100,000","99,990",Down,1,,397,440,286,-1,-1,0,0,0,0,-,0,0,$0,$0.00,$0.00,8,20,0,https://www.tiktok.com/@cavaliercoons
285,7652071002762919950,kinggwilliamss,GO,-1,5,,,N/A,1,Y,1.00,1,35%,7,6,2,15,13,7,54,1,"100,000","99,993",Down,1,,49,42,9,-1,-1,0,0,0,0,-,0,0,$0,$0.00,$0.00,8,20,0,https://www.tiktok.com/@kinggwilliamss
288,7642902214238846989,courtlove216,GO,-1,6,@courtlove216,,BRYTON,1,Y,1.00,0,0%,7,7,0,15,15,6,47,1,"100,000","99,994",Down,1,,207,203,"1,213",-1,-1,0,0,0,0,-,0,0,$0,$0.00,$0.00,8,20,0,https://www.tiktok.com/@courtlove216
154,7499449241077678081,paulinna.vibes,GO,-1,3,@paulinna.vibes,,DYLAN + BRANDON,4,Y,1.00,3,106%,7,4,8,15,7,"1,195","9,261",1,"100,000","98,805",Down,1,,"35,284","47,224","34,279",2,2,15,"39,000","39,000",0,-,0,0,$5,$0.00,$0.00,15,50,0,https://www.tiktok.com/@paulinna.vibes
209,7433137488866164753,iluvgg_,GO,-1,24,@iluvgg_,,DYLAN,2,Y,1.00,0,0%,7,7,0,15,15,229,"1,775",1,"100,000","99,771",Down,1,,"9,585","9,879","45,982",-1,1,4,0,0,0,-,0,0,$1,$0.00,$0.00,8,20,0,https://www.tiktok.com/@iluvgg_
263,7660310721586282510,mxchiiszn,GO,-1,4,@stunnagurlll,,N/A,1,Y,1.00,1,35%,7,6,1,15,14,22,171,1,"100,000","99,978",Down,1,,555,536,"1,110",-1,-1,0,0,0,0,-,0,0,$0,$0.00,$0.00,8,20,0,https://www.tiktok.com/@mxchiiszn
281,7507053838655078417,mrsbryan27,GO,-1,18,@beccabryan,,DYLAN,21,Y,1.00,2,70%,7,5,5,15,10,9,70,1,"100,000","99,991",Down,1,,50,41,158,-1,2,5,0,0,0,-,0,0,$0,$0.00,$0.00,8,20,0,https://www.tiktok.com/@mrsbryan27
294,7682849832985444365,juggtheproblem,GO,-1,2,,Gaming,N/A,1,Y,1.00,0,0%,7,7,0,15,15,3,23,1,"100,000","99,997",Down,1,,"3,692","3,689",,-1,,0,0,0,0,-,0,0,$0,$0.00,$0.00,8,20,0,https://www.tiktok.com/@juggtheproblem
265,7681091556828495885,keepiiingupwithdakota,GO,-1,2,,,N/A,11,Y,1.00,2,70%,7,5,3,15,12,17,132,1,"100,000","99,983",Down,1,,187,190,,-1,,0,0,0,0,-,0,0,$0,$0.00,$0.00,8,20,0,https://www.tiktok.com/@keepiiingupwithdakota
225,7642141035078107149,im_annabananaaa,GO,-1,6,@im_annabananaaa,Gaming,N/A,7,Y,1.00,1,35%,7,6,3,15,12,139,"1,077",1,"100,000","99,861",Down,1,,146,10,182,-1,-1,0,100,100,0,-,0,0,$1,$0.00,$0.00,8,20,0,https://www.tiktok.com/@im_annabananaaa
177,7511906308241653776,moti0n444,GO,-1,2,@isaac_m0ti0n,Gaming,DYLAN + ALLIE,2,Y,1.00,4,141%,7,3,11,15,4,609,"4,720",1,"100,000","99,391",Down,1,,"21,805","21,519",,5,,16,0,0,0,-,0,0,$3,$0.00,$0.00,22,90,0,https://www.tiktok.com/@moti0n444
236,7507826762513154064,natures_kill,GO,-1,18,@vonature,Gaming,DYLAN,4,Y,1.00,4,141%,7,3,22,15,-7,103,798,1,"100,000","99,897",Down,1,,"1,715","1,612",149,3,5,23,0,0,0,-,0,0,$0,$0.00,$0.00,18,70,0,https://www.tiktok.com/@natures_kill
238,7505940930571059217,codm_cyber,GO,-1,2,@codm_cyber,,DYLAN + DYLAN,15,Y,1.00,2,70%,7,5,8,15,7,88,682,1,"100,000","99,912",Down,1,,"1,411","1,323",,2,,6,0,0,0,-,0,0,$0,$0.00,$0.00,15,50,0,https://www.tiktok.com/@codm_cyber
270,7665471750477463565,lovenddrgs,GO,-1,4,@lani065951,Gaming,DYLAN,12,Y,1.00,2,70%,7,5,6,15,9,14,109,1,"100,000","99,986",Down,1,,412,883,"5,750",3,2,14,0,0,0,-,0,0,$0,$0.00,$0.00,18,70,0,https://www.tiktok.com/@lovenddrgs
297,7490726688108724241,jjreefs,GO,-1,19,,,DYLAN,0,Y,1.00,0,0%,7,7,0,15,15,2,16,1,"100,000","99,998",Down,1,,508,518,"1,005",0,-1,1,0,0,0,-,0,0,$0,$0.00,$0.00,8,20,0,https://www.tiktok.com/@jjreefs
298,7655487159771643918,owenverschoore,GO,-1,5,,,DYLAN,4,Y,1.00,0,0%,7,7,0,15,15,2,16,1,"100,000","99,998",Down,1,,30,60,281,0,1,3,0,0,0,-,0,0,$0,$0.00,$0.00,8,20,0,https://www.tiktok.com/@owenverschoore
302,7672555885516013581,fearbonzi,GO,-1,3,,,DYLAN,20,Y,1.00,1,35%,7,6,3,15,12,2,16,1,"100,000","99,998",Down,1,,34,36,375,1,2,8,0,0,0,-,0,0,$0,$0.00,$0.00,12,35,0,https://www.tiktok.com/@fearbonzi
300,7457781689205669905,leo_notdicapri0,GO,-1,22,@leo_notdicaprio_73283,,COLTON,0,Y,1.00,0,0%,7,7,0,15,15,2,16,1,"100,000","99,998",Down,1,,2,0,26,-1,-1,0,"21,000","25,000","-4,000",-,0,0,$0,$0.00,$0.00,8,20,0,https://www.tiktok.com/@leo_notdicapri0
305,7648136231473332237,jacks0npruitt,GO,-1,5,@jacks0npruitt,Athlete,DYLAN + HIRAM,4,Y,1.00,1,35%,7,6,1,15,14,1,8,1,"100,000","99,999",Down,1,,"47,119","47,118","67,853",-1,1,6,"68,000","68,000",0,-,0,0,$0,$0.00,$0.00,8,20,0,https://www.tiktok.com/@jacks0npruitt
138,7681840591965110285,hayytastic7,GO,-1,2,@haleigh_isbell,,DYLAN,81,Y,1.00,3,106%,7,4,9,15,6,"1,772","13,733",1,"100,000","98,228",Down,1,,"5,742","3,970",,2,,7,0,0,0,-,0,0,$8,$0.00,$0.00,15,50,0,https://www.tiktok.com/@hayytastic7
306,7650566066774491149,luvr.angelina,GO,-1,5,@angelinav0022,Athlete,DYLAN,0,Y,1.00,0,0%,7,7,0,15,15,1,8,1,"100,000","99,999",Down,1,,"3,475","3,474","29,407",-1,1,3,0,0,0,-,0,0,$0,$0.00,$0.00,8,20,0,https://www.tiktok.com/@luvr.angelina
266,7663544846753349645,t.tameraa4,GO,-1,4,,,DYLAN,2,Y,1.00,4,141%,7,3,14,15,1,17,132,1,"100,000","99,983",Down,1,,"2,021","2,006","3,466",1,4,14,0,0,0,-,0,0,$0,$0.00,$0.00,12,35,0,https://www.tiktok.com/@t.tameraa4
246,7650045535331860493,jean_game369,GO,-1,5,@jean1406_,Gaming,DYLAN,82,Y,1.00,3,106%,7,4,9,15,6,55,426,1,"100,000","99,945",Down,1,,"1,342","1,723","2,276",3,4,20,0,0,0,-,0,0,$0,$0.00,$0.00,18,70,0,https://www.tiktok.com/@jean_game369
320,7667249858344042509,iyalay14,GO,-1,4,,,DYLAN,2,Y,1.00,0,0%,7,7,1,15,14,1,8,1,"100,000","99,999",Down,1,,645,644,"2,763",-1,1,2,0,0,0,-,0,0,$0,$0.00,$0.00,8,20,0,https://www.tiktok.com/@iyalay14
314,7672850076074786829,docteurlove,GO,-1,3,,,DYLAN,0,Y,1.00,1,35%,7,6,1,15,14,1,8,1,"100,000","99,999",Down,1,,526,525,"1,120",-1,1,2,0,0,0,-,0,0,$0,$0.00,$0.00,8,20,0,https://www.tiktok.com/@docteurlove
223,7428827003555414033,erinharri54,GO,-1,6,@dimples2147.,,DYLAN,9,Y,1.00,3,106%,7,4,14,15,1,154,"1,194",1,"100,000","99,846",Down,1,,455,301,612,1,1,5,0,0,0,-,0,0,$1,$0.00,$0.00,12,35,0,https://www.tiktok.com/@erinharri54
309,7566296221736845367,crystalcrist.author,GO,-1,13,@crystalcrist.author,,N/A,0,Y,1.00,0,0%,7,7,0,15,15,1,8,1,"100,000","99,999",Down,1,,90,93,729,-1,-1,0,0,0,0,-,0,0,$0,$0.00,$0.00,8,20,0,https://www.tiktok.com/@crystalcrist.author
290,7655114178356723725,true2fit_,GO,-1,5,,,DYLAN + SKYLER,23,Y,1.00,1,35%,7,6,2,15,13,5,39,1,"100,000","99,995",Down,1,,25,23,69,1,1,5,0,0,0,-,0,0,$0,$0.00,$0.00,12,35,0,https://www.tiktok.com/@true2fit_
315,7398692075157504001,yiangie_,GO,-1,3,@yiangie,,DYLAN,0,Y,1.00,0,0%,7,7,0,15,15,1,8,1,"100,000","99,999",Down,1,,13,12,3,1,-1,3,0,0,0,-,0,0,$0,$0.00,$0.00,12,35,0,https://www.tiktok.com/@yiangie_
313,7675298583641341966,shamarclarke1997,GO,-1,3,,,N/A,1,Y,1.00,2,70%,7,5,4,15,11,1,8,1,"100,000","99,999",Down,1,,11,10,17,-1,-1,0,0,0,0,-,0,0,$0,$0.00,$0.00,8,20,0,https://www.tiktok.com/@shamarclarke1997
249,7690662540258607118,inkynessas2000,GO,-1,2,,,N/A,8,Y,1.00,4,141%,7,3,10,15,5,48,372,1,"100,000","99,952",Down,1,,48,0,,-1,,0,0,0,0,-,0,0,$0,$0.00,$0.00,8,20,0,https://www.tiktok.com/@inkynessas2000
320,7691358603264966670,smokey.amv,GO,-1,2,@smokey999.,,N/A,2,Y,1.00,0,0%,7,7,0,15,15,1,8,1,"100,000","99,999",Down,1,,1,0,,-1,,0,0,0,0,-,0,0,$0,$0.00,$0.00,8,20,0,https://www.tiktok.com/@smokey.amv
320,7691313305092096013,playboyl24,GO,-1,2,,,N/A,11,Y,1.00,1,35%,7,6,2,15,13,1,8,1,"100,000","99,999",Down,1,,1,0,,-1,,0,0,0,0,-,0,0,$0,$0.00,$0.00,8,20,0,https://www.tiktok.com/@playboyl24
15,7359134961959632902,thecyrilia,GO,-1,46,@thecyrilia,Music,LEVI,114,Y,1.00,2,70%,7,5,5,15,10,"110,784","858,576",2,"3,000,000","2,889,216",Down,7,RU,"1,628,917","1,718,874","1,033,307",3,3,68,"1,002,850","987,850","15,000",1x,"15,000",0,$499,$0.00,$0.00,18,70,0,https://www.tiktok.com/@thecyrilia
5,7558760842850746382,sarahegant,GO,-1,13,@sarahegant,,MARCO,573,Y,1.00,2,70%,7,5,12,15,3,"296,691","2,299,355",3,"1,600,000","1,303,309",Down,6,,"1,602,406","1,438,919","2,030,463",4,5,81,"312,000","274,000","38,000",1x,"38,000",0,"$1,335",$0.00,$0.00,22,90,0,https://www.tiktok.com/@sarahegant
67,7359135407352610822,burnt.tatertot,GO,-1,41,@burnt.tatertot,Gaming,MARCO,5,Y,1.00,1,35%,7,6,1,15,14,"16,915","131,091",1,"1,600,000","1,583,085",Down,6,,"1,252,768","1,368,003","1,843,052",5,5,72,"138,000","128,000","10,000",1x,"10,000",0,$76,$0.00,$0.00,22,90,0,https://www.tiktok.com/@burnt.tatertot
68,7359134572702957574,jayden_egg,GO,-1,54,@smileegg.,Gaming,LEVI,4,Y,1.00,2,70%,7,5,2,15,13,"14,821","114,863",1,"1,000,000","985,179",Down,5,,"800,223","979,770","1,016,695",5,5,68,"463,000","463,000",0,1x,0,0,$67,$0.00,$0.00,22,90,0,https://www.tiktok.com/@jayden_egg
70,7359135322615185413,aaronhunt30,GO,-1,42,@aaronhunt30,,LEVI,9,Y,1.00,1,35%,7,6,1,15,14,"14,195","110,011",1,"1,000,000","985,805",Down,5,,"827,665","948,664","1,031,618",3,4,59,"384,250","384,250",0,1x,0,0,$64,$0.00,$0.00,18,70,0,https://www.tiktok.com/@aaronhunt30
43,7664225152099434510,aubrynmusic,GO,-1,4,@aubrynmusic,Music,LEVI + SKYLER,22,Y,1.00,2,70%,7,5,4,15,11,"36,753","284,836",1,"1,000,000","963,247",Down,5,RU,"705,546","728,684","257,115",2,2,43,"142,000","127,000","15,000",1x,"15,000",0,$165,$0.00,$0.00,15,50,"35,000",https://www.tiktok.com/@aubrynmusic
147,7527045326104985617,jordananthonymusic,GO,-1,16,@itsjordananthony,Music,LEVI,4,Y,1.00,0,0%,7,7,0,15,15,"1,385","10,734",1,"1,000,000","998,615",Down,5,,"455,720","646,536","1,022,050",-1,1,38,"12,000","10,000","2,000",1x,"2,000",0,$6,$0.00,$0.00,8,20,0,https://www.tiktok.com/@jordananthonymusic
51,7359135184236642309,voyce89,GO,-1,43,@voyce89,Music,LEVI,207,Y,1.00,1,35%,7,6,3,15,12,"27,008","209,312",1,"500,000","472,992",Down,4,,"155,633","383,212","1,072,726",2,5,53,"93,250","56,000","37,250",1x,"37,250",0,$122,$0.00,$0.00,15,50,0,https://www.tiktok.com/@voyce89
79,7359137631822708741,sam_g_89,GO,-1,35,@sam_g_89,Gaming,LEVI + BRYTON,11,Y,1.00,1,35%,7,6,2,15,13,"10,990","85,173",1,"500,000","489,010",Down,4,,"200,624","345,594","456,857",3,3,43,"639,500","639,500",0,1x,0,0,$49,$0.00,$0.00,18,70,0,https://www.tiktok.com/@sam_g_89
56,7359135408745447429,b.herbz,GO,-1,41,@b.herb,,LEVI,4,Y,1.00,1,35%,7,6,1,15,14,"19,860","153,915",1,"500,000","480,140",Down,4,,"265,476","318,947","427,424",1,3,37,"114,650","114,650",0,1x,0,0,$89,$0.00,$0.00,12,35,0,https://www.tiktok.com/@b.herbz
41,7359134507833982981,loisa_asmr,GO,-1,54,@loisa8427,ASMR,DYLAN,138,Y,1.00,1,35%,7,6,2,15,13,"39,995","309,961",1,"300,000","260,005",Down,3,,"247,505","237,147","67,340",-1,-1,16,"32,500","12,000","20,500",-,0,0,$180,$0.00,$0.00,8,20,0,https://www.tiktok.com/@loisa_asmr
326,7359134517946417157,ashleymatute_,GO,-1,55,@ashleymatute_,,LEVI,0,Y,1.00,0,0%,7,7,0,15,15,0,0,1,"300,000","300,000",Down,3,,"232,723","232,723","301,514",1,2,31,"39,250",0,"39,250",1x,"39,250",0,$0,$0.00,$0.00,12,35,0,https://www.tiktok.com/@ashleymatute_
327,7359135698651217926,mystiquedejello,GO,-1,40,@mystiquedejello,,LEVI,0,Y,1.00,0,0%,7,7,0,15,15,0,0,1,"300,000","300,000",Down,3,,"202,977","207,529","562,195",1,2,33,"15,425","1,000","14,425",1x,"14,425",0,$0,$0.00,$0.00,12,35,0,https://www.tiktok.com/@mystiquedejello
328,7359135185687904261,ashtingles,GO,-1,43,@asmrashleybenitez,ASMR,DYLAN,0,Y,1.00,0,0%,7,7,0,15,15,0,0,1,"300,000","300,000",Down,3,RU,"172,877","205,710","119,714",1,1,24,"3,500","6,000","-2,500",-,0,0,$0,$0.00,$0.00,12,35,0,https://www.tiktok.com/@ashtingles
61,7548265659507949623,courtneyjomusic,GO,-1,2,@courtneyjomusic,Music,DYLAN,333,Y,1.00,2,70%,7,5,3,15,12,"18,630","144,383",1,"300,000","281,370",Down,3,RU,"224,338","205,708",,1,,18,"17,000","17,000",0,-,0,0,$84,$0.00,$0.00,12,35,0,https://www.tiktok.com/@courtneyjomusic
329,7359134964962623494,.dianaaa__,GO,-1,46,@diannaa.xo,,DYLAN,0,Y,1.00,0,0%,7,7,0,15,15,0,0,1,"200,000","200,000",Down,2,,"169,000","197,205","101,572",-1,-1,13,"1,500",0,"1,500",-,0,0,$0,$0.00,$0.00,8,20,0,https://www.tiktok.com/@.dianaaa__
53,7537739361362919437,withlovebytonyaann,GO,-1,15,@tonyamassey,,DYLAN + ASHLEY,15,Y,1.00,2,70%,7,5,3,15,12,"23,225","179,994",1,"200,000","176,775",Down,2,RU,"166,247","165,609","23,502",2,-1,17,0,0,0,-,0,0,$105,$0.00,$0.00,15,50,0,https://www.tiktok.com/@withlovebytonyaann
54,7681504853390016525,eselisha,GO,-1,2,@eselisha,Music,DYLAN,334,Y,1.00,1,35%,7,6,5,15,10,"23,218","179,940",1,"500,000","476,782",Down,4,,"169,860","146,642",,3,,17,"6,000","6,000",0,-,0,0,$104,$0.00,$0.00,18,70,0,https://www.tiktok.com/@eselisha
291,7359134875733000198,maiazakay,GO,-1,47,@maiazakay,Music,DYLAN + MARCO,4,Y,1.00,0,0%,7,7,0,15,15,4,31,1,"200,000","199,996",Down,2,,"145,312","145,308","122,145",-1,-1,12,"61,000","46,000","15,000",-,0,0,$0,$0.00,$0.00,8,20,0,https://www.tiktok.com/@maiazakay
72,7359138297592938501,sonnybrightside,GO,-1,33,@sonnybrightside,,DYLAN + BRYTON,9,Y,1.00,1,35%,7,6,2,15,13,"13,162","102,006",1,"200,000","186,838",Down,2,RU,"104,600","105,497","67,325",2,1,17,"22,000","22,000",0,-,0,0,$59,$0.00,$0.00,15,50,0,https://www.tiktok.com/@sonnybrightside
80,7359136287120719877,redrumstudios,GO,-1,38,@redrumstudios,Gaming,DYLAN + BRYTON,8,Y,1.00,2,70%,7,5,6,15,9,"10,981","85,103",1,"100,000","89,019",Down,1,,"99,927","96,646","61,859",3,1,18,"4,000",0,"4,000",-,0,0,$49,$0.00,$0.00,18,70,0,https://www.tiktok.com/@redrumstudios
155,7670208989254303758,artistz93,GO,-1,3,@artistz93,,DYLAN,15,Y,1.00,0,0%,7,7,0,15,15,"1,159","8,982",1,"100,000","98,841",Down,1,,"59,241","89,493","79,882",2,3,22,"14,000","14,000",0,-,0,0,$5,$0.00,$0.00,15,50,0,https://www.tiktok.com/@artistz93
330,7481449047811964929,thecluelessbunny,GO,-1,11,@thecluelessbunny,Gaming,DYLAN,0,Y,1.00,0,0%,7,7,0,15,15,0,0,1,"100,000","100,000",Down,1,,"72,802","72,802",0,-1,-1,3,"23,000","18,000","5,000",-,0,0,$0,$0.00,$0.00,8,20,0,https://www.tiktok.com/@thecluelessbunny
259,7359134527924666373,_archangel_l,GO,-1,54,@jonwick534253642,Gaming,DYLAN,24,Y,1.00,0,0%,7,7,0,15,15,32,248,1,"100,000","99,968",Down,1,,"58,225","69,906","178,431",2,4,27,"5,000",0,"5,000",-,0,0,$0,$0.00,$0.00,15,50,0,https://www.tiktok.com/@_archangel_l
117,7670693273740165133,natalie.douglas762,GO,-1,3,,,DYLAN,63,Y,1.00,1,35%,7,6,4,15,11,"3,502","27,141",1,"100,000","96,498",Down,1,,"52,569","62,713","73,546",4,3,27,0,0,0,-,0,0,$16,$0.00,$0.00,22,90,0,https://www.tiktok.com/@natalie.douglas762
76,7359135084659736581,samanthasingsit,GO,-1,44,@samanthasingsit,Music,DYLAN,61,Y,1.00,1,35%,7,6,2,15,13,"12,020","93,155",1,"100,000","87,980",Down,1,,"59,158","57,104","510,703",-1,1,18,"1,571,275","1,629,900","-58,625",-,0,0,$54,$0.00,$0.00,8,20,0,https://www.tiktok.com/@samanthasingsit
69,7548650142132584461,allltimesam,GO,-1,14,@alltimesam,Gaming,DYLAN + BRYTON,10,Y,1.00,1,35%,7,6,5,15,10,"14,771","114,475",1,"100,000","85,229",Down,1,,"63,581","52,578","147,261",4,3,29,0,0,0,-,0,0,$66,$0.00,$0.00,22,90,0,https://www.tiktok.com/@allltimesam
331,7677008314332626957,caseyjean000,GO,-1,3,@_caseyjean,,DYLAN,0,Y,1.00,0,0%,7,7,0,15,15,0,0,1,"100,000","100,000",Down,1,,"50,684","51,357",3,2,-1,8,"9,000","4,000","5,000",-,0,0,$0,$0.00,$0.00,15,50,0,https://www.tiktok.com/@caseyjean000
75,7498149470513889297,sierralevesquemusic,GO,-1,19,@sierralevesque,Music,DYLAN,308,Y,1.00,1,35%,7,6,1,15,14,"12,444","96,441",1,"100,000","87,556",Down,1,,"47,100","44,521","60,221",-1,-1,5,"40,500","5,000","35,500",-,0,0,$56,$0.00,$0.00,8,20,0,https://www.tiktok.com/@sierralevesquemusic
97,7359137468693872645,shedofficials,GO,-1,,@shedsings,Music,DYLAN,5,Y,1.00,3,106%,7,4,7,15,8,"5,877","45,547",1,"100,000","94,123",Down,1,,"34,577","43,839","64,444",3,4,25,"2,750",0,"2,750",-,0,0,$26,$0.00,$0.00,18,70,0,https://www.tiktok.com/@shedofficials
159,7537733986077065230,inotmechy,GO,-1,15,@icygoated,Gaming,DYLAN,17,Y,1.00,2,70%,7,5,6,15,9,"1,073","8,316",1,"100,000","98,927",Down,1,,"3,824","42,331","3,364",2,0,9,0,0,0,-,0,0,$5,$0.00,$0.00,15,50,0,https://www.tiktok.com/@inotmechy
332,7359134981857280006,averynoelles,GO,-1,45,@averyszabo,,DYLAN,0,Y,1.00,0,0%,7,7,0,15,15,0,0,1,"100,000","100,000",Down,1,,"21,720","39,189","59,989",-1,-1,3,"19,375",0,"14,375",-,0,0,$0,$0.00,$0.00,8,20,0,https://www.tiktok.com/@averynoelles
95,7359138702754480133,animalondrums,GO,-1,8,@animalondrums,Music,DYLAN,15,Y,1.00,3,106%,7,4,4,15,11,"6,172","47,833",1,"100,000","93,828",Down,1,,"36,156","39,109","18,093",1,1,7,0,0,0,-,0,0,$28,$0.00,$0.00,12,35,0,https://www.tiktok.com/@animalondrums
302,7595647848469774349,man.cave.music5,GO,-1,3,@.millitello,Music,DYLAN + SKYLER,1,Y,1.00,1,35%,7,6,2,15,13,2,16,1,"100,000","99,998",Down,1,,"7,330","34,603","17,011",1,2,9,"12,000","12,000",0,-,0,0,$0,$0.00,$0.00,12,35,0,https://www.tiktok.com/@man.cave.music5
682,7662543771376041998,dalii.marii,GO,-1,4,@reddovertakerr,Gaming,DYLAN,0,Y,1.00,0,0%,7,7,0,15,15,0,0,1,"100,000","100,000",Down,1,,"28,798","34,578","37,714",1,2,10,"32,000","32,000",0,-,0,0,$0,$0.00,$0.00,12,35,0,https://www.tiktok.com/@dalii.marii
143,7415856990070751233,zezecod,GO,-1,26,@zeze.ios_28371,,DYLAN,17,Y,1.00,1,35%,7,6,1,15,14,"1,633","12,656",1,"100,000","98,367",Down,1,,"29,624","29,759",0,1,-1,5,0,0,0,-,0,0,$7,$0.00,$0.00,12,35,0,https://www.tiktok.com/@zezecod
334,7532520627404849166,888_fai_fai,GO,-1,15,,,DYLAN,0,Y,1.00,0,0%,7,7,0,15,15,0,0,1,"100,000","100,000",Down,1,,"29,696","29,696","40,312",3,5,25,0,0,0,-,0,0,$0,$0.00,$0.00,18,70,0,https://www.tiktok.com/@888_fai_fai
335,7363729312689963025,julianpalacios2001,GO,-1,31,@j_palacios23,,DYLAN + SVEN,0,Y,1.00,0,0%,7,7,0,15,15,0,0,1,"100,000","100,000",Down,1,,"29,087","29,496","8,695",3,3,18,0,0,0,-,0,0,$0,$0.00,$0.00,18,70,0,https://www.tiktok.com/@julianpalacios2001
336,7359134682556170245,smilinjacks69,GO,-1,2,@thejachakrachakra,,DYLAN,0,Y,1.00,0,0%,7,7,0,15,15,0,0,1,"100,000","100,000",Down,1,,"26,705","26,705",,2,,7,"3,000",0,"3,000",-,0,0,$0,$0.00,$0.00,15,50,0,https://www.tiktok.com/@smilinjacks69
83,7359135160358699014,kayybaee26,GO,-1,43,@kayy.jayy26,,DYLAN,36,Y,1.00,2,70%,7,5,4,15,11,"8,593","66,596",1,"100,000","91,407",Down,1,,"34,581","26,012",854,-1,-1,2,"10,500",0,"4,500",-,0,0,$39,$0.00,$0.00,8,20,0,https://www.tiktok.com/@kayybaee26
240,7359136220175237125,samuelciafaloni,GO,-1,21,@crippychuffy2786,,DYLAN,2,Y,1.00,1,35%,7,6,1,15,14,75,581,1,"100,000","99,925",Down,1,,"25,760","25,967","13,432",2,0,7,"9,000","7,000","2,000",-,0,0,$0,$0.00,$0.00,15,50,0,https://www.tiktok.com/@samuelciafaloni
91,7620545088565002254,lokirising,GO,-1,8,@aaronleegaming,Gaming,DYLAN,33,Y,1.00,3,106%,7,4,19,15,-4,"6,442","49,926",1,"100,000","93,558",Down,1,,"28,240","24,493","40,238",3,4,23,0,0,0,-,0,0,$29,$0.00,$0.00,18,70,0,https://www.tiktok.com/@lokirising
116,7603144665814122510,slaydrigaming,GO,-1,9,@slaydrigaming,Gaming,DYLAN,212,Y,1.00,3,106%,7,4,13,15,2,"3,516","27,249",1,"100,000","96,484",Down,1,,"26,731","23,274","36,564",2,3,17,0,0,0,-,0,0,$16,$0.00,$0.00,15,50,0,https://www.tiktok.com/@slaydrigaming
302,7517471096153718800,imamberleybriana,GO,-1,17,@amberley444,,DYLAN + SVEN,3,Y,1.00,0,0%,7,7,0,15,15,2,16,1,"100,000","99,998",Down,1,,2,"21,733","1,333",-1,-1,1,"2,000",0,"2,000",-,0,0,$0,$0.00,$0.00,8,20,0,https://www.tiktok.com/@imamberleybriana
258,7680350081287045134,comedykushplanet,GO,-1,2,@lowblood,,DYLAN + DYLAN,2,Y,1.00,1,35%,7,6,2,15,13,34,264,1,"100,000","99,966",Down,1,,"18,642","21,484",,4,,13,"5,000","5,000",0,-,0,0,$0,$0.00,$0.00,22,90,0,https://www.tiktok.com/@comedykushplanet
179,7594348083929006094,caroleens,GO,-1,10,@caroleens,Gaming,DYLAN,54,Y,1.00,2,70%,7,5,5,15,10,575,"4,456",1,"100,000","99,425",Down,1,,"18,564","20,798","6,715",1,2,9,"1,000",0,"1,000",-,0,0,$3,$0.00,$0.00,12,35,0,https://www.tiktok.com/@caroleens
337,7581641735269302327,battyfog,GO,-1,11,@battyfog,Gaming,DYLAN + ALLIE,0,Y,1.00,0,0%,7,7,0,15,15,0,0,1,"100,000","100,000",Down,1,,"19,560","19,560",0,1,-1,3,0,0,0,-,0,0,$0,$0.00,$0.00,12,35,0,https://www.tiktok.com/@battyfog
140,7648063972675207182,dj_ivannav,GO,-1,5,@ivannajackson,Music,DYLAN,56,Y,1.00,1,35%,7,6,1,15,14,"1,725","13,369",1,"100,000","98,275",Down,1,,"20,356","18,631","203,661",-1,2,16,"99,000","99,000",0,-,0,0,$8,$0.00,$0.00,8,20,0,https://www.tiktok.com/@dj_ivannav
338,7359135281678712838,blakeslifeline,GO,-1,42,@daddyblake03,,DYLAN,0,Y,1.00,0,0%,7,7,0,15,15,0,0,1,"100,000","100,000",Down,1,,"10,069","18,516","181,547",-1,2,12,"260,750","105,000","155,750",-,0,0,$0,$0.00,$0.00,8,20,0,https://www.tiktok.com/@blakeslifeline
252,7554981574454919223,stephintechnicolor,GO,-1,14,@stephild,,N/A,0,Y,1.00,0,0%,7,7,0,15,15,40,310,1,"100,000","99,960",Down,1,,"18,177","18,152","18,164",-1,-1,0,"3,000",0,"2,000",-,0,0,$0,$0.00,$0.00,8,20,0,https://www.tiktok.com/@stephintechnicolor
339,7543362555650195511,glowymariia,GO,-1,15,@glowymariia,,DYLAN,0,Y,1.00,0,0%,7,7,0,15,15,0,0,1,"100,000","100,000",Down,1,,"15,426","16,593","10,887",0,-1,1,0,0,0,-,0,0,$0,$0.00,$0.00,8,20,0,https://www.tiktok.com/@glowymariia
191,7622916583001997326,dingleberrybill,GO,-1,6,@codykert010101,Gaming,LEVI,1,Y,1.00,1,35%,7,6,2,15,13,334,"2,589",1,"100,000","99,666",Down,1,,"15,803","16,096","93,768",5,5,33,0,0,0,1x,0,0,$2,$0.00,$0.00,22,90,0,https://www.tiktok.com/@dingleberrybill
340,7572619473346150413,sweetlilahxoxo,GO,-1,8,@sweetlilahxoxo,,DYLAN,0,Y,1.00,0,0%,7,7,0,15,15,0,0,1,"100,000","100,000",Down,1,,0,"15,766","32,464",-1,0,1,0,0,0,-,0,0,$0,$0.00,$0.00,8,20,0,https://www.tiktok.com/@sweetlilahxoxo
203,7578672537446694925,0_izzy_9,GO,-1,11,@1_izzy_,Gaming,DYLAN,122,Y,1.00,2,70%,7,5,7,15,8,257,"1,992",1,"100,000","99,743",Down,1,,"15,869","15,756","17,066",2,3,14,"5,000",0,0,-,0,0,$1,$0.00,$0.00,15,50,0,https://www.tiktok.com/@0_izzy_9
341,7538007038555897911,celia.silva072,GO,-1,15,@celiasilva072,,DYLAN,0,Y,1.00,0,0%,7,7,0,15,15,0,0,1,"100,000","100,000",Down,1,,"6,848","15,259","30,145",-1,0,1,0,0,0,-,0,0,$0,$0.00,$0.00,8,20,0,https://www.tiktok.com/@celia.silva072
202,7681463119620620302,therealchoc._,GO,-1,2,,,N/A,0,Y,1.00,0,0%,7,7,0,15,15,261,"2,023",1,"100,000","99,739",Down,1,,"13,452","14,292",,-1,,0,0,0,0,-,0,0,$1,$0.00,$0.00,8,20,0,https://www.tiktok.com/@therealchoc._
49,7620606733773258766,cupcakesareverygood,GO,-1,8,@pandorathexplora7564,Music,DYLAN,42,Y,1.00,2,70%,7,5,4,15,11,"27,878","216,055",1,"100,000","72,122",Down,1,,"41,504","13,626","53,656",-1,1,5,0,0,0,-,0,0,$125,$0.00,$0.00,8,20,0,https://www.tiktok.com/@cupcakesareverygood
342,7359135353263030278,codyglenncoxmusic,GO,-1,42,@codyglenncoxmusic,Music,N/A,0,Y,1.00,0,0%,7,7,0,15,15,0,0,1,"100,000","100,000",Down,1,,"12,995","12,995","19,370",-1,-1,0,"10,875",0,"10,875",-,0,0,$0,$0.00,$0.00,8,20,0,https://www.tiktok.com/@codyglenncoxmusic
674,7680060045123469326,persephonoel,GO,-1,3,,,N/A,0,Y,1.00,1,35%,7,6,1,15,14,0,0,1,"100,000","100,000",Down,1,,"5,512","11,606",0,-1,-1,0,0,0,0,-,0,0,$0,$0.00,$0.00,8,20,0,https://www.tiktok.com/@persephonoel
344,7571250824484175885,davispack6,GO,-1,12,@traceydavis0731,,N/A,0,Y,1.00,0,0%,7,7,0,15,15,0,0,1,"100,000","100,000",Down,1,,"11,427","11,427","1,131",-1,-1,0,0,0,0,-,0,0,$0,$0.00,$0.00,8,20,0,https://www.tiktok.com/@davispack6
345,7559005176611520526,ivyalexmusic,GO,-1,6,@pianolady8,Music,DYLAN + DYLAN,0,Y,1.00,0,0%,7,7,0,15,15,0,0,1,"100,000","100,000",Down,1,,"8,615","11,325","44,844",-1,1,3,"3,000","3,000",0,-,0,0,$0,$0.00,$0.00,8,20,0,https://www.tiktok.com/@ivyalexmusic
346,7438031460512055313,99boopyboopy,GO,-1,24,@99boopyboopy,,N/A,0,Y,1.00,0,0%,7,7,0,15,15,0,0,1,"100,000","100,000",Down,1,,"11,024","11,024",0,-1,-1,0,0,0,0,-,0,0,$0,$0.00,$0.00,8,20,0,https://www.tiktok.com/@99boopyboopy
347,7359136478452088837,davehowardshow,GO,-1,19,@davehowardshow_80270,,DYLAN,0,Y,1.00,0,0%,7,7,0,15,15,0,0,1,"100,000","100,000",Down,1,,"8,443","10,921","25,718",-1,-1,1,0,0,0,-,0,0,$0,$0.00,$0.00,8,20,0,https://www.tiktok.com/@davehowardshow
348,7359135725004029958,official_hd_,GO,-1,7,@hdgaming1,Gaming,DYLAN + BRYTON,0,Y,1.00,0,0%,7,7,0,15,15,0,0,1,"100,000","100,000",Down,1,,"10,177","10,872","1,020",2,-1,6,600,600,0,-,0,0,$0,$0.00,$0.00,15,50,0,https://www.tiktok.com/@official_hd_
245,7386895531936727041,foreveryapping,GO,-1,28,@maddieesoon,,DYLAN + COLTON,0,Y,1.00,0,0%,7,7,0,15,15,58,450,1,"100,000","99,942",Down,1,,"7,733","10,667","26,570",1,1,6,"46,000","1,000","45,000",-,0,0,$0,$0.00,$0.00,12,35,0,https://www.tiktok.com/@foreveryapping
349,7531014993601609741,asiaechols,GO,-1,15,@asiae0018,Gaming,N/A,0,Y,1.00,0,0%,7,7,0,15,15,0,0,1,"100,000","100,000",Down,1,,"10,047","10,047",0,-1,-1,0,0,0,0,-,0,0,$0,$0.00,$0.00,8,20,0,https://www.tiktok.com/@asiaechols
350,7366442966518349840,leoricalenz,GO,-1,6,@saulgravywfk,,DYLAN,0,Y,1.00,0,0%,7,7,0,15,15,0,0,1,"100,000","100,000",Down,1,,"9,906","9,906","32,834",-1,4,12,0,0,0,-,0,0,$0,$0.00,$0.00,8,20,0,https://www.tiktok.com/@leoricalenz
142,7556036369030823991,perfectaimm,GO,-1,13,,,DYLAN,49,Y,1.00,2,70%,7,5,5,15,10,"1,654","12,819",1,"100,000","98,346",Down,1,,"11,059","9,605",481,3,-1,10,0,0,0,-,0,0,$7,$0.00,$0.00,18,70,0,https://www.tiktok.com/@perfectaimm
111,7618351780883283982,urfav327,GO,-1,8,,,DYLAN,4,Y,1.00,1,35%,7,6,1,15,14,"3,912","30,318",1,"100,000","96,088",Down,1,,"13,256","9,346","14,688",-1,-1,1,0,0,0,-,0,0,$18,$0.00,$0.00,8,20,0,https://www.tiktok.com/@urfav327
242,7595741738505879565,jamjamish,GO,-1,10,@jamjamishh,Gaming,DYLAN + BRYTON,5,Y,1.00,1,35%,7,6,2,15,13,71,550,1,"100,000","99,929",Down,1,,"8,940","8,869","59,296",-1,2,7,0,0,0,-,0,0,$0,$0.00,$0.00,8,20,0,https://www.tiktok.com/@jamjamish
197,7680950906216726542,jacobmartinlive,GO,-1,2,@jacobmartinlive,Music,DYLAN + DYLAN,40,Y,1.00,2,70%,7,5,7,15,8,284,"2,201",1,"100,000","99,716",Down,1,,"9,120","8,836",,1,,3,"2,000","2,000",0,-,0,0,$1,$0.00,$0.00,12,35,0,https://www.tiktok.com/@jacobmartinlive
160,7541597194860838926,x.xiii.x,GO,-1,15,@luciaxiii,,DYLAN,17,Y,1.00,1,35%,7,6,1,15,14,"1,036","8,029",1,"100,000","98,964",Down,1,,"9,456","8,420",0,-1,-1,1,0,0,0,-,0,0,$5,$0.00,$0.00,8,20,0,https://www.tiktok.com/@x.xiii.x
105,7637169166872625166,kirstenalexismusic,GO,-1,6,@probablykirsten,Music,DYLAN,20,Y,1.00,2,70%,7,5,3,15,12,"4,534","35,139",1,"100,000","95,466",Down,1,,"8,509","8,387","11,104",1,0,4,"1,000","1,000",0,-,0,0,$20,$0.00,$0.00,12,35,0,https://www.tiktok.com/@kirstenalexismusic
220,7663611518679826446,datboy_ru,GO,-1,4,@ru00176,Gaming,DYLAN,4,Y,1.00,2,70%,7,5,7,15,8,162,"1,256",1,"100,000","99,838",Down,1,,"2,504","8,151","9,695",2,3,14,"7,000","7,000",0,-,0,0,$1,$0.00,$0.00,15,50,0,https://www.tiktok.com/@datboy_ru
351,7523616145459527681,midnightxreign,GO,-1,12,@marianaabb,,DYLAN + ALLIE,0,Y,1.00,0,0%,7,7,0,15,15,0,0,1,"100,000","100,000",Down,1,,"8,074","8,074","36,403",1,2,9,0,0,0,-,0,0,$0,$0.00,$0.00,12,35,0,https://www.tiktok.com/@midnightxreign
286,7359134556475457541,biigdawgdancer,GO,-1,8,@forswornlad,,N/A,4,Y,1.00,0,0%,7,7,0,15,15,7,54,1,"100,000","99,993",Down,1,,"7,292","7,849","15,677",-1,0,0,"2,250","10,000","-7,750",-,0,0,$0,$0.00,$0.00,8,20,0,https://www.tiktok.com/@biigdawgdancer
352,7359138377117106181,drewcasta,GO,-1,33,@drewcasta,Gaming,DYLAN,0,Y,1.00,0,0%,7,7,0,15,15,0,0,1,"100,000","100,000",Down,1,,"5,864","7,703","110,290",-1,4,15,"2,750",0,"2,750",-,0,0,$0,$0.00,$0.00,8,20,0,https://www.tiktok.com/@drewcasta
353,7636597331743391757,justinsmith8689,GO,-1,6,@facelessopossum,,DYLAN + PAUL,0,Y,1.00,0,0%,7,7,0,15,15,0,0,1,"100,000","100,000",Down,1,,"1,783","7,507","79,456",1,4,17,"6,000","6,000",0,-,0,0,$0,$0.00,$0.00,12,35,0,https://www.tiktok.com/@justinsmith8689
276,7504020275906740240,thecontroversialblonde,GO,-1,18,@thecontroversialblonde,,SVEN,0,Y,1.00,0,0%,7,7,0,15,15,11,85,1,"100,000","99,989",Down,1,,"4,297","6,537",667,-1,-1,0,"2,500","2,500",0,-,0,0,$0,$0.00,$0.00,8,20,0,https://www.tiktok.com/@thecontroversialblonde
354,7524533007961751553,millennialbeth,GO,-1,10,@millennialbeth,,N/A,0,Y,1.00,0,0%,7,7,0,15,15,0,0,1,"100,000","100,000",Down,1,,"5,922","6,434","3,779",-1,-1,0,0,0,0,-,0,0,$0,$0.00,$0.00,8,20,0,https://www.tiktok.com/@millennialbeth
355,7454734609608146945,corruptedcodytv1,GO,-1,22,@warrencody71,Gaming,DYLAN + SIERRA,0,Y,1.00,0,0%,7,7,0,15,15,0,0,1,"100,000","100,000",Down,1,,"6,212","6,244","3,102",1,1,5,0,0,0,-,0,0,$0,$0.00,$0.00,12,35,0,https://www.tiktok.com/@corruptedcodytv1
356,7375048727318446081,samschofield41,GO,-1,29,@jamdavinci,Music,DYLAN,0,Y,1.00,0,0%,7,7,0,15,15,0,0,1,"100,000","100,000",Down,1,,0,"6,183","241,349",-1,5,24,0,0,0,-,0,0,$0,$0.00,$0.00,8,20,0,https://www.tiktok.com/@samschofield41
204,7359136478431019013,ifwithnayeli,GO,-1,3,@nayelimusic,Music,N/A,0,Y,1.00,1,35%,7,6,1,15,14,251,"1,945",1,"100,000","99,749",Down,1,,"6,337","6,086",219,-1,-1,0,0,0,0,-,0,0,$1,$0.00,$0.00,8,20,0,https://www.tiktok.com/@ifwithnayeli
241,7543922067884916791,ella0shhh,GO,-1,4,,,DYLAN,9,Y,1.00,1,35%,7,6,4,15,11,72,558,1,"100,000","99,928",Down,1,,"4,472","5,491","5,520",2,3,14,0,0,0,-,0,0,$0,$0.00,$0.00,15,50,0,https://www.tiktok.com/@ella0shhh
357,7598661055547654158,kinggemini285,GO,-1,10,@fantastic_fawn_45277,,N/A,0,Y,1.00,0,0%,7,7,0,15,15,0,0,1,"100,000","100,000",Down,1,,0,"5,449",249,-1,-1,0,0,0,0,-,0,0,$0,$0.00,$0.00,8,20,0,https://www.tiktok.com/@kinggemini285
182,7434366416461135873,ifeelthelove8,GO,-1,7,@tifftheog.,,N/A,10,Y,1.00,2,70%,7,5,4,15,11,513,"3,976",1,"100,000","99,487",Down,1,,"5,839","5,436","17,622",-1,0,0,0,0,0,-,0,0,$2,$0.00,$0.00,8,20,0,https://www.tiktok.com/@ifeelthelove8
358,7597968965910183950,anaylanaee,GO,-1,10,,,N/A,0,Y,1.00,0,0%,7,7,0,15,15,0,0,1,"100,000","100,000",Down,1,,"5,303","5,303","2,011",-1,-1,0,0,0,0,-,0,0,$0,$0.00,$0.00,8,20,0,https://www.tiktok.com/@anaylanaee
359,7631345371062583309,curlykelss,GO,-1,7,@curlykelss,,DYLAN,0,Y,1.00,0,0%,7,7,0,15,15,0,0,1,"100,000","100,000",Down,1,,"5,175","5,175","19,669",-1,1,2,0,0,0,-,0,0,$0,$0.00,$0.00,8,20,0,https://www.tiktok.com/@curlykelss
194,7637928830879055885,niknak_89,GO,-1,6,@toxic_nicole,,PAUL,0,Y,1.00,1,35%,7,6,1,15,14,313,"2,426",1,"100,000","99,687",Down,1,,"5,051","5,138","17,087",-1,-1,0,"11,000","1,000","10,000",-,0,0,$1,$0.00,$0.00,8,20,0,https://www.tiktok.com/@niknak_89
360,7359138535707967493,jenni_from_the_block0,GO,-1,10,@juicy_jen,,DYLAN + MANDI,0,Y,1.00,0,0%,7,7,0,15,15,0,0,1,"100,000","100,000",Down,1,,"2,672","5,032","6,119",1,-1,3,0,0,0,-,0,0,$0,$0.00,$0.00,12,35,0,https://www.tiktok.com/@jenni_from_the_block0
361,7682679302290194446,idk_idc_w.e,GO,-1,2,@unnamedcharacter0,,N/A,0,Y,1.00,0,0%,7,7,0,15,15,0,0,1,"100,000","100,000",Down,1,,"4,884","4,884",,-1,,0,0,0,0,-,0,0,$0,$0.00,$0.00,8,20,0,https://www.tiktok.com/@idk_idc_w.e
185,7359139528692662278,swagfitlife,GO,-1,27,@swag804,Music,SVEN,0,Y,1.00,0,0%,7,7,0,15,15,454,"3,519",1,"100,000","99,546",Down,1,,"4,183","4,860","2,959",-1,-1,0,0,0,0,-,0,0,$2,$0.00,$0.00,8,20,0,https://www.tiktok.com/@swagfitlife
708,7667957564969173006,trayeats,GO,-1,4,,,N/A,0,Y,1.00,0,0%,7,7,0,15,15,0,0,1,"100,000","100,000",Down,1,,"4,842","4,842",665,-1,-1,0,0,0,0,-,0,0,$0,$0.00,$0.00,8,20,0,https://www.tiktok.com/@trayeats
363,7368835057600970768,badgirlbritt2,GO,-1,9,@brittanyalana,,N/A,0,Y,1.00,0,0%,7,7,0,15,15,0,0,1,"100,000","100,000",Down,1,,"3,457","4,762",655,-1,-1,0,"1,250",0,"1,250",-,0,0,$0,$0.00,$0.00,8,20,0,https://www.tiktok.com/@badgirlbritt2
364,7359138741682143237,kieara_0712,GO,-1,23,@getclapped17246,,DYLAN + SIERRA,0,Y,1.00,0,0%,7,7,0,15,15,0,0,1,"100,000","100,000",Down,1,,"4,219","4,655","7,755",1,1,5,0,0,0,-,0,0,$0,$0.00,$0.00,12,35,0,https://www.tiktok.com/@kieara_0712
85,7571250938317651982,therealhambino,GO,-1,12,@therealhambino,,DYLAN + BRYTON,51,Y,1.00,2,70%,7,5,8,15,7,"8,112","62,868",1,"100,000","91,888",Down,1,,"12,381","4,506","11,354",2,1,9,0,0,0,-,0,0,$37,$0.00,$0.00,15,50,0,https://www.tiktok.com/@therealhambino
453,7673204088582029325,mrwisemanjoy,GO,-1,3,@samuel320619,,DYLAN,12,Y,1.00,1,35%,7,6,2,15,13,0,0,1,"100,000","100,000",Down,1,,"4,269","4,474","1,162",2,4,17,0,0,0,-,0,0,$0,$0.00,$0.00,15,50,0,https://www.tiktok.com/@mrwisemanjoy
366,7566313243967471630,davidwilliamwatts,GO,-1,13,@dwatts7776,,ASHLEY,0,Y,1.00,0,0%,7,7,0,15,15,0,0,1,"100,000","100,000",Down,1,,"4,316","4,316","8,989",-1,-1,0,"65,900","33,900","32,000",-,0,0,$0,$0.00,$0.00,8,20,0,https://www.tiktok.com/@davidwilliamwatts
367,7359135814745391109,tha_dripp_phamily,GO,-1,3,@moedagoat_,,N/A,0,Y,1.00,0,0%,7,7,0,15,15,0,0,1,"100,000","100,000",Down,1,,"4,289","4,289","19,002",-1,-1,0,"188,375","178,000","10,375",-,0,0,$0,$0.00,$0.00,8,20,0,https://www.tiktok.com/@tha_dripp_phamily
368,7359134698641162245,roostersworld4,GO,-1,50,@roostersworld98,,DYLAN,0,Y,1.00,0,0%,7,7,0,15,15,0,0,1,"100,000","100,000",Down,1,,"3,900","3,902","4,232",3,1,11,300,300,0,-,0,0,$0,$0.00,$0.00,18,70,0,https://www.tiktok.com/@roostersworld4
671,7359135087579004933,hotter_wallen_,GO,-1,44,@cbrueshoff,,N/A,0,Y,1.00,0,0%,7,7,0,15,15,0,0,1,"100,000","100,000",Down,1,,"3,802","3,802",0,-1,-1,0,0,0,0,-,0,0,$0,$0.00,$0.00,8,20,0,https://www.tiktok.com/@hotter_wallen_
370,7359135501099761669,itskbearr,GO,-1,41,@itskailabear,Gaming,DYLAN,0,Y,1.00,0,0%,7,7,0,15,15,0,0,1,"100,000","100,000",Down,1,,"3,739","3,742","5,029",1,1,5,0,0,0,-,0,0,$0,$0.00,$0.00,12,35,0,https://www.tiktok.com/@itskbearr
676,7359135736874467333,jovanijara99,GO,-1,40,@yobani7322,,N/A,0,Y,1.00,0,0%,7,7,0,15,15,0,0,1,"100,000","100,000",Down,1,,815,"3,709",0,-1,-1,0,"19,500","10,000","9,500",-,0,0,$0,$0.00,$0.00,8,20,0,https://www.tiktok.com/@jovanijara99
255,7615813556428357645,jaybug1019,GO,-1,8,@imperfectimperfectionz,,DYLAN,0,Y,1.00,0,0%,7,7,0,15,15,35,271,1,"100,000","99,965",Down,1,,"3,565","3,641","7,832",-1,1,2,0,0,0,-,0,0,$0,$0.00,$0.00,8,20,0,https://www.tiktok.com/@jaybug1019
180,7620939720440365069,melwithaperiod,GO,-1,8,@melwithaperiod,Music,SKYLER,5,Y,1.00,1,35%,7,6,3,15,12,567,"4,394",1,"100,000","99,433",Down,1,,"2,071","3,615","4,507",-1,-1,0,0,0,0,-,0,0,$3,$0.00,$0.00,8,20,0,https://www.tiktok.com/@melwithaperiod
121,7457401443486826512,_kristie032,GO,-1,22,@kristie_32,,DYLAN + PAUL,0,Y,1.00,1,35%,7,6,1,15,14,"3,021","23,413",1,"100,000","96,979",Down,1,,"6,532","3,511","57,343",-1,0,3,0,0,0,-,0,0,$14,$0.00,$0.00,8,20,0,https://www.tiktok.com/@_kristie032
267,7359135685498109957,twix_1v0,GO,-1,4,,,DYLAN,7,Y,1.00,4,141%,7,3,24,15,-9,16,124,1,"100,000","99,984",Down,1,,"2,405","3,494","1,635",4,2,17,0,0,0,-,0,0,$0,$0.00,$0.00,22,90,0,https://www.tiktok.com/@twix_1v0
162,7585352066416132151,danny.buth,GO,-1,11,@risingsun.,Gaming,DYLAN + BRYTON,8,Y,1.00,3,106%,7,4,22,15,-7,"1,007","7,804",1,"100,000","98,993",Down,1,,"4,086","3,083","15,615",3,5,24,0,0,0,-,0,0,$5,$0.00,$0.00,18,70,0,https://www.tiktok.com/@danny.buth
183,7667675205682085901,gigioncamera,GO,-1,4,@gigichalha,,DYLAN,9,Y,1.00,1,35%,7,6,1,15,14,509,"3,945",1,"100,000","99,491",Down,1,,"2,953","2,995",399,2,-1,6,0,0,0,-,0,0,$2,$0.00,$0.00,15,50,0,https://www.tiktok.com/@gigioncamera
216,7663553313501298702,abigail.m_c,GO,-1,4,@abigail.m_c,,DYLAN,8,Y,1.00,1,35%,7,6,3,15,12,180,"1,395",1,"100,000","99,820",Down,1,,"3,165","2,985",655,-1,1,2,0,0,0,-,0,0,$1,$0.00,$0.00,8,20,0,https://www.tiktok.com/@abigail.m_c
372,7534556145336238093,healingwithjohnathan,GO,-1,7,@healingwithjohnathan,,SKYLER,0,Y,1.00,0,0%,7,7,0,15,15,0,0,1,"100,000","100,000",Down,1,,"2,834","2,834",663,-1,-1,0,0,0,0,-,0,0,$0,$0.00,$0.00,8,20,0,https://www.tiktok.com/@healingwithjohnathan
373,7359135732201488390,toxic_luigi69,GO,-1,40,@toxic_luigi,,N/A,0,Y,1.00,0,0%,7,7,0,15,15,0,0,1,"100,000","100,000",Down,1,,"2,187","2,791","11,245",-1,-1,0,"2,500",0,"2,500",-,0,0,$0,$0.00,$0.00,8,20,0,https://www.tiktok.com/@toxic_luigi69
164,7576587015379173390,xrheaofficial,GO,-1,12,@darkkkvader,,DYLAN,3,Y,1.00,1,35%,7,6,4,15,11,"1,001","7,758",1,"100,000","98,999",Down,1,,"3,049","2,454",0,-1,-1,1,0,0,0,-,0,0,$5,$0.00,$0.00,8,20,0,https://www.tiktok.com/@xrheaofficial
390,7675937222612402189,smartmoufkeke,GO,-1,3,,,N/A,0,Y,1.00,0,0%,7,7,0,15,15,0,0,1,"100,000","100,000",Down,1,,"2,441","2,441",48,-1,-1,0,0,0,0,-,0,0,$0,$0.00,$0.00,8,20,0,https://www.tiktok.com/@smartmoufkeke
375,7359135733719957510,dtxjusstin,GO,-1,40,@justincaabrera,,N/A,0,Y,1.00,0,0%,7,7,0,15,15,0,0,1,"100,000","100,000",Down,1,,"2,428","2,428",3,-1,-1,0,"3,000",0,"1,000",-,0,0,$0,$0.00,$0.00,8,20,0,https://www.tiktok.com/@dtxjusstin
376,7630914499037675533,lesbreehonestt,GO,-1,7,@lesbreehonest,,JOE,0,Y,1.00,0,0%,7,7,0,15,15,0,0,1,"100,000","100,000",Down,1,,"2,270","2,298","17,222",-1,-1,0,0,0,0,-,0,0,$0,$0.00,$0.00,8,20,0,https://www.tiktok.com/@lesbreehonestt
314,7657342610255659021,itssmelilith,GO,-1,4,@itsme.lilith,,DYLAN,1,Y,1.00,0,0%,7,7,0,15,15,1,8,1,"100,000","99,999",Down,1,,1,"2,278","21,874",-1,1,2,0,0,0,-,0,0,$0,$0.00,$0.00,8,20,0,https://www.tiktok.com/@itssmelilith
377,7510768475086897168,frimzayy,GO,-1,17,@nessa7885,,SVEN,0,Y,1.00,0,0%,7,7,0,15,15,0,0,1,"100,000","100,000",Down,1,,"2,209","2,219",2,-1,-1,0,0,0,0,-,0,0,$0,$0.00,$0.00,8,20,0,https://www.tiktok.com/@frimzayy
378,7376338046494720016,trinity.blair,GO,-1,12,@trinityblair.,,N/A,0,Y,1.00,0,0%,7,7,0,15,15,0,0,1,"100,000","100,000",Down,1,,"2,156","2,156",0,-1,-1,0,0,0,0,-,0,0,$0,$0.00,$0.00,8,20,0,https://www.tiktok.com/@trinity.blair
254,7646581111115628558,shefwtaytay_,GO,-1,5,,,N/A,0,Y,1.00,0,0%,7,7,0,15,15,36,279,1,"100,000","99,964",Down,1,,"2,192","2,156","1,133",-1,-1,0,0,0,0,-,0,0,$0,$0.00,$0.00,8,20,0,https://www.tiktok.com/@shefwtaytay_
379,7522981364623441936,,GO,-1,,@itsfridababy_24668,,#N/A,,Y,1.00,,0%,7,7,0,15,15,0,0,1,"100,000","100,000",#N/A,1,,"2,150","2,076","4,500",-1,-1,,0,0,0,#N/A,,,$0,,$0.00,8,20,0,
380,7554063085410172941,madysen_luebke,GO,-1,9,@madyyy211,Gaming,ALLIE,0,Y,1.00,0,0%,7,7,0,15,15,0,0,1,"100,000","100,000",Down,1,,"2,060","2,076","2,561",-1,-1,0,0,0,0,-,0,0,$0,$0.00,$0.00,8,20,0,https://www.tiktok.com/@madysen_luebke
40,7359139453274947589,angeleyez39,GO,-1,32,@angeleyez39,,DYLAN + BRYTON,0,Y,1.00,0,0%,7,7,0,15,15,"45,627","353,609",1,"100,000","54,373",Down,1,,"47,646","2,019",248,-1,-1,2,"1,750",0,"1,750",-,0,0,$205,$0.00,$0.00,8,20,0,https://www.tiktok.com/@angeleyez39
381,7658472919500177421,chester3000,GO,-1,4,,,DYLAN,0,Y,1.00,0,0%,7,7,0,15,15,0,0,1,"100,000","100,000",Down,1,,"1,390","2,000","2,721",2,3,14,0,0,0,-,0,0,$0,$0.00,$0.00,15,50,0,https://www.tiktok.com/@chester3000
212,7626504102016630798,dramacat4,GO,-1,7,@arikosuki,Gaming,N/A,0,Y,1.00,0,0%,7,7,0,15,15,224,"1,736",1,"100,000","99,776",Down,1,,"2,211","1,987",13,-1,-1,0,0,0,0,-,0,0,$1,$0.00,$0.00,8,20,0,https://www.tiktok.com/@dramacat4
382,7648878943008735245,terianwilliams9,GO,-1,5,@terianwilliams.,Athlete,HIRAM,0,Y,1.00,0,0%,7,7,0,15,15,0,0,1,"100,000","100,000",Down,1,,"1,584","1,855","19,141",-1,-1,0,"5,200","5,200",0,-,0,0,$0,$0.00,$0.00,8,20,0,https://www.tiktok.com/@terianwilliams9
163,7646204230830964749,katemcosentino,GO,-1,5,@katemcosentino,Music,DYLAN + DYLAN,10,Y,1.00,1,35%,7,6,2,15,13,"1,005","7,789",1,"100,000","98,995",Down,1,,"2,737","1,732","2,371",-1,-1,1,0,0,0,-,0,0,$5,$0.00,$0.00,8,20,0,https://www.tiktok.com/@katemcosentino
383,7443598365138665488,gigiinextdoor,GO,-1,23,@simpnextdoor,Gaming,DYLAN,0,Y,1.00,0,0%,7,7,0,15,15,0,0,1,"100,000","100,000",Down,1,,"1,603","1,603","1,704",1,-1,3,0,0,0,-,0,0,$0,$0.00,$0.00,12,35,0,https://www.tiktok.com/@gigiinextdoor
237,7564865117108682765,freida.martha,GO,-1,13,@freida.martha,,DYLAN,5,Y,1.00,0,0%,7,7,0,15,15,103,798,1,"100,000","99,897",Down,1,,"1,673","1,570","4,924",-1,1,2,0,0,0,-,0,0,$0,$0.00,$0.00,8,20,0,https://www.tiktok.com/@freida.martha
752,7585380942278115342,taytortok,GO,-1,4,@taynted_love,,N/A,0,Y,1.00,0,0%,7,7,0,15,15,0,0,1,"100,000","100,000",Down,1,,"1,550","1,550",349,-1,-1,0,0,0,0,-,0,0,$0,$0.00,$0.00,8,20,0,https://www.tiktok.com/@taytortok
315,7632374752937754638,ashtondrak3,GO,-1,7,@ashtondrak3,,N/A,0,Y,1.00,0,0%,7,7,0,15,15,1,8,1,"100,000","99,999",Down,1,,"1,362","1,523","1,642",-1,-1,0,0,0,0,-,0,0,$0,$0.00,$0.00,8,20,0,https://www.tiktok.com/@ashtondrak3
385,7533512976045785102,noisemoist,GO,-1,8,@noisemoist,Music,DYLAN + SKYLER,0,Y,1.00,0,0%,7,7,0,15,15,0,0,1,"100,000","100,000",Down,1,,"1,472","1,472","1,363",1,0,3,0,0,0,-,0,0,$0,$0.00,$0.00,12,35,0,https://www.tiktok.com/@noisemoist
386,7385256657963499537,sammirios_,GO,-1,29,@xosammi.,,N/A,0,Y,1.00,0,0%,7,7,0,15,15,0,0,1,"100,000","100,000",Down,1,,"1,466","1,466","2,300",-1,-1,0,0,0,0,-,0,0,$0,$0.00,$0.00,8,20,0,https://www.tiktok.com/@sammirios_
550,7369789931272683537,kittyliciouslashes,GO,-1,30,,ASMR,SIERRA,0,Y,1.00,0,0%,7,7,0,15,15,0,0,1,"100,000","100,000",Down,1,,445,"1,455",0,-1,-1,0,0,0,0,-,0,0,$0,$0.00,$0.00,8,20,0,https://www.tiktok.com/@kittyliciouslashes
388,7595842605108445239,tarotbymoonbeam,GO,-1,10,@b_moonbeam,,N/A,0,Y,1.00,0,0%,7,7,0,15,15,0,0,1,"100,000","100,000",Down,1,,303,"1,431","9,882",-1,-1,0,0,0,0,-,0,0,$0,$0.00,$0.00,8,20,0,https://www.tiktok.com/@tarotbymoonbeam
389,7359135410272239622,lolthatsrichie,GO,-1,41,@deekay7118,,N/A,0,Y,1.00,0,0%,7,7,0,15,15,0,0,1,"100,000","100,000",Down,1,,567,"1,427",322,-1,-1,0,"6,975",0,"6,975",-,0,0,$0,$0.00,$0.00,8,20,0,https://www.tiktok.com/@lolthatsrichie
390,7359135914154786821,lilnikk1,GO,-1,39,@bgcnicole,,N/A,0,Y,1.00,0,0%,7,7,0,15,15,0,0,1,"100,000","100,000",Down,1,,"1,306","1,306",74,-1,-1,0,"3,500",0,"3,500",-,0,0,$0,$0.00,$0.00,8,20,0,https://www.tiktok.com/@lilnikk1
224,7637684945267343374,meghanpullsmusic,GO,-1,6,@meghanpullsmusic,Music,DYLAN + DYLAN,2,Y,1.00,1,35%,7,6,2,15,13,141,"1,093",1,"100,000","99,859",Down,1,,"1,333","1,302",101,2,1,8,0,0,0,-,0,0,$1,$0.00,$0.00,15,50,0,https://www.tiktok.com/@meghanpullsmusic
258,7646210117133778958,equinoxvnz,GO,-1,5,@victor097136,,DYLAN,41,Y,1.00,1,35%,7,6,6,15,9,34,264,1,"100,000","99,966",Down,1,,289,"1,295",202,1,-1,3,0,0,0,-,0,0,$0,$0.00,$0.00,12,35,0,https://www.tiktok.com/@equinoxvnz
391,7580527970687959095,stary.750,GO,-1,11,@stary750v2,,N/A,0,Y,1.00,0,0%,7,7,0,15,15,0,0,1,"100,000","100,000",Down,1,,"1,180","1,180",0,-1,-1,0,0,0,0,-,0,0,$0,$0.00,$0.00,8,20,0,https://www.tiktok.com/@stary.750
710,7662537769419390989,andreapereztao,GO,-1,4,@andreapereztao,,N/A,0,Y,1.00,0,0%,7,7,0,15,15,0,0,1,"100,000","100,000",Down,1,,0,"1,179",275,-1,-1,0,0,0,0,-,0,0,$0,$0.00,$0.00,8,20,0,https://www.tiktok.com/@andreapereztao
393,7389049411298574352,gfmusic27,GO,-1,28,@gfmusic,,DYLAN,0,Y,1.00,0,0%,7,7,0,15,15,0,0,1,"100,000","100,000",Down,1,,"1,175","1,175",0,-1,-1,0,0,0,0,-,0,0,$0,$0.00,$0.00,8,20,0,https://www.tiktok.com/@gfmusic27
394,7570911350952837134,angelslaysbarbie,GO,-1,2,@angellovesickxo,,N/A,0,Y,1.00,0,0%,7,7,0,15,15,0,0,1,"100,000","100,000",Down,1,,"1,164","1,164",,-1,,0,0,0,0,-,0,0,$0,$0.00,$0.00,8,20,0,https://www.tiktok.com/@angelslaysbarbie
395,7359136385644658693,joelerdmann_,GO,-1,37,@joelerdmann,,N/A,0,Y,1.00,0,0%,7,7,0,15,15,0,0,1,"100,000","100,000",Down,1,,"1,155","1,155","19,423",-1,-1,0,"4,750",0,"4,750",-,0,0,$0,$0.00,$0.00,8,20,0,https://www.tiktok.com/@joelerdmann_
295,7601657541499666487,bluecherubs,GO,-1,9,@fairyincali,Gaming,N/A,1,Y,1.00,1,35%,7,6,2,15,13,3,23,1,"100,000","99,997",Down,1,,"1,148","1,145","1,200",-1,-1,0,0,0,0,-,0,0,$0,$0.00,$0.00,8,20,0,https://www.tiktok.com/@bluecherubs
397,7670747149340196877,koltqt,GO,-1,3,@kolt3151,Gaming,DYLAN,0,Y,1.00,0,0%,7,7,0,15,15,0,0,1,"100,000","100,000",Down,1,,75,"1,118","3,011",-1,3,8,0,0,0,-,0,0,$0,$0.00,$0.00,8,20,0,https://www.tiktok.com/@koltqt
397,7359134725187207174,g_money0805,GO,-1,50,@g_money0805,,N/A,0,Y,1.00,0,0%,7,7,0,15,15,0,0,1,"100,000","100,000",Down,1,,975,"1,116","15,883",-1,-1,0,0,0,0,-,0,0,$0,$0.00,$0.00,8,20,0,https://www.tiktok.com/@g_money0805
412,7676267936650248205,slothalicious_,GO,-1,3,@imbasicallysloth,Gaming,DYLAN,0,Y,1.00,0,0%,7,7,0,15,15,0,0,1,"100,000","100,000",Down,1,,"1,103","1,103",786,-1,1,2,0,0,0,-,0,0,$0,$0.00,$0.00,8,20,0,https://www.tiktok.com/@slothalicious_
420,7675153008413622286,vaeahh__,GO,-1,3,@v.vaeahh,,N/A,0,Y,1.00,0,0%,7,7,0,15,15,0,0,1,"100,000","100,000",Down,1,,578,"1,047",512,-1,-1,0,0,0,0,-,0,0,$0,$0.00,$0.00,8,20,0,https://www.tiktok.com/@vaeahh__
268,7359135407319285766,user_15253637,GO,-1,41,@bookitwithc,,N/A,0,Y,1.00,0,0%,7,7,0,15,15,15,116,1,"100,000","99,985",Down,1,,988,973,264,-1,-1,0,0,0,0,-,0,0,$0,$0.00,$0.00,8,20,0,https://www.tiktok.com/@user_15253637
168,7597658582695526455,ijaneeg,GO,-1,10,@ijaneeg,,N/A,51,Y,1.00,1,35%,7,6,2,15,13,860,"6,665",1,"100,000","99,140",Down,1,,"1,819",959,790,-1,-1,0,0,0,0,-,0,0,$4,$0.00,$0.00,8,20,0,https://www.tiktok.com/@ijaneeg
794,7665037357791330318,hollyann_99,GO,-1,4,@hollyann_99,,N/A,0,Y,1.00,0,0%,7,7,0,15,15,0,0,1,"100,000","100,000",Down,1,,909,909,189,-1,-1,0,0,0,0,-,0,0,$0,$0.00,$0.00,8,20,0,https://www.tiktok.com/@hollyann_99
401,7649140747442143245,junechoseme,GO,-1,5,,Athlete,HIRAM,0,Y,1.00,0,0%,7,7,0,15,15,0,0,1,"100,000","100,000",Down,1,,279,877,"3,497",-1,-1,0,0,0,0,-,0,0,$0,$0.00,$0.00,8,20,0,https://www.tiktok.com/@junechoseme
402,7649140747442143245,junechoseme,GO,-1,5,,Athlete,HIRAM,0,Y,1.00,0,0%,7,7,0,15,15,0,0,1,"100,000","100,000",Down,1,,279,877,"3,497",-1,-1,0,0,0,0,-,0,0,$0,$0.00,$0.00,8,20,0,https://www.tiktok.com/@junechoseme
403,7455857931691507713,sebastianadamick,GO,-1,22,@stretchbat92674,,N/A,0,Y,1.00,0,0%,7,7,0,15,15,0,0,1,"100,000","100,000",Down,1,,797,850,"1,990",-1,-1,0,"8,000","12,000","-4,000",-,0,0,$0,$0.00,$0.00,8,20,0,https://www.tiktok.com/@sebastianadamick
404,7633934527160893453,brittanyn1616,GO,-1,7,@brittanyn1616,,BRYTON,0,Y,1.00,0,0%,7,7,0,15,15,0,0,1,"100,000","100,000",Down,1,,819,819,267,-1,-1,0,0,0,0,-,0,0,$0,$0.00,$0.00,8,20,0,https://www.tiktok.com/@brittanyn1616
292,7622909020155985933,m4tt3geeks,GO,-1,8,@mattegeeks,,N/A,10,Y,1.00,0,0%,7,7,1,15,14,4,31,1,"100,000","99,996",Down,1,,771,768,158,-1,-1,0,0,0,0,-,0,0,$0,$0.00,$0.00,8,20,0,https://www.tiktok.com/@m4tt3geeks
405,7359138345219293189,happilyengaged2011,GO,-1,33,@loverallthetime,,BRYTON,0,Y,1.00,0,0%,7,7,0,15,15,0,0,1,"100,000","100,000",Down,1,,756,756,262,-1,-1,0,"2,000",0,"2,000",-,0,0,$0,$0.00,$0.00,8,20,0,https://www.tiktok.com/@happilyengaged2011
406,7658071639900471309,starlight_ako,GO,-1,4,@starlight.ako_56166,,DYLAN,0,Y,1.00,0,0%,7,7,0,15,15,0,0,1,"100,000","100,000",Down,1,,701,751,"5,103",-1,1,2,0,0,0,-,0,0,$0,$0.00,$0.00,8,20,0,https://www.tiktok.com/@starlight_ako
289,7359137106595217413,catarina.cordle,GO,-1,9,@catarinac_22_27293,,DYLAN,0,Y,1.00,1,35%,7,6,4,15,11,6,47,1,"100,000","99,994",Down,1,,78,722,"1,827",-1,4,11,0,0,0,-,0,0,$0,$0.00,$0.00,8,20,0,https://www.tiktok.com/@catarina.cordle
407,7620562764913852430,lunaticcupcakettv,GO,-1,8,@1lunaticcupcake,,SKYLER,0,Y,1.00,0,0%,7,7,0,15,15,0,0,1,"100,000","100,000",Down,1,,555,675,167,-1,-1,0,0,0,0,-,0,0,$0,$0.00,$0.00,8,20,0,https://www.tiktok.com/@lunaticcupcakettv
408,7390780180744355841,talkwithyourfingers,GO,-1,28,@andyyyyyyyyy4049,Music,DYLAN,0,Y,1.00,0,0%,7,7,0,15,15,0,0,1,"100,000","100,000",Down,1,,620,669,"1,939",-1,-1,0,"1,500",0,"1,500",-,0,0,$0,$0.00,$0.00,8,20,0,https://www.tiktok.com/@talkwithyourfingers
228,7546060436458979383,raven4life79,GO,-1,12,@raven1mindy,,SVEN,0,Y,1.00,0,0%,7,7,0,15,15,132,"1,023",1,"100,000","99,868",Down,1,,608,665,"1,372",-1,-1,0,0,0,0,-,0,0,$1,$0.00,$0.00,8,20,0,https://www.tiktok.com/@raven4life79
409,7359136236633718790,willowhazed,GO,-1,11,,,N/A,0,Y,1.00,0,0%,7,7,0,15,15,0,0,1,"100,000","100,000",Down,1,,637,644,1,-1,-1,0,0,0,0,-,0,0,$0,$0.00,$0.00,8,20,0,https://www.tiktok.com/@willowhazed
217,7636028088681545741,onlysawit1nce66,GO,-1,6,,,DYLAN,77,Y,1.00,2,70%,7,5,6,15,9,176,"1,364",1,"100,000","99,824",Down,1,,807,638,"1,113",1,2,8,0,0,0,-,0,0,$1,$0.00,$0.00,12,35,0,https://www.tiktok.com/@onlysawit1nce66
770,7495549920183648257,the.bolter_32,GO,-1,19,@accountnot.found29,,DYLAN + COLTON,0,Y,1.00,0,0%,7,7,0,15,15,0,0,1,"100,000","100,000",Down,1,,631,631,"46,475",-1,-1,2,0,0,0,-,0,0,$0,$0.00,$0.00,8,20,0,https://www.tiktok.com/@the.bolter_32
411,7359139443036389382,hotsenorita2,GO,-1,27,@riak2977,Gaming,DYLAN,0,Y,1.00,0,0%,7,7,0,15,15,0,0,1,"100,000","100,000",Down,1,,346,613,102,1,1,5,"6,000","6,000",0,-,0,0,$0,$0.00,$0.00,12,35,0,https://www.tiktok.com/@hotsenorita2
244,7524279016195424272,unclevlnny,GO,-1,6,@vinny7608,Gaming,DYLAN,3,Y,1.00,4,141%,7,3,18,15,-3,63,488,1,"100,000","99,937",Down,1,,671,608,0,3,-1,9,0,0,0,-,0,0,$0,$0.00,$0.00,18,70,0,https://www.tiktok.com/@unclevlnny
831,7683655050597744654,lookinluv,GO,-1,2,,,N/A,0,Y,1.00,0,0%,7,7,0,15,15,0,0,1,"100,000","100,000",Down,1,,593,593,,-1,,0,0,0,0,-,0,0,$0,$0.00,$0.00,8,20,0,https://www.tiktok.com/@lookinluv
141,7664042327127670797,michaell_to,GO,-1,4,@michaell_to,,DYLAN,115,Y,1.00,0,0%,7,7,0,15,15,"1,675","12,981",1,"100,000","98,325",Down,1,,"2,255",580,"18,603",-1,-1,1,"2,000","2,000",0,-,0,0,$8,$0.00,$0.00,8,20,0,https://www.tiktok.com/@michaell_to
958,7664065524577648654,dar_rgel21,GO,-1,4,,,N/A,0,Y,1.00,0,0%,7,7,0,15,15,0,0,1,"100,000","100,000",Down,1,,299,573,0,-1,-1,0,0,0,0,-,0,0,$0,$0.00,$0.00,8,20,0,https://www.tiktok.com/@dar_rgel21
414,7655877164511838221,hustlegirltv,GO,-1,5,@iamhustlegirl,,HIRAM,0,Y,1.00,0,0%,7,7,0,15,15,0,0,1,"100,000","100,000",Down,1,,557,557,"2,206",-1,-1,0,0,0,0,-,0,0,$0,$0.00,$0.00,8,20,0,https://www.tiktok.com/@hustlegirltv
415,7655073539858415629,bellabearrz,GO,-1,5,@bellabearrz,Gaming,ALLIE,0,Y,1.00,0,0%,7,7,0,15,15,0,0,1,"100,000","100,000",Down,1,,550,550,797,-1,-1,0,0,0,0,-,0,0,$0,$0.00,$0.00,8,20,0,https://www.tiktok.com/@bellabearrz
416,7515218343071088657,ailipsbeauty0,GO,-1,17,,,N/A,0,Y,1.00,0,0%,7,7,0,15,15,0,0,1,"100,000","100,000",Down,1,,527,535,369,-1,-1,0,0,0,0,-,0,0,$0,$0.00,$0.00,8,20,0,https://www.tiktok.com/@ailipsbeauty0
517,7672832044233441294,niniechikita,GO,-1,3,@annps_,,DYLAN,0,Y,1.00,0,0%,7,7,0,15,15,0,0,1,"100,000","100,000",Down,1,,156,512,"5,503",-1,3,8,0,0,0,-,0,0,$0,$0.00,$0.00,8,20,0,https://www.tiktok.com/@niniechikita
418,7589643758640185358,fit4ever91,GO,-1,10,@fit4ever91,,DYLAN,0,Y,1.00,0,0%,7,7,0,15,15,0,0,1,"100,000","100,000",Down,1,,503,503,17,-1,-1,0,0,0,0,-,0,0,$0,$0.00,$0.00,8,20,0,https://www.tiktok.com/@fit4ever91
419,7425644891335819265,amberlmccrea,GO,-1,25,@therapeuticnutritionist,,DYLAN,0,Y,1.00,0,0%,7,7,0,15,15,0,0,1,"100,000","100,000",Down,1,,502,502,578,-1,-1,0,0,0,0,-,0,0,$0,$0.00,$0.00,8,20,0,https://www.tiktok.com/@amberlmccrea
808,7686654415217901582,vannahmooo,GO,-1,2,@vannahmooo,,BRYTON,0,Y,1.00,0,0%,7,7,0,15,15,0,0,1,"100,000","100,000",Down,1,,493,493,,-1,,0,0,0,0,-,0,0,$0,$0.00,$0.00,8,20,0,https://www.tiktok.com/@vannahmooo
205,7597517130489151502,lmrese,GO,-1,10,@imrese,Gaming,DYLAN,8,Y,1.00,2,70%,7,5,5,15,10,242,"1,876",1,"100,000","99,758",Down,1,,506,473,"3,832",0,1,3,0,0,0,-,0,0,$1,$0.00,$0.00,8,20,0,https://www.tiktok.com/@lmrese
188,7359135855132311557,wegoode1,GO,-1,22,,,COLTON,0,Y,1.00,0,0%,7,7,0,15,15,407,"3,154",1,"100,000","99,593",Down,1,,849,462,"4,542",-1,-1,0,0,0,0,-,0,0,$2,$0.00,$0.00,8,20,0,https://www.tiktok.com/@wegoode1
421,7494442891004280833,fizzle_station,GO,-1,9,@califizz,Gaming,DYLAN,0,Y,1.00,0,0%,7,7,0,15,15,0,0,1,"100,000","100,000",Down,1,,276,448,494,-1,1,2,0,0,0,-,0,0,$0,$0.00,$0.00,8,20,0,https://www.tiktok.com/@fizzle_station
422,7504376226061123585,juustjewel,GO,-1,14,@jeweljonesfree,,N/A,0,Y,1.00,0,0%,7,7,0,15,15,0,0,1,"100,000","100,000",Down,1,,433,433,"3,193",-1,-1,0,"26,000","16,000","10,000",-,0,0,$0,$0.00,$0.00,8,20,0,https://www.tiktok.com/@juustjewel
423,7585352104148090935,pnwliving,GO,-1,11,,,N/A,0,Y,1.00,0,0%,7,7,0,15,15,0,0,1,"100,000","100,000",Down,1,,6,425,607,-1,-1,0,0,0,0,-,0,0,$0,$0.00,$0.00,8,20,0,https://www.tiktok.com/@pnwliving
424,7633555113667411982,briarnorthamerican,GO,-1,7,@ptownstar401,,DYLAN,1,Y,1.00,2,70%,7,5,4,15,11,0,0,1,"100,000","100,000",Down,1,,412,412,247,2,4,17,0,0,0,-,0,0,$0,$0.00,$0.00,15,50,0,https://www.tiktok.com/@briarnorthamerican
425,7574516554717675575,fabtiff75,GO,-1,12,@tiffraz5,,N/A,0,Y,1.00,0,0%,7,7,0,15,15,0,0,1,"100,000","100,000",Down,1,,0,412,"2,396",-1,-1,0,0,0,0,-,0,0,$0,$0.00,$0.00,8,20,0,https://www.tiktok.com/@fabtiff75
977,7444795550316183553,softsoundsxsamk,GO,-1,4,@samanthaklecyngier,ASMR,DYLAN,0,Y,1.00,0,0%,7,7,0,15,15,0,0,1,"100,000","100,000",Down,1,,384,384,"25,265",-1,0,1,0,0,0,-,0,0,$0,$0.00,$0.00,8,20,0,https://www.tiktok.com/@softsoundsxsamk
427,7359139426389262342,poecelain,GO,-1,32,@kcpoe,,DYLAN + SVEN,0,Y,1.00,0,0%,7,7,0,15,15,0,0,1,"100,000","100,000",Down,1,,382,383,"13,455",-1,1,2,0,0,0,-,0,0,$0,$0.00,$0.00,8,20,0,https://www.tiktok.com/@poecelain
404,7561178434211332109,damon.ey,GO,-1,13,@damxney,Gaming,DYLAN,0,Y,1.00,0,0%,7,7,0,15,15,0,0,1,"100,000","100,000",Down,1,,370,370,0,0,-1,1,0,0,0,-,0,0,$0,$0.00,$0.00,8,20,0,https://www.tiktok.com/@damon.ey
797,7680359994688028686,jayjay8212,GO,-1,2,@unlycky,Gaming,N/A,0,Y,1.00,0,0%,7,7,0,15,15,0,0,1,"100,000","100,000",Down,1,,363,369,,-1,,0,0,0,0,-,0,0,$0,$0.00,$0.00,8,20,0,https://www.tiktok.com/@jayjay8212
430,7521902300512960529,loveme_someher,GO,-1,16,,,N/A,0,Y,1.00,0,0%,7,7,0,15,15,0,0,1,"100,000","100,000",Down,1,,300,365,558,-1,-1,0,0,0,0,-,0,0,$0,$0.00,$0.00,8,20,0,https://www.tiktok.com/@loveme_someher
431,7359138038708142085,treygaming777,GO,-1,4,@tredontrun_.,Gaming,N/A,0,Y,1.00,0,0%,7,7,0,15,15,0,0,1,"100,000","100,000",Down,1,,354,355,0,-1,-1,0,0,0,0,-,0,0,$0,$0.00,$0.00,8,20,0,https://www.tiktok.com/@treygaming777
287,7379128586931929104,kingeloteroman,GO,-1,29,,,DYLAN,12,Y,1.00,2,70%,7,5,2,15,13,7,54,1,"100,000","99,993",Down,1,,316,348,337,1,1,5,"10,000",0,"10,000",-,0,0,$0,$0.00,$0.00,12,35,0,https://www.tiktok.com/@kingeloteroman
432,7368773659420344337,justhelpone,GO,-1,11,@scottshipman,,N/A,0,Y,1.00,0,0%,7,7,0,15,15,0,0,1,"100,000","100,000",Down,1,,346,346,677,-1,-1,0,0,0,0,-,0,0,$0,$0.00,$0.00,8,20,0,https://www.tiktok.com/@justhelpone
433,7426443199394185233,jarajj1,GO,-1,25,,,N/A,0,Y,1.00,0,0%,7,7,0,15,15,0,0,1,"100,000","100,000",Down,1,,140,337,"1,478",-1,-1,0,0,0,0,-,0,0,$0,$0.00,$0.00,8,20,0,https://www.tiktok.com/@jarajj1
231,7533812161387249678,alecohn,GO,-1,15,,,N/A,4,Y,1.00,1,35%,7,6,3,15,12,125,969,1,"100,000","99,875",Down,1,,441,316,0,-1,-1,0,0,0,0,-,0,0,$1,$0.00,$0.00,8,20,0,https://www.tiktok.com/@alecohn
447,7534965598565089335,chelseaabrahamson85,GO,-1,11,@chelseaabrahamson85,,N/A,0,Y,1.00,0,0%,7,7,0,15,15,0,0,1,"100,000","100,000",Down,1,,315,315,0,-1,-1,0,0,0,0,-,0,0,$0,$0.00,$0.00,8,20,0,https://www.tiktok.com/@chelseaabrahamson85
435,7359135632007921670,24widmar,GO,-1,40,@gymlordmarkus,,DYLAN,0,Y,1.00,0,0%,7,7,0,15,15,0,0,1,"100,000","100,000",Down,1,,309,309,"84,688",-1,1,5,"111,600","5,000",0,-,0,0,$0,$0.00,$0.00,8,20,0,https://www.tiktok.com/@24widmar
436,7572411477894643767,cecelove320,GO,-1,12,@cecechristian,,N/A,0,Y,1.00,0,0%,7,7,0,15,15,0,0,1,"100,000","100,000",Down,1,,25,307,"7,016",-1,0,0,0,0,0,-,0,0,$0,$0.00,$0.00,8,20,0,https://www.tiktok.com/@cecelove320
760,7663604379550859277,dirtbikedestiny,GO,-1,4,@dirtbikedestiny,,DYLAN,0,Y,1.00,0,0%,7,7,2,15,13,0,0,1,"100,000","100,000",Down,1,,49,306,632,2,2,11,0,0,0,-,0,0,$0,$0.00,$0.00,15,50,0,https://www.tiktok.com/@dirtbikedestiny
838,7684450752378716174,mareng.ja,GO,-1,2,,,N/A,0,Y,1.00,0,0%,7,7,0,15,15,0,0,1,"100,000","100,000",Down,1,,301,301,,-1,,0,0,0,0,-,0,0,$0,$0.00,$0.00,8,20,0,https://www.tiktok.com/@mareng.ja
439,7616849409216725005,jahderralessie,GO,-1,8,@jahderra,,N/A,0,Y,1.00,0,0%,7,7,0,15,15,0,0,1,"100,000","100,000",Down,1,,300,300,"1,009",-1,-1,0,0,0,0,-,0,0,$0,$0.00,$0.00,8,20,0,https://www.tiktok.com/@jahderralessie
440,7605576578982035470,lady_cabernet,GO,-1,9,@lady_cab,Gaming,N/A,0,Y,1.00,0,0%,7,7,0,15,15,0,0,1,"100,000","100,000",Down,1,,299,299,"1,007",-1,-1,0,0,0,0,-,0,0,$0,$0.00,$0.00,8,20,0,https://www.tiktok.com/@lady_cabernet
464,7674363522479603725,cowabungadude28,GO,-1,3,@cowabunga_dude,,DYLAN,0,Y,1.00,0,0%,7,7,0,15,15,0,0,1,"100,000","100,000",Down,1,,294,294,130,2,2,11,0,0,0,-,0,0,$0,$0.00,$0.00,15,50,0,https://www.tiktok.com/@cowabungadude28
442,7632436384074350606,angelaslazr1,GO,-1,7,,,N/A,1,Y,1.00,0,0%,7,7,0,15,15,0,0,1,"100,000","100,000",Down,1,,292,294,1,-1,-1,0,0,0,0,-,0,0,$0,$0.00,$0.00,8,20,0,https://www.tiktok.com/@angelaslazr1
538,7673654031671246862,lilykudzro,GO,-1,3,@lilyk0243,,DYLAN,5,Y,1.00,1,35%,7,6,1,15,14,0,0,1,"100,000","100,000",Down,1,,277,277,138,1,1,5,0,0,0,-,0,0,$0,$0.00,$0.00,12,35,0,https://www.tiktok.com/@lilykudzro
444,7359138276898603013,deklangill,GO,-1,17,@deklangill,,SVEN,0,Y,1.00,0,0%,7,7,0,15,15,0,0,1,"100,000","100,000",Down,1,,277,277,"1,641",-1,-1,0,0,0,0,-,0,0,$0,$0.00,$0.00,8,20,0,https://www.tiktok.com/@deklangill
445,7541631419496415287,stefanineemann,GO,-1,15,@stefani.neemann,,N/A,0,Y,1.00,0,0%,7,7,0,15,15,0,0,1,"100,000","100,000",Down,1,,277,277,39,-1,-1,0,0,0,0,-,0,0,$0,$0.00,$0.00,8,20,0,https://www.tiktok.com/@stefanineemann
446,7556036936314470414,laketimemamaw,GO,-1,8,@laketimemamaw,,N/A,0,Y,1.00,0,0%,7,7,0,15,15,0,0,1,"100,000","100,000",Down,1,,271,271,"2,104",-1,-1,0,0,0,0,-,0,0,$0,$0.00,$0.00,8,20,0,https://www.tiktok.com/@laketimemamaw
447,7359679510746415120,coophewitt,GO,-1,31,@cooperhewitt,Music,BRYTON,0,Y,1.00,0,0%,7,7,0,15,15,0,0,1,"100,000","100,000",Down,1,,269,269,"1,051",-1,-1,0,0,0,0,-,0,0,$0,$0.00,$0.00,8,20,0,https://www.tiktok.com/@coophewitt
448,7591706464859734029,lifeaccordingtocheryl,GO,-1,10,@cherylsworld,,N/A,0,Y,1.00,0,0%,7,7,0,15,15,0,0,1,"100,000","100,000",Down,1,,266,266,398,-1,-1,0,0,0,0,-,0,0,$0,$0.00,$0.00,8,20,0,https://www.tiktok.com/@lifeaccordingtocheryl
449,7670616097422458893,prettiestgirlon.theplane,GO,-1,3,,,N/A,1,Y,1.00,0,0%,7,7,0,15,15,0,0,1,"100,000","100,000",Down,1,,265,265,18,-1,-1,0,0,0,0,-,0,0,$0,$0.00,$0.00,8,20,0,https://www.tiktok.com/@prettiestgirlon.theplane
988,7664071471261728781,hubixbabi,GO,-1,4,,,N/A,0,Y,1.00,0,0%,7,7,0,15,15,0,0,1,"100,000","100,000",Down,1,,0,258,0,-1,-1,0,0,0,0,-,0,0,$0,$0.00,$0.00,8,20,0,https://www.tiktok.com/@hubixbabi
451,7359139303286603782,queenactivation,GO,-1,32,,,N/A,0,Y,1.00,0,0%,7,7,0,15,15,0,0,1,"100,000","100,000",Down,1,,257,257,0,-1,-1,0,0,0,0,-,0,0,$0,$0.00,$0.00,8,20,0,https://www.tiktok.com/@queenactivation
279,7629462711050616845,lanaarenae,GO,-1,7,,,N/A,1,Y,1.00,0,0%,7,7,0,15,15,10,78,1,"100,000","99,990",Down,1,,265,255,"1,580",-1,-1,0,0,0,0,-,0,0,$0,$0.00,$0.00,8,20,0,https://www.tiktok.com/@lanaarenae
452,7371341610770268177,preeettybaaaby,GO,-1,5,@prettybabyace,,N/A,0,Y,1.00,0,0%,7,7,0,15,15,0,0,1,"100,000","100,000",Down,1,,239,239,0,-1,-1,0,0,0,0,-,0,0,$0,$0.00,$0.00,8,20,0,https://www.tiktok.com/@preeettybaaaby
453,7456983483978858513,mattlongmusic,GO,-1,10,@mattlongmusic,Music,DYLAN,0,Y,1.00,0,0%,7,7,0,15,15,0,0,1,"100,000","100,000",Down,1,,232,232,"1,202",-1,-1,0,0,0,0,-,0,0,$0,$0.00,$0.00,8,20,0,https://www.tiktok.com/@mattlongmusic
274,7399857919480840209,gracies_time_to_shine,GO,-1,15,@gracied28,,BRYTON,0,Y,1.00,0,0%,7,7,0,15,15,12,93,1,"100,000","99,988",Down,1,,198,225,"1,178",-1,-1,0,0,0,0,-,0,0,$0,$0.00,$0.00,8,20,0,https://www.tiktok.com/@gracies_time_to_shine
454,7436461793502855184,kayleecapo,GO,-1,24,@kay010017,,N/A,0,Y,1.00,0,0%,7,7,0,15,15,0,0,1,"100,000","100,000",Down,1,,213,213,485,-1,-1,0,0,0,0,-,0,0,$0,$0.00,$0.00,8,20,0,https://www.tiktok.com/@kayleecapo
235,7657342711040819214,michelemotso,GO,-1,4,@michelemotso,,DYLAN,20,Y,1.00,2,70%,7,5,9,15,6,104,806,1,"100,000","99,896",Down,1,,155,207,647,0,2,6,0,0,0,-,0,0,$0,$0.00,$0.00,8,20,0,https://www.tiktok.com/@michelemotso
455,7402863261353312273,fatalparadox11877,GO,-1,27,@fatalparadox11877,,N/A,0,Y,1.00,0,0%,7,7,0,15,15,0,0,1,"100,000","100,000",Down,1,,207,207,0,-1,-1,0,"2,500",0,"2,500",-,0,0,$0,$0.00,$0.00,8,20,0,https://www.tiktok.com/@fatalparadox11877
456,7418793145070043137,x_deej_x,GO,-1,10,@deej_htown,,N/A,0,Y,1.00,0,0%,7,7,0,15,15,0,0,1,"100,000","100,000",Down,1,,202,202,4,-1,-1,0,0,0,0,-,0,0,$0,$0.00,$0.00,8,20,0,https://www.tiktok.com/@x_deej_x
457,7563794153663119373,taylorstimeline,GO,-1,13,@taylorstimeline,,SHAVONNE,0,Y,1.00,0,0%,7,7,0,15,15,0,0,1,"100,000","100,000",Down,1,,200,200,148,-1,-1,0,0,0,0,-,0,0,$0,$0.00,$0.00,8,20,0,https://www.tiktok.com/@taylorstimeline
458,7628668045015400461,sianaruby,GO,-1,7,,,ETHAN,0,Y,1.00,0,0%,7,7,0,15,15,0,0,1,"100,000","100,000",Down,1,,200,200,16,-1,-1,0,0,0,0,-,0,0,$0,$0.00,$0.00,8,20,0,https://www.tiktok.com/@sianaruby
262,7533483034725597239,retiredimout,GO,-1,4,,,N/A,0,Y,1.00,0,0%,7,7,1,15,14,23,178,1,"100,000","99,977",Down,1,,65,194,"1,447",-1,-1,0,0,0,0,-,0,0,$0,$0.00,$0.00,8,20,0,https://www.tiktok.com/@retiredimout
471,7675563475711868941,kentay97,GO,-1,3,,,N/A,0,Y,1.00,0,0%,7,7,0,15,15,0,0,1,"100,000","100,000",Down,1,,155,193,1,-1,-1,0,0,0,0,-,0,0,$0,$0.00,$0.00,8,20,0,https://www.tiktok.com/@kentay97
473,7597607545938690061,ironshellbeadedcreations,GO,-1,10,,,N/A,0,Y,1.00,0,0%,7,7,0,15,15,0,0,1,"100,000","100,000",Down,1,,193,193,32,-1,-1,0,0,0,0,-,0,0,$0,$0.00,$0.00,8,20,0,https://www.tiktok.com/@ironshellbeadedcreations
461,7359138718567137285,quantumhaze,GO,-1,33,@quantumhaze1,,N/A,0,Y,1.00,0,0%,7,7,0,15,15,0,0,1,"100,000","100,000",Down,1,,187,187,4,-1,-1,0,0,0,0,-,0,0,$0,$0.00,$0.00,8,20,0,https://www.tiktok.com/@quantumhaze
256,7672966095799795725,candy_de_favy,GO,-1,3,,,N/A,0,Y,1.00,0,0%,7,7,0,15,15,35,271,1,"100,000","99,965",Down,1,,216,181,585,-1,-1,0,0,0,0,-,0,0,$0,$0.00,$0.00,8,20,0,https://www.tiktok.com/@candy_de_favy
462,7359134813120659461,jeremiahboutross,GO,-1,48,@jeremiahboutross,Gaming,DYLAN,0,Y,1.00,0,0%,7,7,0,15,15,0,0,1,"100,000","100,000",Down,1,,168,168,"66,695",-1,1,4,"138,100","138,100",0,-,0,0,$0,$0.00,$0.00,8,20,0,https://www.tiktok.com/@jeremiahboutross
480,7675845589342371853,saifibakes,GO,-1,3,@sairosas,Gaming,N/A,0,Y,1.00,0,0%,7,7,0,15,15,0,0,1,"100,000","100,000",Down,1,,164,164,688,-1,-1,0,0,0,0,-,0,0,$0,$0.00,$0.00,8,20,0,https://www.tiktok.com/@saifibakes
277,7424945523473514497,v3lueta,GO,-1,25,,,N/A,5,Y,1.00,1,35%,7,6,1,15,14,11,85,1,"100,000","99,989",Down,1,,175,164,"1,003",-1,-1,0,"45,000",0,"45,000",-,0,0,$0,$0.00,$0.00,8,20,0,https://www.tiktok.com/@v3lueta
273,7359139288946245637,lisamarieshippy,GO,-1,32,,,N/A,0,Y,1.00,1,35%,7,6,1,15,14,13,101,1,"100,000","99,987",Down,1,,176,163,659,-1,-1,0,0,0,0,-,0,0,$0,$0.00,$0.00,8,20,0,https://www.tiktok.com/@lisamarieshippy
852,7664765035788582926,watch_your_mom_,GO,-1,4,@c4_lon3ly,,N/A,0,Y,1.00,0,0%,7,7,0,15,15,0,0,1,"100,000","100,000",Down,1,,161,161,175,-1,-1,0,0,0,0,-,0,0,$0,$0.00,$0.00,8,20,0,https://www.tiktok.com/@watch_your_mom_
173,7466992762915667985,mulletdevotional,GO,-1,9,,,DYLAN,6,Y,1.00,3,106%,7,4,9,15,6,722,"5,596",1,"100,000","99,278",Down,1,,861,156,"4,059",2,4,17,0,0,0,-,0,0,$3,$0.00,$0.00,15,50,0,https://www.tiktok.com/@mulletdevotional
233,7421067575049601041,yayarodz007,GO,-1,25,@yayaflora,Gaming,N/A,0,Y,1.00,0,0%,7,7,0,15,15,106,822,1,"100,000","99,894",Down,1,,257,151,60,-1,-1,0,"10,000",0,"10,000",-,0,0,$0,$0.00,$0.00,8,20,0,https://www.tiktok.com/@yayarodz007
465,7575262176085164045,genxjamz,GO,-1,12,@genxjamz,,N/A,0,Y,1.00,0,0%,7,7,0,15,15,0,0,1,"100,000","100,000",Down,1,,144,144,"1,104",-1,-1,0,0,0,0,-,0,0,$0,$0.00,$0.00,8,20,0,https://www.tiktok.com/@genxjamz
171,7667361937025417230,w4veride,GO,-1,4,,Gaming,DYLAN,69,Y,1.00,3,106%,7,4,4,15,11,759,"5,882",1,"100,000","99,241",Down,1,,881,142,"15,955",-1,1,2,0,0,0,-,0,0,$3,$0.00,$0.00,8,20,0,https://www.tiktok.com/@w4veride
466,7359138782219698182,tjdub_,GO,-1,32,@tjdubmusic,,N/A,0,Y,1.00,0,0%,7,7,0,15,15,0,0,1,"100,000","100,000",Down,1,,137,137,0,-1,-1,0,0,0,0,-,0,0,$0,$0.00,$0.00,8,20,0,https://www.tiktok.com/@tjdub_
1149,7663240712036728846,yanabelitagarcia93,GO,-1,4,,,N/A,0,Y,1.00,0,0%,7,7,0,15,15,0,0,1,"100,000","100,000",Down,1,,132,135,148,-1,-1,0,0,0,0,-,0,0,$0,$0.00,$0.00,8,20,0,https://www.tiktok.com/@yanabelitagarcia93
486,7668475215005040653,tobyrfox,GO,-1,4,,,N/A,0,Y,1.00,0,0%,7,7,0,15,15,0,0,1,"100,000","100,000",Down,1,,132,132,275,-1,-1,0,0,0,0,-,0,0,$0,$0.00,$0.00,8,20,0,https://www.tiktok.com/@tobyrfox
476,7582786315515740173,liannaartistry,GO,-1,11,@lili3600,,N/A,0,Y,1.00,0,0%,7,7,0,15,15,0,0,1,"100,000","100,000",Down,1,,132,132,0,-1,-1,0,0,0,0,-,0,0,$0,$0.00,$0.00,8,20,0,https://www.tiktok.com/@liannaartistry
470,7541082464794722317,monkabutt1,GO,-1,15,,,N/A,0,Y,1.00,0,0%,7,7,0,15,15,0,0,1,"100,000","100,000",Down,1,,93,129,"3,919",-1,-1,0,0,0,0,-,0,0,$0,$0.00,$0.00,8,20,0,https://www.tiktok.com/@monkabutt1
304,7665253736121647117,gabysihna,GO,-1,4,@gabysihna,,N/A,130,Y,1.00,0,0%,7,7,0,15,15,2,16,1,"100,000","99,998",Down,1,,129,127,"1,589",-1,-1,0,0,0,0,-,0,0,$0,$0.00,$0.00,8,20,0,https://www.tiktok.com/@gabysihna
269,7359135422100013061,kittydollface,GO,-1,29,,,N/A,0,Y,1.00,0,0%,7,7,0,15,15,15,116,1,"100,000","99,985",Down,1,,141,126,592,-1,-1,0,0,0,0,-,0,0,$0,$0.00,$0.00,8,20,0,https://www.tiktok.com/@kittydollface
250,7662519133380296717,yofavredcherry,GO,-1,4,@s._dfwu,,N/A,2,Y,1.00,1,35%,7,6,1,15,14,46,357,1,"100,000","99,954",Down,1,,172,126,13,-1,-1,0,0,0,0,-,0,0,$0,$0.00,$0.00,8,20,0,https://www.tiktok.com/@yofavredcherry
471,7579785876688093239,tatted_golfer_,GO,-1,11,,,PAUL,0,Y,1.00,0,0%,7,7,0,15,15,0,0,1,"100,000","100,000",Down,1,,0,124,948,-1,-1,0,0,0,0,-,0,0,$0,$0.00,$0.00,8,20,0,https://www.tiktok.com/@tatted_golfer_
472,7504826782965760017,katelyn.mitchell23,GO,-1,10,@katelynmitchell0291,,N/A,0,Y,1.00,0,0%,7,7,0,15,15,0,0,1,"100,000","100,000",Down,1,,116,116,"1,472",-1,-1,0,0,0,0,-,0,0,$0,$0.00,$0.00,8,20,0,https://www.tiktok.com/@katelyn.mitchell23
283,7460332171950161936,dimplesarelife,GO,-1,12,,,SVEN,0,Y,1.00,0,0%,7,7,0,15,15,8,62,1,"100,000","99,992",Down,1,,117,109,384,-1,-1,0,0,0,0,-,0,0,$0,$0.00,$0.00,8,20,0,https://www.tiktok.com/@dimplesarelife
1091,7665629616530571277,jzt_kynedi,GO,-1,4,@jzt_kynedi,,DYLAN,0,Y,1.00,0,0%,7,7,0,15,15,0,0,1,"100,000","100,000",Down,1,,108,108,5,1,-1,3,0,0,0,-,0,0,$0,$0.00,$0.00,12,35,0,https://www.tiktok.com/@jzt_kynedi
474,7433142229734293521,brookeventre,GO,-1,24,@brookeventre,,N/A,0,Y,1.00,0,0%,7,7,0,15,15,0,0,1,"100,000","100,000",Down,1,,2,107,6,-1,-1,0,0,0,0,-,0,0,$0,$0.00,$0.00,8,20,0,https://www.tiktok.com/@brookeventre
475,7589643755599249422,msjewelloneill,GO,-1,4,@jewell888,Gaming,DYLAN,0,Y,1.00,0,0%,7,7,0,15,15,0,0,1,"100,000","100,000",Down,1,,102,106,"1,681",-1,2,5,0,0,0,-,0,0,$0,$0.00,$0.00,8,20,0,https://www.tiktok.com/@msjewelloneill
304,7532341639478558775,zakiyahnadir01,GO,-1,16,@zakiyahnadir25,,SVEN,2,Y,1.00,1,35%,7,6,3,15,12,2,16,1,"100,000","99,998",Down,1,,106,104,331,-1,-1,0,0,0,0,-,0,0,$0,$0.00,$0.00,8,20,0,https://www.tiktok.com/@zakiyahnadir01
476,7535212687584903181,dannybartok,GO,-1,15,,,N/A,0,Y,1.00,0,0%,7,7,0,15,15,0,0,1,"100,000","100,000",Down,1,,103,103,0,-1,-1,0,0,0,0,-,0,0,$0,$0.00,$0.00,8,20,0,https://www.tiktok.com/@dannybartok
1149,7662872940765298702,isk_the_king2,GO,-1,4,@isk_the_king,,N/A,0,Y,1.00,2,70%,7,5,3,15,12,0,0,1,"100,000","100,000",Down,1,,100,100,112,-1,-1,0,0,0,0,-,0,0,$0,$0.00,$0.00,8,20,0,https://www.tiktok.com/@isk_the_king2
616,7359135762769739782,real209er,GO,-1,13,@real209er,Music,N/A,0,Y,1.00,0,0%,7,7,0,15,15,0,0,1,"100,000","100,000",Down,1,,100,100,0,-1,-1,0,0,"5,000",0,-,0,0,$0,$0.00,$0.00,8,20,0,https://www.tiktok.com/@real209er
316,7680957870002913293,ogvaughnn,GO,-1,2,@vaughnblxckem,,DYLAN,8,Y,1.00,4,141%,7,3,11,15,4,1,8,1,"100,000","99,999",Down,1,,87,96,,4,,12,0,0,0,-,0,0,$0,$0.00,$0.00,22,90,0,https://www.tiktok.com/@ogvaughnn
280,7359138554682900485,gamrmomnichole,GO,-1,5,@gamrmomnichole,Gaming,DYLAN,1,Y,1.00,1,35%,7,6,6,15,9,10,78,1,"100,000","99,990",Down,1,,105,95,68,2,4,17,0,0,0,-,0,0,$0,$0.00,$0.00,15,50,0,https://www.tiktok.com/@gamrmomnichole
1149,7665491911989477390,perspectiveking92,GO,-1,4,@hastefreak,,N/A,0,Y,1.00,0,0%,7,7,0,15,15,0,0,1,"100,000","100,000",Down,1,,95,95,152,-1,0,0,0,0,0,-,0,0,$0,$0.00,$0.00,8,20,0,https://www.tiktok.com/@perspectiveking92
480,7501859248616341520,barrybee313,GO,-1,18,@detroitbarry,,N/A,0,Y,1.00,0,0%,7,7,0,15,15,0,0,1,"100,000","100,000",Down,1,,93,93,0,-1,-1,0,0,0,0,-,0,0,$0,$0.00,$0.00,8,20,0,https://www.tiktok.com/@barrybee313
481,7454733986905161745,coach_kmack,GO,-1,22,@life_coach_kmack.,,N/A,0,Y,1.00,0,0%,7,7,0,15,15,0,0,1,"100,000","100,000",Down,1,,87,87,0,-1,-1,0,"2,000",0,0,-,0,0,$0,$0.00,$0.00,8,20,0,https://www.tiktok.com/@coach_kmack
482,7562263750460456974,bluubanddchef,GO,-1,13,@chefbluu,,N/A,0,Y,1.00,0,0%,7,7,0,15,15,0,0,1,"100,000","100,000",Down,1,,76,76,0,-1,-1,0,0,0,0,-,0,0,$0,$0.00,$0.00,8,20,0,https://www.tiktok.com/@bluubanddchef
483,7359137883216805893,prodigalmediumgabe,GO,-1,14,@gabrieljames2021,,N/A,0,Y,1.00,0,0%,7,7,0,15,15,0,0,1,"100,000","100,000",Down,1,,73,73,"1,469",-1,-1,0,0,0,0,-,0,0,$0,$0.00,$0.00,8,20,0,https://www.tiktok.com/@prodigalmediumgabe
484,7659487622305431566,sabrina_ton_liberte,GO,-1,,@manina01,,DYLAN,0,Y,1.00,0,0%,7,7,0,15,15,0,0,1,"100,000","100,000",Down,1,,32,71,141,1,0,3,0,0,0,-,0,0,$0,$0.00,$0.00,12,35,0,https://www.tiktok.com/@sabrina_ton_liberte
296,7580253432372576270,the_ss_lifestyle,GO,-1,11,,,DYLAN,59,Y,1.00,3,106%,7,4,6,15,9,3,23,1,"100,000","99,997",Down,1,,66,68,13,3,-1,9,0,0,0,-,0,0,$0,$0.00,$0.00,18,70,0,https://www.tiktok.com/@the_ss_lifestyle
865,7689743176394866702,OFF,GO,-1,,#N/A,#N/A,#N/A,,Y,1.00,,0%,7,7,0,15,15,0,0,1,,,#N/A,,,0,60,-2,-1,,,0,0,0,#N/A,,,$0,,$0.00,8,20,0,https://www.tiktok.com/@OFF
486,7575169977066536973,boomdrops,GO,-1,6,@boomdrops_band_57392,Music,SKYLER,0,Y,1.00,0,0%,7,7,0,15,15,0,0,1,"100,000","100,000",Down,1,,57,57,84,-1,-1,0,0,0,0,-,0,0,$0,$0.00,$0.00,8,20,0,https://www.tiktok.com/@boomdrops
487,7639837755593441294,theylove_neseypooh,GO,-1,6,,,N/A,1,Y,1.00,0,0%,7,7,0,15,15,0,0,1,"100,000","100,000",Down,1,,52,54,378,-1,-1,0,0,0,0,-,0,0,$0,$0.00,$0.00,8,20,0,https://www.tiktok.com/@theylove_neseypooh
488,7608666330618871821,n00lanttv,GO,-1,9,@n00lan,Gaming,DYLAN,0,Y,1.00,0,0%,7,7,0,15,15,0,0,1,"100,000","100,000",Down,1,,3,53,150,1,3,11,0,0,0,-,0,0,$0,$0.00,$0.00,12,35,0,https://www.tiktok.com/@n00lanttv
528,7546213073846124557,xellienicolex,GO,-1,14,@paperleo,,SVEN,0,Y,1.00,0,0%,7,7,0,15,15,0,0,1,"100,000","100,000",Down,1,,53,53,0,-1,-1,0,0,0,0,-,0,0,$0,$0.00,$0.00,8,20,0,https://www.tiktok.com/@xellienicolex
490,7670993368557797389,cherrises3,GO,-1,3,@cherry022770,,N/A,0,Y,1.00,0,0%,7,7,0,15,15,0,0,1,"100,000","100,000",Down,1,,52,53,52,-1,-1,0,0,0,0,-,0,0,$0,$0.00,$0.00,8,20,0,https://www.tiktok.com/@cherrises3
1003,7665402034912313357,gaby__leonn,GO,-1,4,@gabriellaleonnelle,,N/A,0,Y,1.00,0,0%,7,7,0,15,15,0,0,1,"100,000","100,000",Down,1,,50,50,0,-1,-1,0,0,0,0,-,0,0,$0,$0.00,$0.00,8,20,0,https://www.tiktok.com/@gaby__leonn
492,7449640519917158417,chuckshadow,GO,-1,23,@chuckshadow,Music,N/A,3,Y,1.00,0,0%,7,7,0,15,15,0,0,1,"100,000","100,000",Down,1,,49,49,129,-1,-1,0,"15,000","19,000","-4,000",-,0,0,$0,$0.00,$0.00,8,20,0,https://www.tiktok.com/@chuckshadow
493,7605650147527213069,mauricethemusic,GO,-1,9,@astrobeatz,Music,DYLAN,0,Y,1.00,0,0%,7,7,0,15,15,0,0,1,"100,000","100,000",Down,1,,14,47,"3,063",-1,-1,0,"3,000",0,"3,000",-,0,0,$0,$0.00,$0.00,8,20,0,https://www.tiktok.com/@mauricethemusic
494,7645164273093656590,kainorthmusic,GO,-1,6,@kaibozo,Music,N/A,0,Y,1.00,0,0%,7,7,0,15,15,0,0,1,"100,000","100,000",Down,1,,42,44,32,-1,-1,0,0,0,0,-,0,0,$0,$0.00,$0.00,8,20,0,https://www.tiktok.com/@kainorthmusic
495,7452134090184278017,jae_moe97,GO,-1,15,,,N/A,0,Y,1.00,0,0%,7,7,0,15,15,0,0,1,"100,000","100,000",Down,1,,33,43,321,-1,-1,0,0,0,0,-,0,0,$0,$0.00,$0.00,8,20,0,https://www.tiktok.com/@jae_moe97
496,7359134983241531397,natebharris,GO,-1,45,,,N/A,0,Y,1.00,0,0%,7,7,0,15,15,0,0,1,"100,000","100,000",Down,1,,28,43,19,-1,-1,0,0,0,0,-,0,0,$0,$0.00,$0.00,8,20,0,https://www.tiktok.com/@natebharris
271,7475913456957308945,pwettyderek,GO,-1,21,@pwettyderek,Gaming,DYLAN,3,Y,1.00,4,141%,7,3,9,15,6,14,109,1,"100,000","99,986",Down,1,,53,42,563,5,5,29,0,0,0,-,0,0,$0,$0.00,$0.00,22,90,0,https://www.tiktok.com/@pwettyderek
854,7689543450026590222,colution.z,GO,-1,2,@colution.,Gaming,DYLAN,0,Y,1.00,0,0%,7,7,0,15,15,0,0,1,"100,000","100,000",Down,1,,42,42,,2,,6,0,0,0,-,0,0,$0,$0.00,$0.00,15,50,0,https://www.tiktok.com/@colution.z
1149,7663903573331361805,6ixfadejhony,GO,-1,4,,,N/A,0,Y,1.00,0,0%,7,7,0,15,15,0,0,1,"100,000","100,000",Down,1,,39,40,68,-1,0,0,0,0,0,-,0,0,$0,$0.00,$0.00,8,20,0,https://www.tiktok.com/@6ixfadejhony
499,7485160564730396673,serenityxo89,GO,-1,20,,,N/A,0,Y,1.00,0,0%,7,7,0,15,15,0,0,1,"100,000","100,000",Down,1,,0,40,111,-1,-1,0,0,0,0,-,0,0,$0,$0.00,$0.00,8,20,0,https://www.tiktok.com/@serenityxo89
500,7582754500964925454,itzz.mone6,GO,-1,11,,,N/A,0,Y,1.00,0,0%,7,7,0,15,15,0,0,1,"100,000","100,000",Down,1,,40,40,3,-1,-1,0,0,0,0,-,0,0,$0,$0.00,$0.00,8,20,0,https://www.tiktok.com/@itzz.mone6
501,7631028637655121934,stycollin,GO,-1,7,@stycollin_,Gaming,DYLAN,2,Y,1.00,1,35%,7,6,2,15,13,0,0,1,"100,000","100,000",Down,1,,15,37,82,1,3,11,0,0,0,-,0,0,$0,$0.00,$0.00,12,35,0,https://www.tiktok.com/@stycollin
502,7451459387350319120,its_ur_gurl420,GO,-1,23,@talithagrimmett,,DYLAN + SVEN,0,Y,1.00,0,0%,7,7,0,15,15,0,0,1,"100,000","100,000",Down,1,,9,37,132,0,0,1,0,0,0,-,0,0,$0,$0.00,$0.00,8,20,0,https://www.tiktok.com/@its_ur_gurl420
503,7631371172399267854,lulbbyjenn,GO,-1,7,,,N/A,0,Y,1.00,0,0%,7,7,0,15,15,0,0,1,"100,000","100,000",Down,1,,35,35,680,-1,-1,0,0,0,0,-,0,0,$0,$0.00,$0.00,8,20,0,https://www.tiktok.com/@lulbbyjenn
871,7661894435826909197,sga.swirly,GO,-1,4,@swirly6019,,DYLAN,0,Y,1.00,0,0%,7,7,0,15,15,0,0,1,"100,000","100,000",Down,1,,20,30,"1,569",-1,1,2,0,0,0,-,0,0,$0,$0.00,$0.00,8,20,0,https://www.tiktok.com/@sga.swirly
505,7620199755519672333,joshmacattack,GO,-1,8,@joshmacattack,Music,SKYLER,0,Y,1.00,0,0%,7,7,0,15,15,0,0,1,"100,000","100,000",Down,1,,30,30,10,-1,-1,0,0,0,0,-,0,0,$0,$0.00,$0.00,8,20,0,https://www.tiktok.com/@joshmacattack
506,7563830142955634743,daddylilsky24,GO,-1,13,,,N/A,0,Y,1.00,0,0%,7,7,0,15,15,0,0,1,"100,000","100,000",Down,1,,30,30,384,-1,-1,0,0,0,0,-,0,0,$0,$0.00,$0.00,8,20,0,https://www.tiktok.com/@daddylilsky24
507,7639114759606026253,isabella.hunkins7,GO,-1,6,,,N/A,0,Y,1.00,0,0%,7,7,0,15,15,0,0,1,"100,000","100,000",Down,1,,19,29,4,-1,-1,0,0,0,0,-,0,0,$0,$0.00,$0.00,8,20,0,https://www.tiktok.com/@isabella.hunkins7
508,7391102885259690001,riahx2x,GO,-1,28,@riahx319,,N/A,0,Y,1.00,0,0%,7,7,0,15,15,0,0,1,"100,000","100,000",Down,1,,26,28,107,-1,-1,0,0,0,0,-,0,0,$0,$0.00,$0.00,8,20,0,https://www.tiktok.com/@riahx2x
509,7540422547419217975,lalaloopsy.daisy,GO,-1,15,,,N/A,0,Y,1.00,0,0%,7,7,0,15,15,0,0,1,"100,000","100,000",Down,1,,27,27,500,-1,-1,0,0,0,0,-,0,0,$0,$0.00,$0.00,8,20,0,https://www.tiktok.com/@lalaloopsy.daisy
510,7657342483227262990,sizweml,GO,-1,4,@sizwem.,,N/A,0,Y,1.00,0,0%,7,7,0,15,15,0,0,1,"100,000","100,000",Down,1,,26,26,0,-1,-1,0,0,0,0,-,0,0,$0,$0.00,$0.00,8,20,0,https://www.tiktok.com/@sizweml
571,7655915582096949262,dlariahhj,GO,-1,5,,,HIRAM,0,Y,1.00,0,0%,7,7,0,15,15,0,0,1,"100,000","100,000",Down,1,,20,26,0,-1,-1,0,0,0,0,-,0,0,$0,$0.00,$0.00,8,20,0,https://www.tiktok.com/@dlariahhj
512,7484330241842987025,heavenrnybaribaddie,GO,-1,20,@supermom0363,,N/A,0,Y,1.00,0,0%,7,7,0,15,15,0,0,1,"100,000","100,000",Down,1,,18,25,0,-1,-1,0,0,0,0,-,0,0,$0,$0.00,$0.00,8,20,0,https://www.tiktok.com/@heavenrnybaribaddie
513,7678900931613900814,yfw_precii,GO,-1,3,@cashqvibes,,N/A,0,Y,1.00,0,0%,7,7,0,15,15,0,0,1,"100,000","100,000",Down,1,,1,25,457,-1,-1,0,0,0,0,-,0,0,$0,$0.00,$0.00,8,20,0,https://www.tiktok.com/@yfw_precii
136,7691178152206467086,shawtyluvtayk,GO,-1,2,,,DYLAN,90,Y,1.00,2,70%,7,5,4,15,11,"1,932","14,973",1,"100,000","98,068",Down,1,,"1,957",25,,-1,,1,0,0,0,-,0,0,$9,$0.00,$0.00,8,20,0,https://www.tiktok.com/@shawtyluvtayk
514,7597163507775324215,samanthaleighce,GO,-1,10,,,N/A,0,Y,1.00,0,0%,7,7,0,15,15,0,0,1,"100,000","100,000",Down,1,,24,24,0,-1,-1,0,0,0,0,-,0,0,$0,$0.00,$0.00,8,20,0,https://www.tiktok.com/@samanthaleighce
515,7655850302670946318,t_ombrown,GO,-1,5,@sherifkwameanyave,,N/A,0,Y,1.00,0,0%,7,7,0,15,15,0,0,1,"100,000","100,000",Down,1,,21,21,4,-1,-1,0,0,0,0,-,0,0,$0,$0.00,$0.00,8,20,0,https://www.tiktok.com/@t_ombrown
753,7667333810735923214,5mkyro,GO,-1,4,,,N/A,0,Y,1.00,0,0%,7,7,0,15,15,0,0,1,"100,000","100,000",Down,1,,20,20,220,-1,-1,0,0,0,0,-,0,0,$0,$0.00,$0.00,8,20,0,https://www.tiktok.com/@5mkyro
576,7615439953488592909,janelleexxx,GO,-1,8,,,N/A,0,Y,1.00,0,0%,7,7,0,15,15,0,0,1,"100,000","100,000",Down,1,,20,20,0,-1,-1,0,0,0,0,-,0,0,$0,$0.00,$0.00,8,20,0,https://www.tiktok.com/@janelleexxx
320,7668480875239325709,noslengcdn,GO,-1,4,@pokber.,Gaming,DYLAN,1,Y,1.00,1,35%,7,6,1,15,14,1,8,1,"100,000","99,999",Down,1,,20,19,158,3,4,20,0,0,0,-,0,0,$0,$0.00,$0.00,18,70,0,https://www.tiktok.com/@noslengcdn
518,7671367177660055566,liverwurst_spammy,GO,-1,3,,,N/A,0,Y,1.00,0,0%,7,7,0,15,15,0,0,1,"100,000","100,000",Down,1,,19,19,154,-1,-1,0,0,0,0,-,0,0,$0,$0.00,$0.00,8,20,0,https://www.tiktok.com/@liverwurst_spammy
519,7660311271845150734,oooyeahhpapaa,GO,-1,4,@oooyeahhpapaa,,DYLAN,0,Y,1.00,0,0%,7,7,0,15,15,0,0,1,"100,000","100,000",Down,1,,15,18,"14,797",2,4,17,0,0,0,-,0,0,$0,$0.00,$0.00,15,50,0,https://www.tiktok.com/@oooyeahhpapaa
520,7445169513122971665,melina_cajunroyaltea,GO,-1,13,,,N/A,0,Y,1.00,0,0%,7,7,0,15,15,0,0,1,"100,000","100,000",Down,1,,18,18,0,-1,-1,0,0,0,0,-,0,0,$0,$0.00,$0.00,8,20,0,https://www.tiktok.com/@melina_cajunroyaltea
521,7468407393785806865,lil.bitt094,GO,-1,21,@lilbitt094,,N/A,0,Y,1.00,0,0%,7,7,0,15,15,0,0,1,"100,000","100,000",Down,1,,17,17,0,-1,-1,0,0,0,0,-,0,0,$0,$0.00,$0.00,8,20,0,https://www.tiktok.com/@lil.bitt094
318,7639154827481759757,realryanmichaels,GO,-1,6,,Music,DYLAN + SKYLER,1,Y,1.00,2,70%,7,5,2,15,13,1,8,1,"100,000","99,999",Down,1,,1,16,131,-1,1,2,0,0,0,-,0,0,$0,$0.00,$0.00,8,20,0,https://www.tiktok.com/@realryanmichaels
319,7661912977532043278,techinatux96,GO,-1,,@tech_in_a_tux,Gaming,DYLAN,1,Y,1.00,3,106%,7,4,4,15,11,1,8,1,"100,000","99,999",Down,1,,1,13,196,0,-1,1,0,0,0,-,0,0,$0,$0.00,$0.00,8,20,0,https://www.tiktok.com/@techinatux96
522,7647913841367564302,road_vision,GO,-1,5,@roadvision,Gaming,NICO,0,Y,1.00,0,0%,7,7,0,15,15,0,0,1,"100,000","100,000",Down,1,,0,13,"1,023",-1,-1,0,0,0,0,-,0,0,$0,$0.00,$0.00,8,20,0,https://www.tiktok.com/@road_vision
523,7396679012728487937,iamchief313,GO,-1,12,,Music,N/A,0,Y,1.00,0,0%,7,7,0,15,15,0,0,1,"100,000","100,000",Down,1,,8,12,819,-1,-1,0,0,0,0,-,0,0,$0,$0.00,$0.00,8,20,0,https://www.tiktok.com/@iamchief313
802,7686802711286792205,alxiq999,GO,-1,2,@alex9994457,Gaming,N/A,0,Y,1.00,0,0%,7,7,0,15,15,0,0,1,"100,000","100,000",Down,1,,12,12,,-1,,0,0,0,0,-,0,0,$0,$0.00,$0.00,8,20,0,https://www.tiktok.com/@alxiq999
525,7582018343767425037,moonynikki,GO,-1,11,,,N/A,0,Y,1.00,0,0%,7,7,0,15,15,0,0,1,"100,000","100,000",Down,1,,12,12,0,-1,-1,0,0,0,0,-,0,0,$0,$0.00,$0.00,8,20,0,https://www.tiktok.com/@moonynikki
526,7421729618517835777,thatblondeodell21,GO,-1,25,,,N/A,0,Y,1.00,0,0%,7,7,0,15,15,0,0,1,"100,000","100,000",Down,1,,10,10,0,-1,-1,0,0,0,0,-,0,0,$0,$0.00,$0.00,8,20,0,https://www.tiktok.com/@thatblondeodell21
538,7438813614556938257,jenny.mccown,GO,-1,24,@jennymccown,,N/A,0,Y,1.00,0,0%,7,7,0,15,15,0,0,1,"100,000","100,000",Down,1,,10,10,0,-1,-1,0,0,0,0,-,0,0,$0,$0.00,$0.00,8,20,0,https://www.tiktok.com/@jenny.mccown
528,7433949556557234177,jordoncox74,GO,-1,8,@jordoncox74._71703,,N/A,0,Y,1.00,0,0%,7,7,0,15,15,0,0,1,"100,000","100,000",Down,1,,9,9,14,-1,-1,0,0,0,0,-,0,0,$0,$0.00,$0.00,8,20,0,https://www.tiktok.com/@jordoncox74
529,7359139490306195461,tu_dolor_de_nalga,GO,-1,31,@queenlalo,,N/A,0,Y,1.00,0,0%,7,7,0,15,15,0,0,1,"100,000","100,000",Down,1,,8,8,84,-1,-1,0,0,0,0,-,0,0,$0,$0.00,$0.00,8,20,0,https://www.tiktok.com/@tu_dolor_de_nalga
530,7563532819629293623,aka_audrey,GO,-1,8,@audrey_aka,,N/A,0,Y,1.00,0,0%,7,7,0,15,15,0,0,1,"100,000","100,000",Down,1,,8,8,0,-1,-1,0,0,0,0,-,0,0,$0,$0.00,$0.00,8,20,0,https://www.tiktok.com/@aka_audrey
531,7540210189027295287,iluv_pitabread,GO,-1,15,@kaytlin_blair_17767,Music,N/A,0,Y,1.00,0,0%,7,7,0,15,15,0,0,1,"100,000","100,000",Down,1,,8,8,33,-1,-1,0,"1,000","1,000",0,-,0,0,$0,$0.00,$0.00,8,20,0,https://www.tiktok.com/@iluv_pitabread
634,7676267944506048526,mooremoneyishere,GO,-1,3,,,N/A,0,Y,1.00,0,0%,7,7,0,15,15,0,0,1,"100,000","100,000",Down,1,,8,8,3,-1,-1,0,0,0,0,-,0,0,$0,$0.00,$0.00,8,20,0,https://www.tiktok.com/@mooremoneyishere
533,7655906098444288014,mirididitagain,GO,-1,5,,,HIRAM,0,Y,1.00,0,0%,7,7,0,15,15,0,0,1,"100,000","100,000",Down,1,,3,7,516,-1,-1,0,0,0,0,-,0,0,$0,$0.00,$0.00,8,20,0,https://www.tiktok.com/@mirididitagain
534,7642082813612965901,aerrionnnn,GO,-1,6,,,N/A,0,Y,1.00,0,0%,7,7,0,15,15,0,0,1,"100,000","100,000",Down,1,,7,7,21,-1,-1,0,0,0,0,-,0,0,$0,$0.00,$0.00,8,20,0,https://www.tiktok.com/@aerrionnnn
894,7662859789998833678,nahugoodshop,GO,-1,4,@themac12,,N/A,0,Y,1.00,0,0%,7,7,0,15,15,0,0,1,"100,000","100,000",Down,1,,7,7,5,-1,-1,0,0,0,0,-,0,0,$0,$0.00,$0.00,8,20,0,https://www.tiktok.com/@nahugoodshop
536,7621325434885586958,jm.krajc,GO,-1,8,@jmkrajc24,Music,SKYLER,0,Y,1.00,0,0%,7,7,0,15,15,0,0,1,"100,000","100,000",Down,1,,7,7,0,-1,-1,0,0,0,0,-,0,0,$0,$0.00,$0.00,8,20,0,https://www.tiktok.com/@jm.krajc
537,7445083336403533825,dwayne6sr,GO,-1,14,@dwayne_sr,,N/A,0,Y,1.00,0,0%,7,7,0,15,15,0,0,1,"100,000","100,000",Down,1,,7,7,10,-1,-1,0,0,0,0,-,0,0,$0,$0.00,$0.00,8,20,0,https://www.tiktok.com/@dwayne6sr
538,7628670592555925517,.deyvien,GO,-1,7,@laluhvr,,N/A,0,Y,1.00,0,0%,7,7,0,15,15,0,0,1,"100,000","100,000",Down,1,,7,7,0,-1,-1,0,0,0,0,-,0,0,$0,$0.00,$0.00,8,20,0,https://www.tiktok.com/@.deyvien
190,7665234389651210253,casttattoos,GO,-1,4,@castink,,N/A,18,Y,1.00,2,70%,7,5,8,15,7,370,"2,868",1,"100,000","99,630",Down,1,,370,6,163,-1,0,0,0,0,0,-,0,0,$2,$0.00,$0.00,8,20,0,https://www.tiktok.com/@casttattoos
908,7663655815336968205,breonnahhhh,GO,-1,4,@breonnah.,,N/A,0,Y,1.00,0,0%,7,7,0,15,15,0,0,1,"100,000","100,000",Down,1,,4,6,100,-1,-1,0,0,0,0,-,0,0,$0,$0.00,$0.00,8,20,0,https://www.tiktok.com/@breonnahhhh
1014,7662547847354630158,elura_code,GO,-1,4,@eluracode,,N/A,0,Y,1.00,0,0%,7,7,0,15,15,0,0,1,"100,000","100,000",Down,1,,6,6,0,-1,-1,0,0,0,0,-,0,0,$0,$0.00,$0.00,8,20,0,https://www.tiktok.com/@elura_code
264,7619036372107739150,adamsanderssinger,GO,-1,8,@joeshmoe102,Music,DYLAN + DYLAN,1,Y,1.00,1,35%,7,6,1,15,14,21,163,1,"100,000","99,979",Down,1,,25,5,"24,660",-1,-1,1,0,0,0,-,0,0,$0,$0.00,$0.00,8,20,0,https://www.tiktok.com/@adamsanderssinger
541,7602394582281764878,humblekeshhh,GO,-1,9,,,N/A,0,Y,1.00,0,0%,7,7,0,15,15,0,0,1,"100,000","100,000",Down,1,,0,5,249,-1,-1,0,0,0,0,-,0,0,$0,$0.00,$0.00,8,20,0,https://www.tiktok.com/@humblekeshhh
542,7499632144470507521,afternoon_dream007,GO,-1,18,,,N/A,0,Y,1.00,0,0%,7,7,0,15,15,0,0,1,"100,000","100,000",Down,1,,5,5,0,-1,-1,0,0,0,0,-,0,0,$0,$0.00,$0.00,8,20,0,https://www.tiktok.com/@afternoon_dream007
293,7688802839686316045,jake07463,GO,-1,2,,,N/A,2,Y,1.00,1,35%,7,6,3,15,12,4,31,1,"100,000","99,996",Down,1,,9,5,,-1,,0,0,0,0,-,0,0,$0,$0.00,$0.00,8,20,0,https://www.tiktok.com/@jake07463
324,7663957150120755214,iamthehermit,GO,-1,4,,,DYLAN,0,Y,1.00,2,70%,7,5,2,15,13,1,8,1,"100,000","99,999",Down,1,,5,4,1,1,-1,3,0,0,0,-,0,0,$0,$0.00,$0.00,12,35,0,https://www.tiktok.com/@iamthehermit
543,7637208158406164494,babygirl_chris13,GO,-1,6,,,N/A,0,Y,1.00,0,0%,7,7,0,15,15,0,0,1,"100,000","100,000",Down,1,,0,4,171,-1,-1,0,0,0,0,-,0,0,$0,$0.00,$0.00,8,20,0,https://www.tiktok.com/@babygirl_chris13
544,7422214040686149633,thelyonsband,GO,-1,12,@truth9529,,DYLAN,0,Y,1.00,0,0%,7,7,0,15,15,0,0,1,"100,000","100,000",Down,1,,3,3,3,-1,1,2,0,0,0,-,0,0,$0,$0.00,$0.00,8,20,0,https://www.tiktok.com/@thelyonsband
1149,7667781475709796365,chadbeloin,GO,-1,4,,Gaming,N/A,1,Y,1.00,0,0%,7,7,1,15,14,0,0,1,"100,000","100,000",Down,1,,3,3,0,-1,-1,0,0,0,0,-,0,0,$0,$0.00,$0.00,8,20,0,https://www.tiktok.com/@chadbeloin
546,7636470495126274062,miathefittest,GO,-1,6,,,N/A,0,Y,1.00,0,0%,7,7,0,15,15,0,0,1,"100,000","100,000",Down,1,,0,3,0,-1,-1,0,0,0,0,-,0,0,$0,$0.00,$0.00,8,20,0,https://www.tiktok.com/@miathefittest
547,7381724490935418881,iluvbeingt,GO,-1,16,@supermodelt,,SVEN,0,Y,1.00,0,0%,7,7,0,15,15,0,0,1,"100,000","100,000",Down,1,,3,3,80,-1,-1,0,0,0,0,-,0,0,$0,$0.00,$0.00,8,20,0,https://www.tiktok.com/@iluvbeingt
548,7642626231308926989,attiqo,GO,-1,6,@atiqullah.atiqo,,N/A,0,Y,1.00,0,0%,7,7,0,15,15,0,0,1,"100,000","100,000",Down,1,,3,3,340,-1,-1,0,0,0,0,-,0,0,$0,$0.00,$0.00,8,20,0,https://www.tiktok.com/@attiqo
549,7639296535284596749,lunarfairy7,GO,-1,6,@serestecelestia,,N/A,0,Y,1.00,0,0%,7,7,0,15,15,0,0,1,"100,000","100,000",Down,1,,3,3,0,-1,-1,0,0,0,0,-,0,0,$0,$0.00,$0.00,8,20,0,https://www.tiktok.com/@lunarfairy7
550,7619841173007384590,poseidonfavoritedaughter,GO,-1,8,@lunareclipse.0854,,N/A,1,Y,1.00,0,0%,7,7,1,15,14,0,0,1,"100,000","100,000",Down,1,,1,2,1,-1,-1,0,0,0,0,-,0,0,$0,$0.00,$0.00,8,20,0,https://www.tiktok.com/@poseidonfavoritedaughter
551,7621630233304809486,mylagooden,GO,-1,8,@yourpalmyla.,,N/A,0,Y,1.00,0,0%,7,7,0,15,15,0,0,1,"100,000","100,000",Down,1,,2,2,44,-1,-1,0,0,0,0,-,0,0,$0,$0.00,$0.00,8,20,0,https://www.tiktok.com/@mylagooden
552,7451019704396906497,likeromeo,GO,-1,23,@likeromeo,Gaming,N/A,0,Y,1.00,0,0%,7,7,0,15,15,0,0,1,"100,000","100,000",Down,1,,2,2,813,-1,-1,0,"9,000","2,000","7,000",-,0,0,$0,$0.00,$0.00,8,20,0,https://www.tiktok.com/@likeromeo
671,7672652964947017741,toocooltoya,GO,-1,3,@toocooltoya,,N/A,0,Y,1.00,0,0%,7,7,0,15,15,0,0,1,"100,000","100,000",Down,1,,2,2,120,-1,-1,0,0,0,0,-,0,0,$0,$0.00,$0.00,8,20,0,https://www.tiktok.com/@toocooltoya
272,7359138961387683846,xander5ktiktok,GO,-1,32,@xander5k,Gaming,N/A,0,Y,1.00,1,35%,7,6,4,15,11,14,109,1,"100,000","99,986",Down,1,,16,2,0,-1,-1,0,0,0,0,-,0,0,$0,$0.00,$0.00,8,20,0,https://www.tiktok.com/@xander5ktiktok
903,7664309942203138062,noodlegir1,GO,-1,4,@n00d1egir1,Gaming,DYLAN,0,Y,1.00,0,0%,7,7,0,15,15,0,0,1,"100,000","100,000",Down,1,,0,1,"1,060",-1,5,14,0,0,0,-,0,0,$0,$0.00,$0.00,8,20,0,https://www.tiktok.com/@noodlegir1
555,7620905797337399309,maxx.mayhem,GO,-1,8,@maxxmayhem_,Music,SKYLER,0,Y,1.00,1,35%,7,6,1,15,14,0,0,1,"100,000","100,000",Down,1,,0,1,1,-1,0,0,100,100,0,-,0,0,$0,$0.00,$0.00,8,20,0,https://www.tiktok.com/@maxx.mayhem
556,7662301748471676941,lenaxmetal,GO,-1,4,@merodak_666,Music,DYLAN,0,Y,1.00,0,0%,7,7,0,15,15,0,0,1,"100,000","100,000",Down,1,,0,1,566,-1,-1,0,0,0,0,-,0,0,$0,$0.00,$0.00,8,20,0,https://www.tiktok.com/@lenaxmetal
557,7402356102475694081,dr.labrasca,GO,-1,27,,,N/A,0,Y,1.00,0,0%,7,7,0,15,15,0,0,1,"100,000","100,000",Down,1,,0,1,48,-1,-1,0,0,0,0,-,0,0,$0,$0.00,$0.00,8,20,0,https://www.tiktok.com/@dr.labrasca
665,7673843675218231310,chef_dave83,GO,-1,3,@spydermungki,,N/A,0,Y,1.00,0,0%,7,7,0,15,15,0,0,1,"100,000","100,000",Down,1,,0,1,22,-1,-1,0,0,0,0,-,0,0,$0,$0.00,$0.00,8,20,0,https://www.tiktok.com/@chef_dave83
631,7668527129616990222,therebelnamedkayne,GO,-1,4,@am3nur4nus,,N/A,0,Y,1.00,0,0%,7,7,0,15,15,0,0,1,"100,000","100,000",Down,1,,1,1,0,-1,-1,0,0,0,0,-,0,0,$0,$0.00,$0.00,8,20,0,https://www.tiktok.com/@therebelnamedkayne
560,7542677448308244535,tatyanadvoce,GO,-1,15,@tatyanadvoce_33678,Music,N/A,0,Y,1.00,0,0%,7,7,0,15,15,0,0,1,"100,000","100,000",Down,1,,1,1,961,-1,-1,0,"1,000","1,000",0,-,0,0,$0,$0.00,$0.00,8,20,0,https://www.tiktok.com/@tatyanadvoce
943,7663638031621963790,OFF,GO,-1,,#N/A,#N/A,#N/A,,Y,1.00,,0%,7,7,0,15,15,0,0,1,,,#N/A,,,0,1,112,-1,-1,,0,0,0,#N/A,,,$0,,$0.00,8,20,0,https://www.tiktok.com/@OFF
1035,7677751469734608910,tiotito007,GO,-1,3,,,N/A,0,Y,1.00,0,0%,7,7,0,15,15,0,0,1,"100,000","100,000",Down,1,,1,1,0,-1,-1,0,0,0,0,-,0,0,$0,$0.00,$0.00,8,20,0,https://www.tiktok.com/@tiotito007
1034,7359136027271004165,onfolokeblogs,GO,-1,3,,,N/A,0,Y,1.00,0,0%,7,7,0,15,15,0,0,1,"100,000","100,000",Down,1,,1,1,0,-1,-1,0,0,0,0,-,0,0,$0,$0.00,$0.00,8,20,0,https://www.tiktok.com/@onfolokeblogs
564,7543135486290935863,johnny_soap_mactavish5,GO,-1,15,@hizashi_yamada.present.mic,,N/A,0,Y,1.00,0,0%,7,7,0,15,15,0,0,1,"100,000","100,000",Down,1,,1,1,0,-1,-1,0,0,0,0,-,0,0,$0,$0.00,$0.00,8,20,0,https://www.tiktok.com/@johnny_soap_mactavish5
565,7452915501849772048,hannahcardenn,GO,-1,15,@hannahcarden,,N/A,0,Y,1.00,0,0%,7,7,0,15,15,0,0,1,"100,000","100,000",Down,1,,1,1,0,-1,-1,0,0,0,0,-,0,0,$0,$0.00,$0.00,8,20,0,https://www.tiktok.com/@hannahcardenn
566,7620557148803842062,codyunderhill86,GO,-1,8,,Music,SKYLER,0,Y,1.00,0,0%,7,7,0,15,15,0,0,1,"100,000","100,000",Down,1,,1,1,0,-1,-1,0,0,0,0,-,0,0,$0,$0.00,$0.00,8,20,0,https://www.tiktok.com/@codyunderhill86
567,7602836437343420429,its.sheemahhh,GO,-1,9,,,N/A,0,Y,1.00,0,0%,7,7,0,15,15,0,0,1,"100,000","100,000",Down,1,,1,1,117,-1,-1,0,0,0,0,-,0,0,$0,$0.00,$0.00,8,20,0,https://www.tiktok.com/@its.sheemahhh
568,7359135232215384069,taboost.me,GO,-1,43,,,N/A,0,Y,1.00,0,0%,7,7,0,15,15,0,0,1,"100,000","100,000",Down,1,,1,1,81,-1,-1,0,0,0,0,-,0,0,$0,$0.00,$0.00,8,20,0,https://www.tiktok.com/@taboost.me
569,7542995911794933773,alexarennae24,GO,-1,15,,,N/A,0,Y,1.00,0,0%,7,7,0,15,15,0,0,1,"100,000","100,000",Down,1,,1,1,18,-1,-1,0,0,0,0,-,0,0,$0,$0.00,$0.00,8,20,0,https://www.tiktok.com/@alexarennae24
570,7457698867681984513,hayleyhelminski,GO,-1,22,,,COLTON,0,Y,1.00,0,0%,7,7,0,15,15,0,0,1,"100,000","100,000",Down,1,,1,1,7,-1,-1,0,0,0,0,-,0,0,$0,$0.00,$0.00,8,20,0,https://www.tiktok.com/@hayleyhelminski
1149,7662978698873782286,locd.in.with.kiwi,GO,-1,4,@kiwinkle2076,,N/A,0,Y,1.00,0,0%,7,7,0,15,15,0,0,1,"100,000","100,000",Down,1,,1,1,1,-1,-1,0,0,0,0,-,0,0,$0,$0.00,$0.00,8,20,0,https://www.tiktok.com/@locd.in.with.kiwi
572,7459396293287247888,sasha_owens,GO,-1,22,@astrowitch20,,N/A,4,Y,1.00,1,35%,7,6,1,15,14,0,0,1,"100,000","100,000",Down,1,,1,1,0,-1,-1,0,0,0,0,-,0,0,$0,$0.00,$0.00,8,20,0,https://www.tiktok.com/@sasha_owens
594,7628793293090111502,julieprimo31,GO,-1,7,,,ETHAN,0,Y,1.00,0,0%,7,7,0,15,15,0,0,1,"100,000","100,000",Down,1,,1,1,0,-1,-1,0,0,0,0,-,0,0,$0,$0.00,$0.00,8,20,0,https://www.tiktok.com/@julieprimo31
574,7556036556927090702,th3onef3ar,GO,-1,13,@theon3f3ar,Gaming,DYLAN,0,N,1.00,0,0%,7,7,0,15,15,0,0,1,"100,000","100,000",Down,1,,0,0,0,1,2,8,0,0,0,-,0,0,$0,$0.00,$0.00,12,35,0,https://www.tiktok.com/@th3onef3ar
687,7673993113815269390,gamingvibes0101,GO,-1,3,@sagaxgaming,Gaming,DYLAN,1,Y,1.00,3,106%,7,4,4,15,11,0,0,1,"100,000","100,000",Down,1,,0,0,63,1,2,8,0,0,0,-,0,0,$0,$0.00,$0.00,12,35,0,https://www.tiktok.com/@gamingvibes0101
1149,7666609633879932942,jomsei_live,GO,-1,4,,,DYLAN,0,Y,1.00,0,0%,7,7,0,15,15,0,0,1,"100,000","100,000",Down,1,,0,0,105,0,2,6,0,0,0,-,0,0,$0,$0.00,$0.00,8,20,0,https://www.tiktok.com/@jomsei_live
577,7359134498598158342,caleb_caldwell1,GO,-1,55,@calebcaldwell,Gaming,DYLAN,0,Y,1.00,0,0%,7,7,0,15,15,0,0,1,"100,000","100,000",Down,1,,0,0,"118,766",-1,0,5,"83,125",0,"83,125",-,0,0,$0,$0.00,$0.00,8,20,0,https://www.tiktok.com/@caleb_caldwell1
976,7667361874769592334,ayaqwrz,GO,-1,4,,,DYLAN,0,Y,1.00,0,0%,7,7,0,15,15,0,0,1,"100,000","100,000",Down,1,,0,0,"1,765",-1,2,5,0,0,0,-,0,0,$0,$0.00,$0.00,8,20,0,https://www.tiktok.com/@ayaqwrz
579,7547563824795271223,rdino_36,GO,-1,14,@rdino3645,Gaming,DYLAN,0,Y,1.00,0,0%,7,7,0,15,15,0,0,1,"100,000","100,000",Down,1,,0,0,"2,756",-1,2,5,0,0,0,-,0,0,$0,$0.00,$0.00,8,20,0,https://www.tiktok.com/@rdino_36
994,7665884180353597454,aidensettembrini,GO,-1,4,@aidensettembrini,,DYLAN,0,Y,1.00,0,0%,7,7,0,15,15,0,0,1,"100,000","100,000",Down,1,,0,0,"7,984",-1,1,2,0,0,0,-,0,0,$0,$0.00,$0.00,8,20,0,https://www.tiktok.com/@aidensettembrini
707,7672690536448409613,artbyanniemay,GO,-1,3,@katzchen97,,DYLAN + SKYLER,0,Y,1.00,0,0%,7,7,0,15,15,0,0,1,"100,000","100,000",Down,1,,0,0,609,-1,1,2,0,0,0,-,0,0,$0,$0.00,$0.00,8,20,0,https://www.tiktok.com/@artbyanniemay
582,7670359455988498445,imadbutalsohappy,GO,-1,3,@madimood,,DYLAN,0,Y,1.00,0,0%,7,7,0,15,15,0,0,1,"100,000","100,000",Down,1,,0,0,244,-1,1,2,0,0,0,-,0,0,$0,$0.00,$0.00,8,20,0,https://www.tiktok.com/@imadbutalsohappy
970,7474398304470597633,nooneq8k,GO,-1,21,@kirstenswasey,,DYLAN,0,Y,1.00,0,0%,7,7,0,15,15,0,0,1,"100,000","100,000",Down,1,,0,0,136,-1,1,2,0,0,0,-,0,0,$0,$0.00,$0.00,8,20,0,https://www.tiktok.com/@nooneq8k
997,7667349513107062798,dfwroofadvisor,GO,-1,4,@dfwroofadvisor_63256,,N/A,0,Y,1.00,0,0%,7,7,0,15,15,0,0,1,"100,000","100,000",Down,1,,0,0,"12,123",-1,0,0,"8,000","3,000","5,000",-,0,0,$0,$0.00,$0.00,8,20,0,https://www.tiktok.com/@dfwroofadvisor
585,7515236092191195153,lunawolf4595,GO,-1,17,@morgen0054,,N/A,0,Y,1.00,0,0%,7,7,0,15,15,0,0,1,"100,000","100,000",Down,1,,0,0,28,-1,0,0,0,0,0,-,0,0,$0,$0.00,$0.00,8,20,0,https://www.tiktok.com/@lunawolf4595
586,7391295129262538753,rise2thebeat,GO,-1,4,@h3adhunt3r0420,,DYLAN,0,Y,1.00,0,0%,7,7,0,15,15,0,0,1,"100,000","100,000",Down,1,,0,0,"39,575",-1,-1,1,0,0,0,-,0,0,$0,$0.00,$0.00,8,20,0,https://www.tiktok.com/@rise2thebeat
587,7587257848577441847,im.just.a.girly39,GO,-1,11,@nicoles.here3,Gaming,BRYTON,0,Y,1.00,0,0%,7,7,0,15,15,0,0,1,"100,000","100,000",Down,1,,0,0,48,-1,-1,0,0,0,0,-,0,0,$0,$0.00,$0.00,8,20,0,https://www.tiktok.com/@im.just.a.girly39
1149,7665216999102103566,xydice02,GO,-1,4,@hykur0,,N/A,0,N,1.00,0,0%,7,7,0,15,15,0,0,1,"100,000","100,000",Down,1,,0,0,0,-1,-1,0,0,0,0,-,0,0,$0,$0.00,$0.00,8,20,0,https://www.tiktok.com/@xydice02
589,7359139067122057222,phiva357,GO,-1,32,@phiva357,,N/A,0,Y,1.00,0,0%,7,7,0,15,15,0,0,1,"100,000","100,000",Down,1,,0,0,191,-1,-1,0,"3,500",0,"3,500",-,0,0,$0,$0.00,$0.00,8,20,0,https://www.tiktok.com/@phiva357
590,7551954482628673591,xohugggxo,GO,-1,14,@kenziehugg,Gaming,BRYTON,0,Y,1.00,0,0%,7,7,0,15,15,0,0,1,"100,000","100,000",Down,1,,0,0,"5,504",-1,-1,0,0,0,0,-,0,0,$0,$0.00,$0.00,8,20,0,https://www.tiktok.com/@xohugggxo
1149,7667301385758818318,kylegosse0,GO,-1,4,,,N/A,0,Y,1.00,0,0%,7,7,0,15,15,0,0,1,"100,000","100,000",Down,1,,0,0,216,-1,-1,0,0,0,0,-,0,0,$0,$0.00,$0.00,8,20,0,https://www.tiktok.com/@kylegosse0
592,7359137040853860358,kyland.young,GO,-1,36,@khaotic713,,N/A,0,N,1.00,0,0%,7,7,0,15,15,0,0,1,"100,000","100,000",Down,1,,0,0,0,-1,-1,0,"234,300","213,800","20,500",-,0,0,$0,$0.00,$0.00,8,20,0,https://www.tiktok.com/@kyland.young
593,7616898653898194958,lo.forge,GO,-1,8,@ren.music,Music,N/A,0,N,1.00,0,0%,7,7,0,15,15,0,0,1,"100,000","100,000",Down,1,,0,0,0,-1,-1,0,0,0,0,-,0,0,$0,$0.00,$0.00,8,20,0,https://www.tiktok.com/@lo.forge
594,7459925345228144656,breachrepairersoutreach,GO,-1,22,@ccfellowship,,N/A,0,Y,1.00,0,0%,7,7,0,15,15,0,0,1,"100,000","100,000",Down,1,,0,0,"1,749",-1,-1,0,0,0,0,-,0,0,$0,$0.00,$0.00,8,20,0,https://www.tiktok.com/@breachrepairersoutreach
595,7535567490525675533,nita_b1068,GO,-1,15,@azphillips78,,DYLAN,0,Y,1.00,0,0%,7,7,0,15,15,0,0,1,"100,000","100,000",Down,1,,0,0,"1,080",-1,-1,0,0,0,0,-,0,0,$0,$0.00,$0.00,8,20,0,https://www.tiktok.com/@nita_b1068
596,7634706761953558541,roxythekaraokequeen,GO,-1,6,@djroxy_music,Music,DYLAN,0,Y,1.00,0,0%,7,7,0,15,15,0,0,1,"100,000","100,000",Down,1,,0,0,621,-1,-1,0,0,0,0,-,0,0,$0,$0.00,$0.00,8,20,0,https://www.tiktok.com/@roxythekaraokequeen
942,7655487159129882638,1017kore,GO,-1,5,@kore0625,,N/A,0,Y,1.00,0,0%,7,7,0,15,15,0,0,1,"100,000","100,000",Down,1,,0,0,223,-1,-1,0,0,0,0,-,0,0,$0,$0.00,$0.00,8,20,0,https://www.tiktok.com/@1017kore
598,7653223648677052429,messmami38,GO,-1,5,,,N/A,0,N,1.00,0,0%,7,7,0,15,15,0,0,1,"100,000","100,000",Down,1,,0,0,0,-1,-1,0,0,0,0,-,0,0,$0,$0.00,$0.00,8,20,0,https://www.tiktok.com/@messmami38
599,7661804003763732494,loveuukristina,GO,-1,4,@kortana5759,,N/A,0,N,1.00,0,0%,7,7,0,15,15,0,0,1,"100,000","100,000",Down,1,,0,0,0,-1,-1,0,0,0,0,-,0,0,$0,$0.00,$0.00,8,20,0,https://www.tiktok.com/@loveuukristina
1149,7662940883779600397,voldxr,GO,-1,4,@voldxr,,N/A,0,N,1.00,0,0%,7,7,0,15,15,0,0,1,"100,000","100,000",Down,1,,0,0,0,-1,-1,0,0,0,0,-,0,0,$0,$0.00,$0.00,8,20,0,https://www.tiktok.com/@voldxr
601,7359137901097025542,hunterbenjamin3,GO,-1,8,@hunterbenjamin,,N/A,0,Y,1.00,0,0%,7,7,0,15,15,0,0,1,"100,000","100,000",Down,1,,0,0,"9,806",-1,-1,0,0,0,0,-,0,0,$0,$0.00,$0.00,8,20,0,https://www.tiktok.com/@hunterbenjamin3
602,7359135264155107334,danielsbrowning,GO,-1,42,@danielsbrowning,,N/A,0,Y,1.00,0,0%,7,7,0,15,15,0,0,1,"100,000","100,000",Down,1,,0,0,"17,911",-1,-1,0,0,0,0,-,0,0,$0,$0.00,$0.00,8,20,0,https://www.tiktok.com/@danielsbrowning
603,7577837917884858382,whoistatumbittick,GO,-1,12,@tatumbittick,Athlete,ASHLEY,0,Y,1.00,0,0%,7,7,0,15,15,0,0,1,"100,000","100,000",Down,1,,0,0,"18,390",-1,-1,0,0,0,0,-,0,0,$0,$0.00,$0.00,8,20,0,https://www.tiktok.com/@whoistatumbittick
604,7359138475368513541,scarlettjlopez,GO,-1,33,@scarlettlope,,N/A,0,Y,1.00,0,0%,7,7,0,15,15,0,0,1,"100,000","100,000",Down,1,,0,0,"11,454",-1,-1,0,"98,000","61,000","37,000",-,0,0,$0,$0.00,$0.00,8,20,0,https://www.tiktok.com/@scarlettjlopez
605,7421845838604828688,nlmbmeeky,GO,-1,25,@nlmbmeeky,,N/A,0,Y,1.00,0,0%,7,7,0,15,15,0,0,1,"100,000","100,000",Down,1,,0,0,"7,003",-1,-1,0,0,0,0,-,0,0,$0,$0.00,$0.00,8,20,0,https://www.tiktok.com/@nlmbmeeky
606,7667088593101340685,sonder_ing,GO,-1,3,@sonder.ing,,N/A,0,Y,1.00,0,0%,7,7,0,15,15,0,0,1,"100,000","100,000",Down,1,,0,0,"5,269",-1,-1,0,0,0,0,-,0,0,$0,$0.00,$0.00,8,20,0,https://www.tiktok.com/@sonder_ing
607,7463636777518088193,itsbriannablake,GO,-1,22,@brianna_iguana,Music,MANDI,0,Y,1.00,0,0%,7,7,0,15,15,0,0,1,"100,000","100,000",Down,1,,0,0,"5,158",-1,-1,0,"7,000",0,"7,000",-,0,0,$0,$0.00,$0.00,8,20,0,https://www.tiktok.com/@itsbriannablake
608,7467455099565178896,medusawhispers,GO,-1,21,@medusawhispers,ASMR,N/A,0,Y,1.00,0,0%,7,7,0,15,15,0,0,1,"100,000","100,000",Down,1,,0,0,"4,557",-1,-1,0,0,0,0,-,0,0,$0,$0.00,$0.00,8,20,0,https://www.tiktok.com/@medusawhispers
609,7655916321804271630,arixjolee,GO,-1,5,@arixjolee,,HIRAM,0,Y,1.00,0,0%,7,7,0,15,15,0,0,1,"100,000","100,000",Down,1,,0,0,"4,529",-1,-1,0,0,0,0,-,0,0,$0,$0.00,$0.00,8,20,0,https://www.tiktok.com/@arixjolee
610,7359135099172159494,mayhem.meadows.farm,GO,-1,44,@destinyhampton8,,N/A,0,Y,1.00,0,0%,7,7,0,15,15,0,0,1,"100,000","100,000",Down,1,,0,0,"4,265",-1,-1,0,"2,000",0,"2,000",-,0,0,$0,$0.00,$0.00,8,20,0,https://www.tiktok.com/@mayhem.meadows.farm
127,7359136670739922949,jabbartiller,GO,-1,37,@gawdtiller,,DYLAN,6,Y,1.00,2,70%,7,5,4,15,11,"2,462","19,081",1,"100,000","97,538",Down,1,,"2,462",0,"3,488",-1,-1,1,"18,750","15,000","3,750",-,0,0,$11,$0.00,$0.00,8,20,0,https://www.tiktok.com/@jabbartiller
611,7467718585595723793,a_aronfish,GO,-1,21,@a_aronfish,,N/A,0,Y,1.00,0,0%,7,7,0,15,15,0,0,1,"100,000","100,000",Down,1,,0,0,"3,143",-1,-1,0,0,0,0,-,0,0,$0,$0.00,$0.00,8,20,0,https://www.tiktok.com/@a_aronfish
612,7526011761204576272,bdawg927,GO,-1,7,@bigbrand234,,BRANDON,0,Y,1.00,0,0%,7,7,0,15,15,0,0,1,"100,000","100,000",Down,1,,0,0,"2,896",-1,-1,0,0,0,0,-,0,0,$0,$0.00,$0.00,8,20,0,https://www.tiktok.com/@bdawg927
613,7635240999958200334,coburnofficial,GO,-1,6,@erincoburnofficial,Music,SKYLER,0,Y,1.00,0,0%,7,7,0,15,15,0,0,1,"100,000","100,000",Down,1,,0,0,"2,610",-1,-1,0,0,0,0,-,0,0,$0,$0.00,$0.00,8,20,0,https://www.tiktok.com/@coburnofficial
1149,7666169077278228494,kreme.one11,GO,-1,4,,,N/A,0,Y,1.00,0,0%,7,7,0,15,15,0,0,1,"100,000","100,000",Down,1,,0,0,"2,015",-1,-1,0,0,0,0,-,0,0,$0,$0.00,$0.00,8,20,0,https://www.tiktok.com/@kreme.one11
615,7575714181307973645,wonderfulldai,GO,-1,12,,,N/A,0,Y,1.00,0,0%,7,7,0,15,15,0,0,1,"100,000","100,000",Down,1,,0,0,"1,708",-1,-1,0,0,0,0,-,0,0,$0,$0.00,$0.00,8,20,0,https://www.tiktok.com/@wonderfulldai
616,7631737730099232782,heffanie.95,GO,-1,7,@turkey25,,JOE,0,Y,1.00,0,0%,7,7,0,15,15,0,0,1,"100,000","100,000",Down,1,,0,0,"1,509",-1,-1,0,0,0,0,-,0,0,$0,$0.00,$0.00,8,20,0,https://www.tiktok.com/@heffanie.95
617,7359137184366034949,fishingwithollie1,GO,-1,18,@fishingwithollie,,N/A,0,Y,1.00,0,0%,7,7,0,15,15,0,0,1,"100,000","100,000",Down,1,,0,0,"1,391",-1,-1,0,"1,000",0,"1,000",-,0,0,$0,$0.00,$0.00,8,20,0,https://www.tiktok.com/@fishingwithollie1
748,7672570392485281806,gobgiantcr_,GO,-1,3,@j.benn10,,N/A,0,Y,1.00,0,0%,7,7,0,15,15,0,0,1,"100,000","100,000",Down,1,,0,0,"1,258",-1,-1,0,0,0,0,-,0,0,$0,$0.00,$0.00,8,20,0,https://www.tiktok.com/@gobgiantcr_
619,7545275004133523470,ibentleyplays,GO,-1,14,@1codybentley,Gaming,BRYTON,0,Y,1.00,0,0%,7,7,0,15,15,0,0,1,"100,000","100,000",Down,1,,0,0,"1,050",-1,-1,0,0,0,0,-,0,0,$0,$0.00,$0.00,8,20,0,https://www.tiktok.com/@ibentleyplays
620,7571622575235776567,chefvaun,GO,-1,12,@vaunt34,Gaming,TRE,0,Y,1.00,0,0%,7,7,0,15,15,0,0,1,"100,000","100,000",Down,1,,0,0,24,-1,-1,0,0,0,0,-,0,0,$0,$0.00,$0.00,8,20,0,https://www.tiktok.com/@chefvaun
621,7662106515356106766,poritass,GO,-1,4,,,N/A,0,Y,1.00,0,0%,7,7,0,15,15,0,0,1,"100,000","100,000",Down,1,,0,0,1,-1,-1,0,0,0,0,-,0,0,$0,$0.00,$0.00,8,20,0,https://www.tiktok.com/@poritass
622,7359138483878854661,jadeakellymusic,GO,-1,33,@jadeakelly,Music,N/A,0,Y,1.00,0,0%,7,7,0,15,15,0,0,1,"100,000","100,000",Down,1,,0,0,829,-1,-1,0,"10,000",0,"10,000",-,0,0,$0,$0.00,$0.00,8,20,0,https://www.tiktok.com/@jadeakellymusic
623,7576802269769973815,chantelrosee,GO,-1,8,@chantitss,,N/A,0,Y,1.00,0,0%,7,7,0,15,15,0,0,1,"100,000","100,000",Down,1,,0,0,824,-1,-1,0,0,0,0,-,0,0,$0,$0.00,$0.00,8,20,0,https://www.tiktok.com/@chantelrosee
661,7589643760687104055,ellen_leanne,GO,-1,10,,,N/A,0,Y,1.00,0,0%,7,7,0,15,15,0,0,1,"100,000","100,000",Down,1,,0,0,809,-1,-1,0,0,0,0,-,0,0,$0,$0.00,$0.00,8,20,0,https://www.tiktok.com/@ellen_leanne
625,7359139337948168197,empress3y3s,GO,-1,32,@empresseyesofficial,,N/A,0,Y,1.00,0,0%,7,7,0,15,15,0,0,1,"100,000","100,000",Down,1,,0,0,803,-1,-1,0,0,0,0,-,0,0,$0,$0.00,$0.00,8,20,0,https://www.tiktok.com/@empress3y3s
626,7433891077771476993,ohandblue,GO,-1,24,,,N/A,0,Y,1.00,0,0%,7,7,0,15,15,0,0,1,"100,000","100,000",Down,1,,0,0,773,-1,-1,0,0,0,0,-,0,0,$0,$0.00,$0.00,8,20,0,https://www.tiktok.com/@ohandblue
661,7674032992909737997,00.00.00.5150,GO,-1,3,,,N/A,0,Y,1.00,0,0%,7,7,0,15,15,0,0,1,"100,000","100,000",Down,1,,0,0,674,-1,-1,0,0,0,0,-,0,0,$0,$0.00,$0.00,8,20,0,https://www.tiktok.com/@00.00.00.5150
628,7359138375443709957,yaboiidomo27,GO,-1,33,@yaboiidomo27,,N/A,0,Y,1.00,0,0%,7,7,0,15,15,0,0,1,"100,000","100,000",Down,1,,0,0,641,-1,-1,0,0,0,0,-,0,0,$0,$0.00,$0.00,8,20,0,https://www.tiktok.com/@yaboiidomo27
629,7359135286036561926,lsxcrew,GO,-1,42,@lsxcrew,,N/A,0,Y,1.00,0,0%,7,7,0,15,15,0,0,1,"100,000","100,000",Down,1,,0,0,624,-1,-1,0,"2,500","2,000",500,-,0,0,$0,$0.00,$0.00,8,20,0,https://www.tiktok.com/@lsxcrew
630,7608679729838931982,ekklesiahorizon,GO,-1,9,@cloakedrevolution,,N/A,0,Y,1.00,0,0%,7,7,0,15,15,0,0,1,"100,000","100,000",Down,1,,0,0,525,-1,-1,0,0,0,0,-,0,0,$0,$0.00,$0.00,8,20,0,https://www.tiktok.com/@ekklesiahorizon
631,7478855821783253008,gardeninggrant,GO,-1,20,@gardeninggrant,,N/A,0,Y,1.00,0,0%,7,7,0,15,15,0,0,1,"100,000","100,000",Down,1,,0,0,462,-1,-1,0,0,0,0,-,0,0,$0,$0.00,$0.00,8,20,0,https://www.tiktok.com/@gardeninggrant
1063,7664719222358130701,thefishingfix,GO,-1,4,,,N/A,0,Y,1.00,0,0%,7,7,0,15,15,0,0,1,"100,000","100,000",Down,1,,0,0,419,-1,-1,0,0,0,0,-,0,0,$0,$0.00,$0.00,8,20,0,https://www.tiktok.com/@thefishingfix
633,7556036722329698317,blessxblessx,GO,-1,13,@blessx6975,Gaming,N/A,0,Y,1.00,0,0%,7,7,0,15,15,0,0,1,"100,000","100,000",Down,1,,0,0,329,-1,-1,0,0,0,0,-,0,0,$0,$0.00,$0.00,8,20,0,https://www.tiktok.com/@blessxblessx
634,7359135227891023878,keystone_outdoors3,GO,-1,43,,Music,N/A,0,Y,1.00,0,0%,7,7,0,15,15,0,0,1,"100,000","100,000",Down,1,,0,0,316,-1,-1,0,0,0,0,-,0,0,$0,$0.00,$0.00,8,20,0,https://www.tiktok.com/@keystone_outdoors3
668,7674041494650601485,prettyrixhhbihh,GO,-1,3,,,N/A,0,Y,1.00,0,0%,7,7,0,15,15,0,0,1,"100,000","100,000",Down,1,,0,0,300,-1,-1,0,0,0,0,-,0,0,$0,$0.00,$0.00,8,20,0,https://www.tiktok.com/@prettyrixhhbihh
636,7601673912480612366,ann041468,GO,-1,9,@annie079214,,N/A,0,Y,1.00,0,0%,7,7,0,15,15,0,0,1,"100,000","100,000",Down,1,,0,0,296,-1,-1,0,0,0,0,-,0,0,$0,$0.00,$0.00,8,20,0,https://www.tiktok.com/@ann041468
637,7605716528268591117,michelleistheboss1978,GO,-1,9,,,N/A,0,Y,1.00,0,0%,7,7,0,15,15,0,0,1,"100,000","100,000",Down,1,,0,0,286,-1,-1,0,0,0,0,-,0,0,$0,$0.00,$0.00,8,20,0,https://www.tiktok.com/@michelleistheboss1978
638,7488222207651381249,abbydames,GO,-1,19,,,N/A,0,Y,1.00,0,0%,7,7,0,15,15,0,0,1,"100,000","100,000",Down,1,,0,0,276,-1,-1,0,0,0,0,-,0,0,$0,$0.00,$0.00,8,20,0,https://www.tiktok.com/@abbydames
759,7673910867271925774,djalianne,GO,-1,3,@djannimal1344,Music,N/A,0,Y,1.00,0,0%,7,7,0,15,15,0,0,1,"100,000","100,000",Down,1,,0,0,270,-1,-1,0,0,0,0,-,0,0,$0,$0.00,$0.00,8,20,0,https://www.tiktok.com/@djalianne
640,7670640766523326478,0impulsecontrol_,GO,-1,3,@0impulsecontrol_,Gaming,N/A,0,Y,1.00,0,0%,7,7,0,15,15,0,0,1,"100,000","100,000",Down,1,,0,0,251,-1,-1,0,0,0,0,-,0,0,$0,$0.00,$0.00,8,20,0,https://www.tiktok.com/@0impulsecontrol_
641,7655905071162671117,kyreshaaa,GO,-1,5,,,HIRAM,0,Y,1.00,0,0%,7,7,0,15,15,0,0,1,"100,000","100,000",Down,1,,0,0,222,-1,-1,0,0,0,0,-,0,0,$0,$0.00,$0.00,8,20,0,https://www.tiktok.com/@kyreshaaa
642,7359136568071979013,adubthewarriorprincess,GO,-1,20,@nikkithewarriorprincess,,SVEN,0,Y,1.00,0,0%,7,7,0,15,15,0,0,1,"100,000","100,000",Down,1,,0,0,207,-1,-1,0,0,0,0,-,0,0,$0,$0.00,$0.00,8,20,0,https://www.tiktok.com/@adubthewarriorprincess
872,7663584975932899341,fc_joe2,GO,-1,4,,,N/A,0,Y,1.00,0,0%,7,7,0,15,15,0,0,1,"100,000","100,000",Down,1,,0,0,206,-1,-1,0,0,0,0,-,0,0,$0,$0.00,$0.00,8,20,0,https://www.tiktok.com/@fc_joe2
644,7359139437110067205,chadly886,GO,-1,32,@chadly886,,BRYTON,0,Y,1.00,0,0%,7,7,0,15,15,0,0,1,"100,000","100,000",Down,1,,0,0,199,-1,-1,0,"10,500",0,"10,500",-,0,0,$0,$0.00,$0.00,8,20,0,https://www.tiktok.com/@chadly886
645,7413973748551909393,idaffne,GO,-1,26,@ellezworld__,,N/A,0,Y,1.00,0,0%,7,7,0,15,15,0,0,1,"100,000","100,000",Down,1,,0,0,170,-1,-1,0,"58,500","58,000",500,-,0,0,$0,$0.00,$0.00,8,20,0,https://www.tiktok.com/@idaffne
646,7359135905594114054,shyannesmusic,GO,-1,27,@shyannegauvin,Music,N/A,0,Y,1.00,0,0%,7,7,0,15,15,0,0,1,"100,000","100,000",Down,1,,0,0,168,-1,-1,0,0,0,0,-,0,0,$0,$0.00,$0.00,8,20,0,https://www.tiktok.com/@shyannesmusic
1040,7359139726131003398,real.estate.agent,GO,-1,31,@dianasellsnc,,N/A,0,Y,1.00,0,0%,7,7,0,15,15,0,0,1,"100,000","100,000",Down,1,,0,0,148,-1,-1,0,"6,750",0,"6,750",-,0,0,$0,$0.00,$0.00,8,20,0,https://www.tiktok.com/@real.estate.agent
648,7359139642425507846,ctsorrell,GO,-1,31,@ctsorrell23,,N/A,0,Y,1.00,0,0%,7,7,0,15,15,0,0,1,"100,000","100,000",Down,1,,0,0,140,-1,-1,0,"15,500",0,"15,500",-,0,0,$0,$0.00,$0.00,8,20,0,https://www.tiktok.com/@ctsorrell
649,7624693521056022542,.driveithome,GO,-1,7,@driveithome.,,MANDI,0,Y,1.00,0,0%,7,7,0,15,15,0,0,1,"100,000","100,000",Down,1,,0,0,130,-1,-1,0,0,0,0,-,0,0,$0,$0.00,$0.00,8,20,0,https://www.tiktok.com/@.driveithome
650,7510771128055398417,knzsvisuals,GO,-1,17,,,N/A,0,Y,1.00,0,0%,7,7,0,15,15,0,0,1,"100,000","100,000",Down,1,,0,0,113,-1,-1,0,0,0,0,-,0,0,$0,$0.00,$0.00,8,20,0,https://www.tiktok.com/@knzsvisuals
651,7359135262674452485,nantsinthepants,GO,-1,29,,,N/A,0,Y,1.00,0,0%,7,7,0,15,15,0,0,1,"100,000","100,000",Down,1,,0,0,107,-1,-1,0,0,0,0,-,0,0,$0,$0.00,$0.00,8,20,0,https://www.tiktok.com/@nantsinthepants
652,7537793382597410829,svendranoel,GO,-1,15,@svendranoel,Gaming,N/A,0,Y,1.00,0,0%,7,7,0,15,15,0,0,1,"100,000","100,000",Down,1,,0,0,107,-1,-1,0,"102,000","102,000",0,-,0,0,$0,$0.00,$0.00,8,20,0,https://www.tiktok.com/@svendranoel
653,7363316839583268881,darland.jason,GO,-1,31,,,N/A,0,Y,1.00,0,0%,7,7,0,15,15,0,0,1,"100,000","100,000",Down,1,,0,0,100,-1,-1,0,0,0,0,-,0,0,$0,$0.00,$0.00,8,20,0,https://www.tiktok.com/@darland.jason
654,7670473323134042125,soymicky.oficial,GO,-1,3,@soymickywey,,N/A,0,Y,1.00,0,0%,7,7,0,15,15,0,0,1,"100,000","100,000",Down,1,,0,0,68,-1,-1,0,0,0,0,-,0,0,$0,$0.00,$0.00,8,20,0,https://www.tiktok.com/@soymicky.oficial
693,7610186902892855310,kaitoosimple,GO,-1,9,@simp.kaii_1032,,N/A,0,Y,1.00,0,0%,7,7,0,15,15,0,0,1,"100,000","100,000",Down,1,,0,0,56,-1,-1,0,0,0,0,-,0,0,$0,$0.00,$0.00,8,20,0,https://www.tiktok.com/@kaitoosimple
656,7363458991315501072,tx_clarebear,GO,-1,15,@tx_clarebear,,N/A,0,Y,1.00,0,0%,7,7,0,15,15,0,0,1,"100,000","100,000",Down,1,,0,0,50,-1,-1,0,0,0,0,-,0,0,$0,$0.00,$0.00,8,20,0,https://www.tiktok.com/@tx_clarebear
657,7402976045227556880,lyvidyka,GO,-1,20,@lyvidyka,,N/A,0,Y,1.00,0,0%,7,7,0,15,15,0,0,1,"100,000","100,000",Down,1,,0,0,45,-1,-1,0,0,0,0,-,0,0,$0,$0.00,$0.00,8,20,0,https://www.tiktok.com/@lyvidyka
683,7668013970632196109,notparissimone,GO,-1,4,@tharealgoddessparis,,N/A,0,Y,1.00,0,0%,7,7,0,15,15,0,0,1,"100,000","100,000",Down,1,,0,0,38,-1,-1,0,0,0,0,-,0,0,$0,$0.00,$0.00,8,20,0,https://www.tiktok.com/@notparissimone
659,7633535403605278734,daveyboyjones,GO,-1,7,@daveyboyjones,Music,SKYLER,0,Y,1.00,0,0%,7,7,0,15,15,0,0,1,"100,000","100,000",Down,1,,0,0,33,-1,-1,0,100,100,0,-,0,0,$0,$0.00,$0.00,8,20,0,https://www.tiktok.com/@daveyboyjones
965,7471057955509682177,kinkyykenzzz,GO,-1,21,,,N/A,0,Y,1.00,0,0%,7,7,0,15,15,0,0,1,"100,000","100,000",Down,1,,0,0,28,-1,-1,0,"5,000",0,"5,000",-,0,0,$0,$0.00,$0.00,8,20,0,https://www.tiktok.com/@kinkyykenzzz
661,7409457835299356689,boundmanlove,GO,-1,26,@boundmanlove,Gaming,DYLAN,0,Y,1.00,0,0%,7,7,0,15,15,0,0,1,"100,000","100,000",Down,1,,0,0,27,-1,-1,0,"31,000","30,000","1,000",-,0,0,$0,$0.00,$0.00,8,20,0,https://www.tiktok.com/@boundmanlove
1149,7662353289761308685,omcatmusic,GO,-1,4,,Music,DYLAN,0,Y,1.00,0,0%,7,7,0,15,15,0,0,1,"100,000","100,000",Down,1,,0,0,27,-1,-1,0,0,0,0,-,0,0,$0,$0.00,$0.00,8,20,0,https://www.tiktok.com/@omcatmusic
663,7540363984634003470,brianapaine_,GO,-1,13,@bripaine_,,N/A,0,Y,1.00,0,0%,7,7,0,15,15,0,0,1,"100,000","100,000",Down,1,,0,0,22,-1,-1,0,0,0,0,-,0,0,$0,$0.00,$0.00,8,20,0,https://www.tiktok.com/@brianapaine_
664,7459330346849697793,jah.osh,GO,-1,22,@objectivelyswag,,N/A,0,Y,1.00,0,0%,7,7,0,15,15,0,0,1,"100,000","100,000",Down,1,,0,0,21,-1,-1,0,0,0,0,-,0,0,$0,$0.00,$0.00,8,20,0,https://www.tiktok.com/@jah.osh
808,7359135318186033158,happy.hippogh,GO,-1,42,,,N/A,0,Y,1.00,0,0%,7,7,0,15,15,0,0,1,"100,000","100,000",Down,1,,0,0,21,-1,-1,0,0,0,0,-,0,0,$0,$0.00,$0.00,8,20,0,https://www.tiktok.com/@happy.hippogh
666,7513363198867914753,queenofhearts0069_,GO,-1,17,@queenofhearts0069,,N/A,0,Y,1.00,0,0%,7,7,0,15,15,0,0,1,"100,000","100,000",Down,1,,0,0,20,-1,-1,0,0,0,0,-,0,0,$0,$0.00,$0.00,8,20,0,https://www.tiktok.com/@queenofhearts0069_
667,7601660558693285902,stubbsx88,GO,-1,9,@mstubbs88,,N/A,0,Y,1.00,0,0%,7,7,0,15,15,0,0,1,"100,000","100,000",Down,1,,0,0,20,-1,-1,0,0,0,0,-,0,0,$0,$0.00,$0.00,8,20,0,https://www.tiktok.com/@stubbsx88
668,7359139692660588549,moonxbrattx,GO,-1,31,,,N/A,0,Y,1.00,0,0%,7,7,0,15,15,0,0,1,"100,000","100,000",Down,1,,0,0,19,-1,-1,0,0,0,0,-,0,0,$0,$0.00,$0.00,8,20,0,https://www.tiktok.com/@moonxbrattx
669,7618246958465171470,camgtastysoul,GO,-1,8,@camgtastysoul,Music,DYLAN,0,Y,1.00,0,0%,7,7,0,15,15,0,0,1,"100,000","100,000",Down,1,,0,0,15,-1,-1,0,0,0,0,-,0,0,$0,$0.00,$0.00,8,20,0,https://www.tiktok.com/@camgtastysoul
670,7621024354331082766,luhbaddiez,GO,-1,8,@luhbaddiez,,N/A,0,Y,1.00,0,0%,7,7,0,15,15,0,0,1,"100,000","100,000",Down,1,,0,0,13,-1,-1,0,0,0,0,-,0,0,$0,$0.00,$0.00,8,20,0,https://www.tiktok.com/@luhbaddiez
671,7540420286894653495,forevereofficial,GO,-1,15,@pe4vy,,N/A,0,Y,1.00,0,0%,7,7,0,15,15,0,0,1,"100,000","100,000",Down,1,,0,0,13,-1,-1,0,0,0,0,-,0,0,$0,$0.00,$0.00,8,20,0,https://www.tiktok.com/@forevereofficial
1149,7667263693583040526,erin.milton94,GO,-1,4,,,N/A,0,Y,1.00,0,0%,7,7,0,15,15,0,0,1,"100,000","100,000",Down,1,,0,0,13,-1,-1,0,0,0,0,-,0,0,$0,$0.00,$0.00,8,20,0,https://www.tiktok.com/@erin.milton94
673,7551977020750741559,cincore,GO,-1,14,@cino.rno_54857,,N/A,0,Y,1.00,0,0%,7,7,0,15,15,0,0,1,"100,000","100,000",Down,1,,0,0,11,-1,-1,0,0,0,0,-,0,0,$0,$0.00,$0.00,8,20,0,https://www.tiktok.com/@cincore
674,7670705854538235918,urleastfav.libra,GO,-1,3,,,N/A,0,Y,1.00,0,0%,7,7,0,15,15,0,0,1,"100,000","100,000",Down,1,,0,0,11,-1,-1,0,0,0,0,-,0,0,$0,$0.00,$0.00,8,20,0,https://www.tiktok.com/@urleastfav.libra
113,7664843343481815054,jagge,GO,-1,,@jaggertj,Gaming,DYLAN,3,Y,1.00,1,35%,7,6,1,15,14,"3,570","27,668",1,"100,000","96,430",Down,1,,"3,570",0,11,-1,-1,1,0,0,0,-,0,0,$16,$0.00,$0.00,8,20,0,https://www.tiktok.com/@jagge
675,7574878703558180919,southerncharm0726,GO,-1,12,@reba1977,,N/A,0,Y,1.00,0,0%,7,7,0,15,15,0,0,1,"100,000","100,000",Down,1,,0,0,10,-1,-1,0,0,0,0,-,0,0,$0,$0.00,$0.00,8,20,0,https://www.tiktok.com/@southerncharm0726
676,7467026650593738769,sydneydixonmusic,GO,-1,21,@sydixon,Music,BRYTON,0,Y,1.00,0,0%,7,7,0,15,15,0,0,1,"100,000","100,000",Down,1,,0,0,8,-1,-1,0,0,"2,000","-2,000",-,0,0,$0,$0.00,$0.00,8,20,0,https://www.tiktok.com/@sydneydixonmusic
677,7430962860202901505,maggieharmonnn,GO,-1,25,@maggieharmon,,N/A,0,Y,1.00,0,0%,7,7,0,15,15,0,0,1,"100,000","100,000",Down,1,,0,0,7,-1,-1,0,0,0,0,-,0,0,$0,$0.00,$0.00,8,20,0,https://www.tiktok.com/@maggieharmonnn
1149,7384899651138404353,kimmylexiek,GO,-1,29,@kimberk8705,,N/A,0,Y,1.00,0,0%,7,7,0,15,15,0,0,1,"100,000","100,000",Down,1,,0,0,6,-1,-1,0,0,0,0,-,0,0,$0,$0.00,$0.00,8,20,0,https://www.tiktok.com/@kimmylexiek
679,7359135811868557317,lindsey.lou.whoo,GO,-1,39,@lindseylouwhoo,,BRYTON,0,Y,1.00,0,0%,7,7,0,15,15,0,0,1,"100,000","100,000",Down,1,,0,0,6,-1,-1,0,"3,194",0,"3,194",-,0,0,$0,$0.00,$0.00,8,20,0,https://www.tiktok.com/@lindsey.lou.whoo
1149,7428764139738398721,megabossdad,GO,-1,4,,,N/A,0,Y,1.00,0,0%,7,7,0,15,15,0,0,1,"100,000","100,000",Down,1,,0,0,5,-1,-1,0,0,0,0,-,0,0,$0,$0.00,$0.00,8,20,0,https://www.tiktok.com/@megabossdad
681,7359139181223870469,maryannharrison50,GO,-1,32,@maryannharrison,,N/A,0,Y,1.00,0,0%,7,7,0,15,15,0,0,1,"100,000","100,000",Down,1,,0,0,5,-1,-1,0,0,0,0,-,0,0,$0,$0.00,$0.00,8,20,0,https://www.tiktok.com/@maryannharrison50
682,7559678405223071758,naomisalinas0604,GO,-1,13,@rome3062,,N/A,0,Y,1.00,0,0%,7,7,0,15,15,0,0,1,"100,000","100,000",Down,1,,0,0,5,-1,-1,0,"1,000","1,000",0,-,0,0,$0,$0.00,$0.00,8,20,0,https://www.tiktok.com/@naomisalinas0604
1149,7660940671079038989,maddogthomas,GO,-1,4,@maddogthomas,,N/A,0,Y,1.00,0,0%,7,7,0,15,15,0,0,1,"100,000","100,000",Down,1,,0,0,5,-1,-1,0,0,0,0,-,0,0,$0,$0.00,$0.00,8,20,0,https://www.tiktok.com/@maddogthomas
684,7543056721388879927,mariamcgill3,GO,-1,15,@mia_babydoll,,N/A,0,Y,1.00,0,0%,7,7,0,15,15,0,0,1,"100,000","100,000",Down,1,,0,0,5,-1,-1,0,0,0,0,-,0,0,$0,$0.00,$0.00,8,20,0,https://www.tiktok.com/@mariamcgill3
685,7359135084660129797,jordan_shier,GO,-1,27,,,N/A,0,Y,1.00,0,0%,7,7,0,15,15,0,0,1,"100,000","100,000",Down,1,,0,0,5,-1,-1,0,0,0,0,-,0,0,$0,$0.00,$0.00,8,20,0,https://www.tiktok.com/@jordan_shier
686,7516667825638064129,just_kymie,GO,-1,17,@kim027225,,N/A,0,Y,1.00,0,0%,7,7,0,15,15,0,0,1,"100,000","100,000",Down,1,,0,0,5,-1,-1,0,0,0,0,-,0,0,$0,$0.00,$0.00,8,20,0,https://www.tiktok.com/@just_kymie
708,7644619567464988686,ethanicholasviolin,GO,-1,6,,Music,SKYLER,0,Y,1.00,0,0%,7,7,0,15,15,0,0,1,"100,000","100,000",Down,1,,0,0,4,-1,-1,0,0,0,0,-,0,0,$0,$0.00,$0.00,8,20,0,https://www.tiktok.com/@ethanicholasviolin
714,7668453015346659342,_yagirltk,GO,-1,4,,,N/A,0,Y,1.00,0,0%,7,7,0,15,15,0,0,1,"100,000","100,000",Down,1,,0,0,4,-1,-1,0,0,0,0,-,0,0,$0,$0.00,$0.00,8,20,0,https://www.tiktok.com/@_yagirltk
689,7574204783561654327,haileymarie.04,GO,-1,12,@itz_hay7284,,N/A,0,Y,1.00,0,0%,7,7,0,15,15,0,0,1,"100,000","100,000",Down,1,,0,0,4,-1,-1,0,0,0,0,-,0,0,$0,$0.00,$0.00,8,20,0,https://www.tiktok.com/@haileymarie.04
690,7517444538256850945,trippedz2xx,GO,-1,17,@demonslayer70x7,,N/A,0,Y,1.00,0,0%,7,7,0,15,15,0,0,1,"100,000","100,000",Down,1,,0,0,2,-1,-1,0,0,0,0,-,0,0,$0,$0.00,$0.00,8,20,0,https://www.tiktok.com/@trippedz2xx
691,7424398904805900305,ttvgtrose_,GO,-1,14,@gtrose_,Gaming,N/A,0,Y,1.00,0,0%,7,7,0,15,15,0,0,1,"100,000","100,000",Down,1,,0,0,2,-1,-1,0,0,0,0,-,0,0,$0,$0.00,$0.00,8,20,0,https://www.tiktok.com/@ttvgtrose_
692,7637332949163065357,5starrr_diorr,GO,-1,6,,,N/A,0,Y,1.00,0,0%,7,7,0,15,15,0,0,1,"100,000","100,000",Down,1,,0,0,2,-1,-1,0,0,0,0,-,0,0,$0,$0.00,$0.00,8,20,0,https://www.tiktok.com/@5starrr_diorr
1149,7667732996388306958,feecksr,GO,-1,4,@feeck,Gaming,N/A,0,Y,1.00,0,0%,7,7,0,15,15,0,0,1,"100,000","100,000",Down,1,,0,0,1,-1,-1,0,0,0,0,-,0,0,$0,$0.00,$0.00,8,20,0,https://www.tiktok.com/@feecksr
1149,7664294939555315726,nadyain_la,GO,-1,4,,,N/A,0,Y,1.00,0,0%,7,7,0,15,15,0,0,1,"100,000","100,000",Down,1,,0,0,1,-1,-1,0,0,0,0,-,0,0,$0,$0.00,$0.00,8,20,0,https://www.tiktok.com/@nadyain_la
695,7381314181145935889,amandamleon,GO,-1,29,@amandamleon.,,N/A,0,Y,1.00,0,0%,7,7,0,15,15,0,0,1,"100,000","100,000",Down,1,,0,0,1,-1,-1,0,"29,500","47,000","-17,500",-,0,0,$0,$0.00,$0.00,8,20,0,https://www.tiktok.com/@amandamleon
696,7359138691392274437,jared_drullinger,GO,-1,5,@jareddrullinger,,BRYTON,0,Y,1.00,0,0%,7,7,0,15,15,0,0,1,"100,000","100,000",Down,1,,0,0,1,-1,-1,0,0,0,0,-,0,0,$0,$0.00,$0.00,8,20,0,https://www.tiktok.com/@jared_drullinger
697,7514535922558369809,high_off_jazz,GO,-1,17,@dey3nvy.jazz,,N/A,0,Y,1.00,0,0%,7,7,0,15,15,0,0,1,"100,000","100,000",Down,1,,0,0,1,-1,-1,0,0,0,0,-,0,0,$0,$0.00,$0.00,8,20,0,https://www.tiktok.com/@high_off_jazz
698,7561842881749893134,bunny2658,GO,-1,13,@matt031475,,SVEN,0,Y,1.00,0,0%,7,7,0,15,15,0,0,1,"100,000","100,000",Down,1,,0,0,1,-1,-1,0,0,0,0,-,0,0,$0,$0.00,$0.00,8,20,0,https://www.tiktok.com/@bunny2658
699,7535179859534954551,xoxoseptemberr,GO,-1,15,@xoxoseptemberr,,N/A,0,Y,1.00,0,0%,7,7,0,15,15,0,0,1,"100,000","100,000",Down,1,,0,0,1,-1,-1,0,0,0,0,-,0,0,$0,$0.00,$0.00,8,20,0,https://www.tiktok.com/@xoxoseptemberr
700,7620552056218238990,khari_marie,GO,-1,8,@khari_lix,,N/A,0,Y,1.00,0,0%,7,7,0,15,15,0,0,1,"100,000","100,000",Down,1,,0,0,1,-1,-1,0,0,0,0,-,0,0,$0,$0.00,$0.00,8,20,0,https://www.tiktok.com/@khari_marie
701,7519300322448310289,barrywhit3,GO,-1,17,@barrywht3,,N/A,0,Y,1.00,0,0%,7,7,0,15,15,0,0,1,"100,000","100,000",Down,1,,0,0,1,-1,-1,0,"1,000",0,"1,000",-,0,0,$0,$0.00,$0.00,8,20,0,https://www.tiktok.com/@barrywhit3
702,7359136343542300677,mrcameronjarel,GO,-1,3,,,N/A,0,N,1.00,0,0%,7,7,0,15,15,0,0,1,"100,000","100,000",Down,1,,0,0,0,-1,-1,0,0,0,0,-,0,0,$0,$0.00,$0.00,8,20,0,https://www.tiktok.com/@mrcameronjarel
703,7650333053931274254,themusclemaiden,GO,-1,5,@musclemaiden,Athlete,N/A,0,N,1.00,0,0%,7,7,0,15,15,0,0,1,"100,000","100,000",Down,1,,0,0,0,-1,-1,0,"6,700","1,700","5,000",-,0,0,$0,$0.00,$0.00,8,20,0,https://www.tiktok.com/@themusclemaiden
704,7459183456464044048,girldaddy20,GO,-1,22,@thornton23,,BRYTON,0,N,1.00,0,0%,7,7,0,15,15,0,0,1,"100,000","100,000",Down,1,,0,0,0,-1,-1,0,"2,000","2,000",0,-,0,0,$0,$0.00,$0.00,8,20,0,https://www.tiktok.com/@girldaddy20
705,7359135097775456262,aaronfullerx,GO,-1,44,@adonis200k,,N/A,0,N,1.00,0,0%,7,7,0,15,15,0,0,1,"100,000","100,000",Down,1,,0,0,0,-1,-1,0,0,0,0,-,0,0,$0,$0.00,$0.00,8,20,0,https://www.tiktok.com/@aaronfullerx
706,7570151387590344717,jchavolito,GO,-1,12,@emperorjchavolito,,TRENTON,0,N,1.00,0,0%,7,7,0,15,15,0,0,1,"100,000","100,000",Down,1,,0,0,0,-1,-1,0,0,0,0,-,0,0,$0,$0.00,$0.00,8,20,0,https://www.tiktok.com/@jchavolito
1149,7664719272496611341,nishahamaad,GO,-1,4,,,N/A,0,N,1.00,0,0%,7,7,0,15,15,0,0,1,"100,000","100,000",Down,1,,0,0,0,-1,-1,0,0,0,0,-,0,0,$0,$0.00,$0.00,8,20,0,https://www.tiktok.com/@nishahamaad
708,7623559476192264206,schenk_official,GO,-1,7,@connor4143,,DYLAN,0,N,1.00,0,0%,7,7,0,15,15,0,0,1,"100,000","100,000",Down,1,,0,0,0,-1,-1,0,0,0,0,-,0,0,$0,$0.00,$0.00,8,20,0,https://www.tiktok.com/@schenk_official
709,7634229425940512782,jellybeans_37,GO,-1,7,,,N/A,0,N,1.00,0,0%,7,7,0,15,15,0,0,1,"100,000","100,000",Down,1,,0,0,0,-1,-1,0,0,0,0,-,0,0,$0,$0.00,$0.00,8,20,0,https://www.tiktok.com/@jellybeans_37
1149,7359139157937127429,mrwhite820,GO,-1,32,,,BRYTON,0,N,1.00,0,0%,7,7,0,15,15,0,0,1,"100,000","100,000",Down,1,,0,0,0,-1,-1,0,0,0,0,-,0,0,$0,$0.00,$0.00,8,20,0,https://www.tiktok.com/@mrwhite820
1149,7371387539011371009,kieranroyce,GO,-1,30,@kieranroyce,Gaming,N/A,0,N,1.00,0,0%,7,7,0,15,15,0,0,1,"100,000","100,000",Down,1,,0,0,0,-1,-1,0,0,0,0,-,0,0,$0,$0.00,$0.00,8,20,0,https://www.tiktok.com/@kieranroyce
712,7602754318403584014,p0921188,GO,-1,9,,,N/A,0,N,1.00,0,0%,7,7,0,15,15,0,0,1,"100,000","100,000",Down,1,,0,0,0,-1,-1,0,0,0,0,-,0,0,$0,$0.00,$0.00,8,20,0,https://www.tiktok.com/@p0921188
713,7649860401613520910,zeutlandry,GO,-1,5,@zeut.pierre,Music,N/A,0,N,1.00,0,0%,7,7,0,15,15,0,0,1,"100,000","100,000",Down,1,,0,0,0,-1,-1,0,0,0,0,-,0,0,$0,$0.00,$0.00,8,20,0,https://www.tiktok.com/@zeutlandry
714,7362364486549979137,allisonsanderlin24,GO,-1,5,@alley00357,,N/A,0,N,1.00,0,0%,7,7,0,15,15,0,0,1,"100,000","100,000",Down,1,,0,0,0,-1,-1,0,0,0,0,-,0,0,$0,$0.00,$0.00,8,20,0,https://www.tiktok.com/@allisonsanderlin24
1149,7663344188876144654,nextleveldnacoach,GO,-1,4,,,N/A,0,N,1.00,0,0%,7,7,0,15,15,0,0,1,"100,000","100,000",Down,1,,0,0,0,-1,-1,0,0,0,0,-,0,0,$0,$0.00,$0.00,8,20,0,https://www.tiktok.com/@nextleveldnacoach
1149,7665063954653167629,ridhvxn,GO,-1,4,@ridhvangetfly,Athlete,N/A,0,N,1.00,0,0%,7,7,0,15,15,0,0,1,"100,000","100,000",Down,1,,0,0,0,-1,-1,0,0,0,0,-,0,0,$0,$0.00,$0.00,8,20,0,https://www.tiktok.com/@ridhvxn
1149,7480522011840725009,aftonsalas,GO,-1,20,@aftonsalas,,N/A,0,N,1.00,0,0%,7,7,0,15,15,0,0,1,"100,000","100,000",Down,1,,0,0,0,-1,-1,0,0,0,0,-,0,0,$0,$0.00,$0.00,8,20,0,https://www.tiktok.com/@aftonsalas
1149,7665242841337282573,lil.man.who.can,GO,-1,4,,,N/A,0,N,1.00,0,0%,7,7,0,15,15,0,0,1,"100,000","100,000",Down,1,,0,0,0,-1,-1,0,0,0,0,-,0,0,$0,$0.00,$0.00,8,20,0,https://www.tiktok.com/@lil.man.who.can
719,7359135689868443654,carringtonchronicles,GO,-1,40,@carringtonchronicles,Gaming,N/A,0,N,1.00,0,0%,7,7,0,15,15,0,0,1,"100,000","100,000",Down,1,,0,0,0,-1,-1,0,0,"30,000","-30,000",-,0,0,$0,$0.00,$0.00,8,20,0,https://www.tiktok.com/@carringtonchronicles
720,7567839803308359694,ironranger023,GO,-1,12,@ironranger023,,ASHLEY,0,N,1.00,0,0%,7,7,0,15,15,0,0,1,"100,000","100,000",Down,1,,0,0,0,-1,-1,0,0,0,0,-,0,0,$0,$0.00,$0.00,8,20,0,https://www.tiktok.com/@ironranger023
721,7405592604387246096,hunterreesepena,GO,-1,27,@bench_warma,,N/A,0,N,1.00,0,0%,7,7,0,15,15,0,0,1,"100,000","100,000",Down,1,,0,0,0,-1,-1,0,"94,000","92,000","2,000",-,0,0,$0,$0.00,$0.00,8,20,0,https://www.tiktok.com/@hunterreesepena
722,7646274836364378125,arimonika,GO,-1,5,@arimonika30,,N/A,0,N,1.00,0,0%,7,7,0,15,15,0,0,1,"100,000","100,000",Down,1,,0,0,0,-1,-1,0,0,0,0,-,0,0,$0,$0.00,$0.00,8,20,0,https://www.tiktok.com/@arimonika
723,7624162870003253261,mariigamez333,GO,-1,7,@drugemlikecardi,Gaming,ALLIE,0,N,1.00,0,0%,7,7,0,15,15,0,0,1,"100,000","100,000",Down,1,,0,0,0,-1,-1,0,0,0,0,-,0,0,$0,$0.00,$0.00,8,20,0,https://www.tiktok.com/@mariigamez333
1149,7662559471050473486,pyxa.od,GO,-1,4,,,N/A,0,N,1.00,0,0%,7,7,0,15,15,0,0,1,"100,000","100,000",Down,1,,0,0,0,-1,-1,0,0,0,0,-,0,0,$0,$0.00,$0.00,8,20,0,https://www.tiktok.com/@pyxa.od
725,7359139187003490309,daaniiieellee,GO,-1,32,@daaniiieellee,,N/A,0,N,1.00,0,0%,7,7,0,15,15,0,0,1,"100,000","100,000",Down,1,,0,0,0,-1,-1,0,"2,000","2,000",0,-,0,0,$0,$0.00,$0.00,8,20,0,https://www.tiktok.com/@daaniiieellee
1149,7439216255036293121,crystaldawson83,GO,-1,24,,,N/A,0,N,1.00,0,0%,7,7,0,15,15,0,0,1,"100,000","100,000",Down,1,,0,0,0,-1,-1,0,0,0,0,-,0,0,$0,$0.00,$0.00,8,20,0,https://www.tiktok.com/@crystaldawson83
727,7636013177536266253,allyvenableofficial,GO,-1,6,@allyvenable,Music,N/A,0,N,1.00,0,0%,7,7,0,15,15,0,0,1,"100,000","100,000",Down,1,,0,0,0,-1,-1,0,0,0,0,-,0,0,$0,$0.00,$0.00,8,20,0,https://www.tiktok.com/@allyvenableofficial
728,7660344354497740814,mariladj,GO,-1,4,@marilaaa5,Music,N/A,0,N,1.00,0,0%,7,7,0,15,15,0,0,1,"100,000","100,000",Down,1,,0,0,0,-1,-1,0,0,0,0,-,0,0,$0,$0.00,$0.00,8,20,0,https://www.tiktok.com/@mariladj
729,7359134706153127941,lil.mishr00m,GO,-1,26,,,N/A,0,N,1.00,0,0%,7,7,0,15,15,0,0,1,"100,000","100,000",Down,1,,0,0,0,-1,-1,0,0,0,0,-,0,0,$0,$0.00,$0.00,8,20,0,https://www.tiktok.com/@lil.mishr00m
730,7359139317958049797,mjjurassic,GO,-1,32,@mjjurassic,,N/A,0,N,1.00,0,0%,7,7,0,15,15,0,0,1,"100,000","100,000",Down,1,,0,0,0,-1,-1,0,0,0,0,-,0,0,$0,$0.00,$0.00,8,20,0,https://www.tiktok.com/@mjjurassic
731,7614291260660170766,kaemi.s,GO,-1,8,,,N/A,0,N,1.00,0,0%,7,7,0,15,15,0,0,1,"100,000","100,000",Down,1,,0,0,0,-1,-1,0,0,0,0,-,0,0,$0,$0.00,$0.00,8,20,0,https://www.tiktok.com/@kaemi.s
732,7589379364102651959,papabearblessed,GO,-1,11,,,TRE,0,N,1.00,0,0%,7,7,0,15,15,0,0,1,"100,000","100,000",Down,1,,0,0,0,-1,-1,0,0,0,0,-,0,0,$0,$0.00,$0.00,8,20,0,https://www.tiktok.com/@papabearblessed
1149,7663568558982447118,brandonkylemacpherson,GO,-1,4,@bmac1933,,N/A,0,N,1.00,0,0%,7,7,0,15,15,0,0,1,"100,000","100,000",Down,1,,0,0,0,-1,-1,0,0,0,0,-,0,0,$0,$0.00,$0.00,8,20,0,https://www.tiktok.com/@brandonkylemacpherson
734,7359137538281406470,chrisart315,GO,-1,18,@chrisart315,,N/A,0,N,1.00,0,0%,7,7,0,15,15,0,0,1,"100,000","100,000",Down,1,,0,0,0,-1,-1,0,0,0,0,-,0,0,$0,$0.00,$0.00,8,20,0,https://www.tiktok.com/@chrisart315
735,7589037179590983694,jameslives787,GO,-1,5,@jameslives,Music,SKYLER,0,N,1.00,0,0%,7,7,0,15,15,0,0,1,"100,000","100,000",Down,1,,0,0,0,-1,-1,0,0,0,0,-,0,0,$0,$0.00,$0.00,8,20,0,https://www.tiktok.com/@jameslives787
1149,7663313026627420174,bobnxtdr,GO,-1,4,,,N/A,0,N,1.00,0,0%,7,7,0,15,15,0,0,1,"100,000","100,000",Down,1,,0,0,0,-1,-1,0,0,0,0,-,0,0,$0,$0.00,$0.00,8,20,0,https://www.tiktok.com/@bobnxtdr
737,7585925369484656654,zerixkbm,GO,-1,11,@zerixkbm,Gaming,BRYTON,0,N,1.00,0,0%,7,7,0,15,15,0,0,1,"100,000","100,000",Down,1,,0,0,0,-1,-1,0,0,0,0,-,0,0,$0,$0.00,$0.00,8,20,0,https://www.tiktok.com/@zerixkbm
738,7457014893879754769,nekosnowlily,GO,-1,22,@nekosnowlily,,N/A,0,N,1.00,0,0%,7,7,0,15,15,0,0,1,"100,000","100,000",Down,1,,0,0,0,-1,-1,0,0,0,0,-,0,0,$0,$0.00,$0.00,8,20,0,https://www.tiktok.com/@nekosnowlily
1149,7662920984667832334,maryharr0,GO,-1,4,,,N/A,0,N,1.00,0,0%,7,7,0,15,15,0,0,1,"100,000","100,000",Down,1,,0,0,0,-1,-1,0,0,0,0,-,0,0,$0,$0.00,$0.00,8,20,0,https://www.tiktok.com/@maryharr0
740,7428383908431036432,nena.garcia31,GO,-1,9,,,N/A,0,N,1.00,0,0%,7,7,0,15,15,0,0,1,"100,000","100,000",Down,1,,0,0,0,-1,-1,0,0,0,0,-,0,0,$0,$0.00,$0.00,8,20,0,https://www.tiktok.com/@nena.garcia31
741,7410995253072904209,thirdydeala16,GO,-1,4,,,N/A,0,N,1.00,0,0%,7,7,0,15,15,0,0,1,"100,000","100,000",Down,1,,0,0,0,-1,-1,0,0,0,0,-,0,0,$0,$0.00,$0.00,8,20,0,https://www.tiktok.com/@thirdydeala16
742,7636215120825204749,quinniequinnquin1,GO,-1,6,@quinniequinnquin,,JENN,0,N,1.00,0,0%,7,7,0,15,15,0,0,1,"100,000","100,000",Down,1,,0,0,0,-1,-1,0,0,0,0,-,0,0,$0,$0.00,$0.00,8,20,0,https://www.tiktok.com/@quinniequinnquin1
743,7641646196272021518,jayktherula,GO,-1,6,,,N/A,0,N,1.00,0,0%,7,7,0,15,15,0,0,1,"100,000","100,000",Down,1,,0,0,0,-1,-1,0,0,0,0,-,0,0,$0,$0.00,$0.00,8,20,0,https://www.tiktok.com/@jayktherula
744,7359138218312204294,prettygirlglaze,GO,-1,33,@prettygirlglaze,,N/A,0,N,1.00,0,0%,7,7,0,15,15,0,0,1,"100,000","100,000",Down,1,,0,0,0,-1,-1,0,0,0,0,-,0,0,$0,$0.00,$0.00,8,20,0,https://www.tiktok.com/@prettygirlglaze
745,7359136342216966149,embarrassment_yazzzzzzz,GO,-1,9,@suckityall,,N/A,0,N,1.00,0,0%,7,7,0,15,15,0,0,1,"100,000","100,000",Down,1,,0,0,0,-1,-1,0,0,0,0,-,0,0,$0,$0.00,$0.00,8,20,0,https://www.tiktok.com/@embarrassment_yazzzzzzz
1149,7664071471261663245,bjpaulin2,GO,-1,4,,,N/A,0,N,1.00,0,0%,7,7,0,15,15,0,0,1,"100,000","100,000",Down,1,,0,0,0,-1,-1,0,0,0,0,-,0,0,$0,$0.00,$0.00,8,20,0,https://www.tiktok.com/@bjpaulin2
747,7655551932853174286,emilio_santosjr,GO,-1,5,@emiliom7l,Music,N/A,0,N,1.00,0,0%,7,7,0,15,15,0,0,1,"100,000","100,000",Down,1,,0,0,0,-1,-1,0,0,0,0,-,0,0,$0,$0.00,$0.00,8,20,0,https://www.tiktok.com/@emilio_santosjr
748,7661815004588425230,claudemanuela,GO,-1,4,@claude1041,,N/A,0,N,1.00,0,0%,7,7,0,15,15,0,0,1,"100,000","100,000",Down,1,,0,0,0,-1,-1,0,0,0,0,-,0,0,$0,$0.00,$0.00,8,20,0,https://www.tiktok.com/@claudemanuela
1149,7530143184568205326,thewrestlinggurus,GO,-1,4,@thewrestlinggurus,,N/A,0,N,1.00,0,0%,7,7,0,15,15,0,0,1,"100,000","100,000",Down,1,,0,0,0,-1,-1,0,0,0,0,-,0,0,$0,$0.00,$0.00,8,20,0,https://www.tiktok.com/@thewrestlinggurus
750,7642458014393614350,mealmakingmolly,GO,-1,6,,,TRE,0,N,1.00,0,0%,7,7,0,15,15,0,0,1,"100,000","100,000",Down,1,,0,0,0,-1,-1,0,0,0,0,-,0,0,$0,$0.00,$0.00,8,20,0,https://www.tiktok.com/@mealmakingmolly
751,7658352093849337869,angel_mnlxzs,GO,-1,4,,,N/A,0,N,1.00,0,0%,7,7,0,15,15,0,0,1,"100,000","100,000",Down,1,,0,0,0,-1,-1,0,0,0,0,-,0,0,$0,$0.00,$0.00,8,20,0,https://www.tiktok.com/@angel_mnlxzs
1149,7663581447965687821,neetzmadeit,GO,-1,4,@anita00323,,N/A,0,N,1.00,0,0%,7,7,0,15,15,0,0,1,"100,000","100,000",Down,1,,0,0,0,-1,-1,0,0,0,0,-,0,0,$0,$0.00,$0.00,8,20,0,https://www.tiktok.com/@neetzmadeit
753,7502517094500728848,mariahamiraaa,GO,-1,5,,,N/A,0,N,1.00,0,0%,7,7,0,15,15,0,0,1,"100,000","100,000",Down,1,,0,0,0,-1,-1,0,0,0,0,-,0,0,$0,$0.00,$0.00,8,20,0,https://www.tiktok.com/@mariahamiraaa
754,7584609048327405623,checker.tarot,GO,-1,11,@rukk0i,,N/A,0,N,1.00,0,0%,7,7,0,15,15,0,0,1,"100,000","100,000",Down,1,,0,0,0,-1,-1,0,0,0,0,-,0,0,$0,$0.00,$0.00,8,20,0,https://www.tiktok.com/@checker.tarot
1149,7359135160362958854,justbrendaaaa,GO,-1,43,@justbrendaaaa,,N/A,0,N,1.00,0,0%,7,7,0,15,15,0,0,1,"100,000","100,000",Down,1,,0,0,0,-1,-1,0,"4,000","4,000",0,-,0,0,$0,$0.00,$0.00,8,20,0,https://www.tiktok.com/@justbrendaaaa
1149,7386880141139427344,janettlyy,GO,-1,28,,,N/A,0,N,1.00,0,0%,7,7,0,15,15,0,0,1,"100,000","100,000",Down,1,,0,0,0,-1,-1,0,0,0,0,-,0,0,$0,$0.00,$0.00,8,20,0,https://www.tiktok.com/@janettlyy
757,7657713664807682061,jester.j0,GO,-1,4,,,N/A,0,N,1.00,0,0%,7,7,0,15,15,0,0,1,"100,000","100,000",Down,1,,0,0,0,-1,-1,0,0,0,0,-,0,0,$0,$0.00,$0.00,8,20,0,https://www.tiktok.com/@jester.j0
758,7662126857915187213,jessicapayne155,GO,-1,4,,,N/A,0,N,1.00,0,0%,7,7,0,15,15,0,0,1,"100,000","100,000",Down,1,,0,0,0,-1,-1,0,0,0,0,-,0,0,$0,$0.00,$0.00,8,20,0,https://www.tiktok.com/@jessicapayne155
759,7359138147982376965,kenziesworld2020,GO,-1,9,@kenziesworld101,,N/A,0,N,1.00,0,0%,7,7,0,15,15,0,0,1,"100,000","100,000",Down,1,,0,0,0,-1,-1,0,"6,450",0,"6,450",-,0,0,$0,$0.00,$0.00,8,20,0,https://www.tiktok.com/@kenziesworld2020
760,7605754865872060430,_alexismaria,GO,-1,9,@alexismaria.420,,N/A,1,N,1.00,1,35%,7,6,2,15,13,0,0,1,"100,000","100,000",Down,1,,0,0,0,-1,-1,0,0,0,0,-,0,0,$0,$0.00,$0.00,8,20,0,https://www.tiktok.com/@_alexismaria
761,7539213472236683319,pglassman68,GO,-1,15,@griznation68,,N/A,0,N,1.00,0,0%,7,7,0,15,15,0,0,1,"100,000","100,000",Down,1,,0,0,0,-1,-1,0,0,0,0,-,0,0,$0,$0.00,$0.00,8,20,0,https://www.tiktok.com/@pglassman68
762,7480337323796774913,hsumhsan,GO,-1,20,@san.hsu.myat.htut,,N/A,0,N,1.00,0,0%,7,7,0,15,15,0,0,1,"100,000","100,000",Down,1,,0,0,0,-1,-1,0,0,0,0,-,0,0,$0,$0.00,$0.00,8,20,0,https://www.tiktok.com/@hsumhsan
763,7459955725356400641,thelexavalentine,GO,-1,2,,,N/A,0,Y,1.00,0,0%,7,7,0,15,15,0,0,1,"100,000","100,000",Down,1,,0,0,,-1,,0,0,0,0,-,0,0,$0,$0.00,$0.00,8,20,0,https://www.tiktok.com/@thelexavalentine
764,7499272665858048017,vampiressrini,GO,-1,2,@rinithewitch,Gaming,ALLIE,0,Y,1.00,0,0%,7,7,0,15,15,0,0,1,"100,000","100,000",Down,1,,0,0,,-1,,0,0,0,0,-,0,0,$0,$0.00,$0.00,8,20,0,https://www.tiktok.com/@vampiressrini
765,7669710411817664526,leo...vher,GO,-1,3,,,N/A,0,N,1.00,0,0%,7,7,0,15,15,0,0,1,"100,000","100,000",Down,1,,0,0,0,-1,-1,0,0,0,0,-,0,0,$0,$0.00,$0.00,8,20,0,https://www.tiktok.com/@leo...vher
766,7670344301569949709,alex_theinvestor,GO,-1,3,@awardo,Gaming,N/A,0,N,1.00,0,0%,7,7,0,15,15,0,0,1,"100,000","100,000",Down,1,,0,0,0,-1,-1,0,0,0,0,-,0,0,$0,$0.00,$0.00,8,20,0,https://www.tiktok.com/@alex_theinvestor
767,7671857738321870862,sofia.cutie21,GO,-1,3,@soniatian,,N/A,0,N,1.00,0,0%,7,7,0,15,15,0,0,1,"100,000","100,000",Down,1,,0,0,0,-1,-1,0,0,0,0,-,0,0,$0,$0.00,$0.00,8,20,0,https://www.tiktok.com/@sofia.cutie21
1149,7673211196576645134,bluffontt,GO,-1,3,@nobodyfrrrr,,N/A,0,N,1.00,0,0%,7,7,0,15,15,0,0,1,"100,000","100,000",Down,1,,0,0,0,-1,-1,0,0,0,0,-,0,0,$0,$0.00,$0.00,8,20,0,https://www.tiktok.com/@bluffontt
1149,7673192747011981326,mxrissa___,GO,-1,3,,,N/A,0,N,1.00,0,0%,7,7,0,15,15,0,0,1,"100,000","100,000",Down,1,,0,0,0,-1,-1,0,0,0,0,-,0,0,$0,$0.00,$0.00,8,20,0,https://www.tiktok.com/@mxrissa___
1149,7673363118487027725,mikeandvi7,GO,-1,3,,,N/A,0,N,1.00,0,0%,7,7,0,15,15,0,0,1,"100,000","100,000",Down,1,,0,0,0,-1,-1,0,0,0,0,-,0,0,$0,$0.00,$0.00,8,20,0,https://www.tiktok.com/@mikeandvi7
1149,7673710920635301901,6i4_m,GO,-1,3,@ascendantmini,,N/A,0,N,1.00,1,35%,7,6,2,15,13,0,0,1,"100,000","100,000",Down,1,,0,0,0,-1,-1,0,0,0,0,-,0,0,$0,$0.00,$0.00,8,20,0,https://www.tiktok.com/@6i4_m
1149,7553964596676214797,stanscoroner,GO,-1,3,@stanscoroner,,N/A,0,N,1.00,0,0%,7,7,0,15,15,0,0,1,"100,000","100,000",Down,1,,0,0,0,-1,-1,0,0,0,0,-,0,0,$0,$0.00,$0.00,8,20,0,https://www.tiktok.com/@stanscoroner
1149,7674726985771401229,jimmymbennett,GO,-1,3,@jimmycad.,Music,N/A,0,N,1.00,0,0%,7,7,0,15,15,0,0,1,"100,000","100,000",Down,1,,0,0,0,-1,-1,0,0,0,0,-,0,0,$0,$0.00,$0.00,8,20,0,https://www.tiktok.com/@jimmymbennett
774,7551954483497123853,beautiful_crazy06,GO,-1,3,,,N/A,0,N,1.00,0,0%,7,7,0,15,15,0,0,1,"100,000","100,000",Down,1,,0,0,0,-1,-1,0,0,0,0,-,0,0,$0,$0.00,$0.00,8,20,0,https://www.tiktok.com/@beautiful_crazy06
775,7681358555613544461,theloveloungetv_,GO,-1,2,@witchytingz95_,,N/A,0,Y,1.00,0,0%,7,7,0,15,15,0,0,1,"100,000","100,000",Down,1,,0,0,,-1,,0,0,0,0,-,0,0,$0,$0.00,$0.00,8,20,0,https://www.tiktok.com/@theloveloungetv_
776,7672824551893614606,kristinesbndra,GO,-1,3,,,N/A,0,Y,1.00,0,0%,7,7,0,15,15,0,0,1,"100,000","100,000",Down,1,,0,0,-2,-1,,0,0,0,0,-,0,0,$0,$0.00,$0.00,8,20,0,https://www.tiktok.com/@kristinesbndra
1149,7683296033362788366,urboymekhail,GO,-1,2,,,N/A,0,Y,1.00,0,0%,7,7,0,15,15,0,0,1,"100,000","100,000",Down,1,,0,0,,-1,,0,0,0,0,-,0,0,$0,$0.00,$0.00,8,20,0,https://www.tiktok.com/@urboymekhail
1149,7684183640108220430,reixdd,GO,-1,2,@reixdd,,BRYTON,0,Y,1.00,0,0%,7,7,0,15,15,0,0,1,"100,000","100,000",Down,1,,0,0,,-1,,0,0,0,0,-,0,0,$0,$0.00,$0.00,8,20,0,https://www.tiktok.com/@reixdd
1149,7684059002778697742,joshslegers,GO,-1,2,,,N/A,1,Y,1.00,3,106%,7,4,12,15,3,0,0,1,"100,000","100,000",Down,1,,0,0,,-1,,0,0,0,0,-,0,0,$0,$0.00,$0.00,8,20,0,https://www.tiktok.com/@joshslegers
1149,7684435084946063374,weednyxjade2,GO,-1,2,,,N/A,0,Y,1.00,0,0%,7,7,0,15,15,0,0,1,"100,000","100,000",Down,1,,0,0,,-1,,0,0,0,0,-,0,0,$0,$0.00,$0.00,8,20,0,https://www.tiktok.com/@weednyxjade2
781,7573809271054352398,rishka_silvie,GO,-1,12,@ray068981,,N/A,0,N,1.00,0,0%,7,7,0,15,15,0,0,1,"100,000","100,000",Down,1,,0,0,0,-1,-1,0,0,0,0,-,0,0,$0,$0.00,$0.00,8,20,0,https://www.tiktok.com/@rishka_silvie
782,7571589583662596110,deejay_av_oc,GO,-1,12,@avater80t,,SVEN,0,N,1.00,0,0%,7,7,0,15,15,0,0,1,"100,000","100,000",Down,1,,0,0,0,-1,-1,0,0,0,0,-,0,0,$0,$0.00,$0.00,8,20,0,https://www.tiktok.com/@deejay_av_oc
783,7359138627353346053,sincereking82,GO,-1,33,,,N/A,0,N,1.00,0,0%,7,7,0,15,15,0,0,1,"100,000","100,000",Down,1,,0,0,0,-1,-1,0,0,0,0,-,0,0,$0,$0.00,$0.00,8,20,0,https://www.tiktok.com/@sincereking82
784,7662056319188516878,ricketheg,GO,-1,,,,N/A,0,N,1.00,0,0%,7,7,0,15,15,0,0,1,"100,000","100,000",Down,1,,0,0,0,-1,-1,0,0,0,0,-,0,0,$0,$0.00,$0.00,8,20,0,https://www.tiktok.com/@ricketheg
1149,7665099266112864270,skyuhky,GO,-1,4,,,N/A,0,N,1.00,0,0%,7,7,0,15,15,0,0,1,"100,000","100,000",Down,1,,0,0,0,-1,-1,0,0,0,0,-,0,0,$0,$0.00,$0.00,8,20,0,https://www.tiktok.com/@skyuhky
786,7427641988100554768,jazcatraz,GO,-1,9,,,N/A,0,N,1.00,0,0%,7,7,0,15,15,0,0,1,"100,000","100,000",Down,1,,0,0,0,-1,-1,0,0,0,0,-,0,0,$0,$0.00,$0.00,8,20,0,https://www.tiktok.com/@jazcatraz
787,7468158107382956033,nalishaa__jarvis,GO,-1,2,@nalisha__jarvis,,BRYTON,0,Y,1.00,0,0%,7,7,0,15,15,0,0,1,"100,000","100,000",Down,1,,0,0,,-1,,0,0,0,0,-,0,0,$0,$0.00,$0.00,8,20,0,https://www.tiktok.com/@nalishaa__jarvis
1149,7602911333797068801,castilloo_26_,GO,-1,2,@krositooo,,N/A,0,Y,1.00,1,35%,7,6,2,15,13,0,0,1,"100,000","100,000",Down,1,,0,0,,-1,,0,0,0,0,-,0,0,$0,$0.00,$0.00,8,20,0,https://www.tiktok.com/@castilloo_26_
1149,7689268304254566414,monicastaats,GO,-1,2,,,N/A,0,Y,1.00,0,0%,7,7,0,15,15,0,0,1,"100,000","100,000",Down,1,,0,0,,-1,,0,0,0,0,-,0,0,$0,$0.00,$0.00,8,20,0,https://www.tiktok.com/@monicastaats
1149,7689827140631838734,sarahbrown63,GO,-1,2,,,N/A,0,Y,1.00,0,0%,7,7,0,15,15,0,0,1,"100,000","100,000",Down,1,,0,0,,-1,,0,0,0,0,-,0,0,$0,$0.00,$0.00,8,20,0,https://www.tiktok.com/@sarahbrown63
1149,7689784570186678286,redmoosee,GO,-1,2,,,N/A,0,Y,1.00,0,0%,7,7,0,15,15,0,0,1,"100,000","100,000",Down,1,,0,0,,-1,,0,0,0,0,-,0,0,$0,$0.00,$0.00,8,20,0,https://www.tiktok.com/@redmoosee
1149,7599898818964111415,theaustineffect,GO,-1,2,@ninja777_77734,,SKYLER,0,Y,1.00,0,0%,7,7,0,15,15,0,0,1,"100,000","100,000",Down,1,,0,0,,-1,,0,0,0,0,-,0,0,$0,$0.00,$0.00,8,20,0,https://www.tiktok.com/@theaustineffect
1149,7691327227112800270,dschlesh,GO,-1,2,,,DYLAN,0,Y,1.00,0,0%,7,7,0,15,15,0,0,1,"100,000","100,000",Down,1,,0,0,,-1,,0,0,0,0,-,0,0,$0,$0.00,$0.00,8,20,0,https://www.tiktok.com/@dschlesh
1149,7691353082914996238,rebecca.becca.b,GO,-1,2,,,N/A,0,Y,1.00,0,0%,7,7,0,15,15,0,0,1,"100,000","100,000",Down,1,,0,0,,-1,,0,0,0,0,-,0,0,$0,$0.00,$0.00,8,20,0,https://www.tiktok.com/@rebecca.becca.b
1149,7691206615353311246,traidmarc,GO,-1,2,,,N/A,0,Y,1.00,0,0%,7,7,0,15,15,0,0,1,"100,000","100,000",Down,1,,0,0,,-1,,0,0,0,0,-,0,0,$0,$0.00,$0.00,8,20,0,https://www.tiktok.com/@traidmarc
1149,7474495362947039248,wlm9700,GO,-1,2,@wlm9700,,BRYTON,0,Y,1.00,0,0%,7,7,0,15,15,0,0,1,"100,000","100,000",Down,1,,0,0,,-1,,0,0,0,0,-,0,0,$0,$0.00,$0.00,8,20,0,https://www.tiktok.com/@wlm9700
800,7559934933175877645,moneysignpeso,GO,-1,13,@moneysignpeso,,SHAVONNE,0,N,1.00,0,0%,7,7,0,15,15,0,0,1,"100,000","100,000",Down,1,,0,0,0,-1,-1,0,0,0,0,-,0,0,$0,$0.00,$0.00,8,20,0,https://www.tiktok.com/@moneysignpeso
798,7538283212296962103,by.nicolel,GO,-1,15,@inicolel,,N/A,0,N,1.00,0,0%,7,7,0,15,15,0,0,1,"100,000","100,000",Down,1,,0,0,0,-1,-1,0,0,0,0,-,0,0,$0,$0.00,$0.00,8,20,0,https://www.tiktok.com/@by.nicolel
800,7359135181367869445,annaamaxx,GO,-1,2,,,N/A,0,Y,1.00,0,0%,7,7,0,15,15,0,0,1,"100,000","100,000",Down,1,,0,0,,-1,-1,0,"8,750",0,"8,750",-,0,0,$0,$0.00,$0.00,8,20,0,https://www.tiktok.com/@annaamaxx
843,7668819519384666125,tiana_locs,GO,-1,4,,,N/A,0,N,1.00,0,0%,7,7,0,15,15,0,0,1,"100,000","100,000",Down,1,,0,0,0,-1,-1,0,0,0,0,-,0,0,$0,$0.00,$0.00,8,20,0,https://www.tiktok.com/@tiana_locs
1149,7691486324381188109,thehelpfuldriver,GO,-1,1,@crazydriver97,,N/A,0,Y,1.00,0,0%,7,7,0,15,15,0,0,1,"100,000","100,000",Down,1,,0,,,,,0,0,0,0,-,0,0,$0,$0.00,$0.00,8,20,0,https://www.tiktok.com/@thehelpfuldriver
1149,7691510540627165197,gahblingus,GO,-1,1,@gahblingus,Gaming,N/A,0,Y,1.00,0,0%,7,7,0,15,15,0,0,1,"100,000","100,000",Down,1,,0,,,,,0,0,0,0,-,0,0,$0,$0.00,$0.00,8,20,0,https://www.tiktok.com/@gahblingus
1149,7691484000380272654,darkdisciple3,GO,-1,1,,Gaming,N/A,0,Y,1.00,0,0%,7,7,0,15,15,0,0,1,"100,000","100,000",Down,1,,0,,,,,0,0,0,0,-,0,0,$0,$0.00,$0.00,8,20,0,https://www.tiktok.com/@darkdisciple3
1149,7665697873975361550,katrielokojiemusic,GO,-1,4,@katriel0491,Music,N/A,0,N,1.00,0,0%,7,7,0,15,15,0,0,1,"100,000","100,000",Down,1,,0,0,0,-1,-1,0,0,0,0,-,0,0,$0,$0.00,$0.00,8,20,0,https://www.tiktok.com/@katrielokojiemusic
1149,7483755956707442704,fishing_allyear_round,GO,-1,4,,,N/A,0,N,1.00,0,0%,7,7,0,15,15,0,0,1,"100,000","100,000",Down,1,,0,0,0,-1,-1,0,0,0,0,-,0,0,$0,$0.00,$0.00,8,20,0,https://www.tiktok.com/@fishing_allyear_round
806,7660682345107865614,hxyli,GO,-1,4,@hayli333,,N/A,0,N,1.00,0,0%,7,7,0,15,15,0,0,1,"100,000","100,000",Down,1,,0,0,0,-1,-1,0,0,0,0,-,0,0,$0,$0.00,$0.00,8,20,0,https://www.tiktok.com/@hxyli
857,7661295601690361870,themissjexperience,GO,-1,4,@themissjexperience,Music,N/A,0,N,1.00,0,0%,7,7,0,15,15,0,0,1,"100,000","100,000",Down,1,,0,0,0,-1,-1,0,0,0,0,-,0,0,$0,$0.00,$0.00,8,20,0,https://www.tiktok.com/@themissjexperience
1149,7662580224596525070,narutp11,GO,-1,4,,,N/A,0,N,1.00,0,0%,7,7,0,15,15,0,0,1,"100,000","100,000",Down,1,,0,0,0,-1,-1,0,0,0,0,-,0,0,$0,$0.00,$0.00,8,20,0,https://www.tiktok.com/@narutp11
1149,7663151133371940877,siege_tips_daily,GO,-1,4,,,N/A,0,N,1.00,0,0%,7,7,0,15,15,0,0,1,"100,000","100,000",Down,1,,0,0,0,-1,-1,0,0,0,0,-,0,0,$0,$0.00,$0.00,8,20,0,https://www.tiktok.com/@siege_tips_daily
1149,7663631086269841421,idkplzdontsayanything,GO,-1,4,@ilovecats164,,N/A,0,N,1.00,0,0%,7,7,0,15,15,0,0,1,"100,000","100,000",Down,1,,0,0,0,-1,-1,0,0,0,0,-,0,0,$0,$0.00,$0.00,8,20,0,https://www.tiktok.com/@idkplzdontsayanything
1149,7663564268973080590,editwithtemplatesrn,GO,-1,4,@editwithtemplates,,N/A,0,N,1.00,0,0%,7,7,0,15,15,0,0,1,"100,000","100,000",Down,1,,0,0,0,-1,-1,0,0,0,0,-,0,0,$0,$0.00,$0.00,8,20,0,https://www.tiktok.com/@editwithtemplatesrn
1149,7663279942473564174,goodbrawlfunny,GO,-1,4,,,N/A,0,N,1.00,0,0%,7,7,0,15,15,0,0,1,"100,000","100,000",Down,1,,0,0,0,-1,-1,0,0,0,0,-,0,0,$0,$0.00,$0.00,8,20,0,https://www.tiktok.com/@goodbrawlfunny
1149,7663928578232598541,thechaosonpaws,GO,-1,4,,,N/A,0,N,1.00,0,0%,7,7,0,15,15,0,0,1,"100,000","100,000",Down,1,,0,0,0,-1,-1,0,0,0,0,-,0,0,$0,$0.00,$0.00,8,20,0,https://www.tiktok.com/@thechaosonpaws
1149,7665423383026483214,krux.r4c,GO,-1,4,@krux.r4c,,N/A,0,N,1.00,0,0%,7,7,0,15,15,0,0,1,"100,000","100,000",Down,1,,0,0,0,-1,-1,0,0,0,0,-,0,0,$0,$0.00,$0.00,8,20,0,https://www.tiktok.com/@krux.r4c
1149,7665860361819668494,renegadeharley,GO,-1,4,,,N/A,0,N,1.00,0,0%,7,7,0,15,15,0,0,1,"100,000","100,000",Down,1,,0,0,0,-1,-1,0,0,0,0,-,0,0,$0,$0.00,$0.00,8,20,0,https://www.tiktok.com/@renegadeharley
1149,7666297074119589902,mr.buick69,GO,-1,4,,,N/A,0,N,1.00,0,0%,7,7,0,15,15,0,0,1,"100,000","100,000",Down,1,,0,0,0,-1,-1,0,0,0,0,-,0,0,$0,$0.00,$0.00,8,20,0,https://www.tiktok.com/@mr.buick69
324,7666906020664590349,sydneynotsweeneys,GO,-1,4,,,N/A,0,Y,1.00,0,0%,7,7,0,15,15,1,8,1,"100,000","99,999",Down,1,,1,0,0,-1,-1,0,0,0,0,-,0,0,$0,$0.00,$0.00,8,20,0,https://www.tiktok.com/@sydneynotsweeneys
1149,7667361898509123597,delmore_tn,GO,-1,4,@delmore.,,N/A,0,N,1.00,0,0%,7,7,0,15,15,0,0,1,"100,000","100,000",Down,1,,0,0,0,-1,-1,0,0,0,0,-,0,0,$0,$0.00,$0.00,8,20,0,https://www.tiktok.com/@delmore_tn
1149,7667394415249571853,444_jaylee,GO,-1,4,@jrxs3,,N/A,0,N,1.00,0,0%,7,7,0,15,15,0,0,1,"100,000","100,000",Down,1,,0,0,0,-1,-1,0,0,0,0,-,0,0,$0,$0.00,$0.00,8,20,0,https://www.tiktok.com/@444_jaylee
1149,7667797802566828045,v00icstudios,GO,-1,4,,Gaming,N/A,0,N,1.00,0,0%,7,7,0,15,15,0,0,1,"100,000","100,000",Down,1,,0,0,0,-1,-1,0,0,0,0,-,0,0,$0,$0.00,$0.00,8,20,0,https://www.tiktok.com/@v00icstudios
820,7650410465209925645,nuclearprototype,GO,-1,5,@nuclearprototype,Gaming,N/A,0,N,1.00,0,0%,7,7,0,15,15,0,0,1,"100,000","100,000",Down,1,,0,0,0,-1,-1,0,0,0,0,-,0,0,$0,$0.00,$0.00,8,20,0,https://www.tiktok.com/@nuclearprototype
821,7646424750281080846,brooke_bridges,GO,-1,5,@brooke_bridges,,N/A,0,N,1.00,0,0%,7,7,0,15,15,0,0,1,"100,000","100,000",Down,1,,0,0,0,-1,-1,0,0,0,0,-,0,0,$0,$0.00,$0.00,8,20,0,https://www.tiktok.com/@brooke_bridges
822,7654295351817551885,tacowright21,GO,-1,5,,Athlete,HIRAM,0,N,1.00,0,0%,7,7,0,15,15,0,0,1,"100,000","100,000",Down,1,,0,0,0,-1,-1,0,0,0,0,-,0,0,$0,$0.00,$0.00,8,20,0,https://www.tiktok.com/@tacowright21
823,7651088178157502477,kylee_williams,GO,-1,5,,,N/A,0,N,1.00,0,0%,7,7,0,15,15,0,0,1,"100,000","100,000",Down,1,,0,0,0,-1,-1,0,0,0,0,-,0,0,$0,$0.00,$0.00,8,20,0,https://www.tiktok.com/@kylee_williams
824,7655116072420687886,jellyjamsart,GO,-1,5,,,SKYLER,0,N,1.00,0,0%,7,7,0,15,15,0,0,1,"100,000","100,000",Down,1,,0,0,0,-1,-1,0,0,0,0,-,0,0,$0,$0.00,$0.00,8,20,0,https://www.tiktok.com/@jellyjamsart
825,7646443491702226957,marcotheceo,GO,-1,5,@marcotperez,,N/A,0,N,1.00,0,0%,7,7,0,15,15,0,0,1,"100,000","100,000",Down,1,,0,0,0,-1,-1,0,0,0,0,-,0,0,$0,$0.00,$0.00,8,20,0,https://www.tiktok.com/@marcotheceo
826,7654824834509225998,xavia.purp,GO,-1,5,,,JOE,0,N,1.00,0,0%,7,7,0,15,15,0,0,1,"100,000","100,000",Down,1,,0,0,0,-1,-1,0,0,0,0,-,0,0,$0,$0.00,$0.00,8,20,0,https://www.tiktok.com/@xavia.purp
827,7650257186228158477,itsokshane,GO,-1,5,@okshane,,N/A,0,N,1.00,0,0%,7,7,0,15,15,0,0,1,"100,000","100,000",Down,1,,0,0,0,-1,-1,0,0,0,0,-,0,0,$0,$0.00,$0.00,8,20,0,https://www.tiktok.com/@itsokshane
828,7645189108947697678,meti_kassa,GO,-1,6,@metikassa,Music,JOE,0,N,1.00,0,0%,7,7,0,15,15,0,0,1,"100,000","100,000",Down,1,,0,0,0,-1,-1,0,0,0,0,-,0,0,$0,$0.00,$0.00,8,20,0,https://www.tiktok.com/@meti_kassa
829,7646092370404098061,abbyblakeofficial,GO,-1,6,@abbyblakeofficial,Music,BROOKE,0,N,1.00,0,0%,7,7,0,15,15,0,0,1,"100,000","100,000",Down,1,,0,0,0,-1,-1,0,0,0,0,-,0,0,$0,$0.00,$0.00,8,20,0,https://www.tiktok.com/@abbyblakeofficial
1142,7641416571923054605,hellopauljesse,GO,-1,6,@hellopauljesse,Music,N/A,0,N,1.00,0,0%,7,7,0,15,15,0,0,1,"100,000","100,000",Down,1,,0,0,0,-1,-1,0,0,0,0,-,0,0,$0,$0.00,$0.00,8,20,0,https://www.tiktok.com/@hellopauljesse
831,7638400044118491149,faithtrustandangeldust_,GO,-1,6,@faithtrustandangeldust_,,SKYLER,0,N,1.00,0,0%,7,7,0,15,15,0,0,1,"100,000","100,000",Down,1,,0,0,0,-1,-1,0,0,0,0,-,0,0,$0,$0.00,$0.00,8,20,0,https://www.tiktok.com/@faithtrustandangeldust_
832,7359136918161981445,theelijahcortez,GO,-1,6,@elijahdc3,Music,DYLAN,0,N,1.00,0,0%,7,7,0,15,15,0,0,1,"100,000","100,000",Down,1,,0,0,0,-1,-1,0,0,0,0,-,0,0,$0,$0.00,$0.00,8,20,0,https://www.tiktok.com/@theelijahcortez
833,7638409578929012749,_ameyak_,GO,-1,6,@ameyakatt,,N/A,0,N,1.00,0,0%,7,7,0,15,15,0,0,1,"100,000","100,000",Down,1,,0,0,0,-1,-1,0,0,0,0,-,0,0,$0,$0.00,$0.00,8,20,0,https://www.tiktok.com/@_ameyak_
834,7635772847754854414,rachelgraceviolin,GO,-1,6,@rachelgraceviolin,Music,N/A,0,N,1.00,0,0%,7,7,0,15,15,0,0,1,"100,000","100,000",Down,1,,0,0,0,-1,-1,0,0,0,0,-,0,0,$0,$0.00,$0.00,8,20,0,https://www.tiktok.com/@rachelgraceviolin
835,7365250581411135489,rhynoxlive,GO,-1,6,@rhynoxlive,,N/A,0,N,1.00,0,0%,7,7,0,15,15,0,0,1,"100,000","100,000",Down,1,,0,0,0,-1,-1,0,0,0,0,-,0,0,$0,$0.00,$0.00,8,20,0,https://www.tiktok.com/@rhynoxlive
836,7639587601183358989,wayaseraphimmessages,GO,-1,6,,,N/A,0,N,1.00,0,0%,7,7,0,15,15,0,0,1,"100,000","100,000",Down,1,,0,0,0,-1,-1,0,0,0,0,-,0,0,$0,$0.00,$0.00,8,20,0,https://www.tiktok.com/@wayaseraphimmessages
837,7638662327155539981,lvlupgtr.com,GO,-1,6,@alexdonaldsonmusic,Music,N/A,0,N,1.00,0,0%,7,7,0,15,15,0,0,1,"100,000","100,000",Down,1,,0,0,0,-1,-1,0,0,0,0,-,0,0,$0,$0.00,$0.00,8,20,0,https://www.tiktok.com/@lvlupgtr.com
838,7637331329603911694,kriss_drummer_live,GO,-1,6,,Music,N/A,0,N,1.00,0,0%,7,7,0,15,15,0,0,1,"100,000","100,000",Down,1,,0,0,0,-1,-1,0,0,0,0,-,0,0,$0,$0.00,$0.00,8,20,0,https://www.tiktok.com/@kriss_drummer_live
839,7624735822138425358,toytoylejure,GO,-1,7,@toysmi79_02118,,N/A,0,N,1.00,0,0%,7,7,0,15,15,0,0,1,"100,000","100,000",Down,1,,0,0,0,-1,-1,0,0,0,0,-,0,0,$0,$0.00,$0.00,8,20,0,https://www.tiktok.com/@toytoylejure
840,7629904406011559950,kristellabilyeu,GO,-1,7,,,N/A,0,N,1.00,0,0%,7,7,0,15,15,0,0,1,"100,000","100,000",Down,1,,0,0,0,-1,-1,0,0,0,0,-,0,0,$0,$0.00,$0.00,8,20,0,https://www.tiktok.com/@kristellabilyeu
841,7628355953762779150,viper_cosplayer,GO,-1,7,@viper080381,,N/A,0,N,1.00,0,0%,7,7,0,15,15,0,0,1,"100,000","100,000",Down,1,,0,0,0,-1,-1,0,0,0,0,-,0,0,$0,$0.00,$0.00,8,20,0,https://www.tiktok.com/@viper_cosplayer
842,7633861583109832718,koldheartedrainbow,GO,-1,7,,,N/A,0,N,1.00,0,0%,7,7,0,15,15,0,0,1,"100,000","100,000",Down,1,,0,0,0,-1,-1,0,0,0,0,-,0,0,$0,$0.00,$0.00,8,20,0,https://www.tiktok.com/@koldheartedrainbow
322,7633898546147639309,diamond.brown4,GO,-1,7,@diaamondd.,,N/A,1,Y,1.00,0,0%,7,7,0,15,15,1,8,1,"100,000","99,999",Down,1,,1,0,0,-1,-1,0,0,0,0,-,0,0,$0,$0.00,$0.00,8,20,0,https://www.tiktok.com/@diamond.brown4
843,7626525787423850510,lluxxid,GO,-1,7,,,N/A,0,N,1.00,0,0%,7,7,0,15,15,0,0,1,"100,000","100,000",Down,1,,0,0,0,-1,-1,0,0,0,0,-,0,0,$0,$0.00,$0.00,8,20,0,https://www.tiktok.com/@lluxxid
844,7623573967936471054,tatiyana_219,GO,-1,7,@tatiyana_219,,N/A,0,N,1.00,0,0%,7,7,0,15,15,0,0,1,"100,000","100,000",Down,1,,0,0,0,-1,-1,0,0,0,0,-,0,0,$0,$0.00,$0.00,8,20,0,https://www.tiktok.com/@tatiyana_219
845,7359135813306810373,ali.kinsman,GO,-1,7,,,BRYTON,0,N,1.00,0,0%,7,7,0,15,15,0,0,1,"100,000","100,000",Down,1,,0,0,0,-1,-1,0,"4,000",0,"4,000",-,0,0,$0,$0.00,$0.00,8,20,0,https://www.tiktok.com/@ali.kinsman
846,7634533919089770509,kyra.adria,GO,-1,7,,,N/A,0,N,1.00,0,0%,7,7,0,15,15,0,0,1,"100,000","100,000",Down,1,,0,0,0,-1,-1,0,0,0,0,-,0,0,$0,$0.00,$0.00,8,20,0,https://www.tiktok.com/@kyra.adria
847,7629431594486349838,aidanmoyer95,GO,-1,7,@liluzitidepods,Gaming,N/A,0,N,1.00,0,0%,7,7,0,15,15,0,0,1,"100,000","100,000",Down,1,,0,0,0,-1,-1,0,0,0,0,-,0,0,$0,$0.00,$0.00,8,20,0,https://www.tiktok.com/@aidanmoyer95
848,7632838031787114510,aniyamyranda,GO,-1,7,,,N/A,0,N,1.00,0,0%,7,7,0,15,15,0,0,1,"100,000","100,000",Down,1,,0,0,0,-1,-1,0,0,0,0,-,0,0,$0,$0.00,$0.00,8,20,0,https://www.tiktok.com/@aniyamyranda
849,7633885402457358349,cascleo,GO,-1,7,@cascleo22,Music,N/A,0,N,1.00,0,0%,7,7,0,15,15,0,0,1,"100,000","100,000",Down,1,,0,0,0,-1,-1,0,0,0,0,-,0,0,$0,$0.00,$0.00,8,20,0,https://www.tiktok.com/@cascleo
850,7632399129758515213,nj.eddy,GO,-1,7,@njeddy,Music,DYLAN,0,N,1.00,0,0%,7,7,0,15,15,0,0,1,"100,000","100,000",Down,1,,0,0,0,-1,-1,0,0,0,0,-,0,0,$0,$0.00,$0.00,8,20,0,https://www.tiktok.com/@nj.eddy
851,7630269203248988173,themamatink,GO,-1,7,@itsthetinkerbell,,N/A,0,N,1.00,0,0%,7,7,0,15,15,0,0,1,"100,000","100,000",Down,1,,0,0,0,-1,-1,0,0,0,0,-,0,0,$0,$0.00,$0.00,8,20,0,https://www.tiktok.com/@themamatink
852,7633498225517051918,internet_hum0r,GO,-1,7,@v.jay.,Music,DYLAN,0,N,1.00,0,0%,7,7,0,15,15,0,0,1,"100,000","100,000",Down,1,,0,0,0,-1,-1,0,0,0,0,-,0,0,$0,$0.00,$0.00,8,20,0,https://www.tiktok.com/@internet_hum0r
853,7629511217559912462,harambemuzic,GO,-1,7,@harambemuzic,Music,JOE,0,N,1.00,0,0%,7,7,0,15,15,0,0,1,"100,000","100,000",Down,1,,0,0,0,-1,-1,0,0,0,0,-,0,0,$0,$0.00,$0.00,8,20,0,https://www.tiktok.com/@harambemuzic
854,7615372830406033422,liyaaahbaaby,GO,-1,8,,,N/A,0,N,1.00,0,0%,7,7,0,15,15,0,0,1,"100,000","100,000",Down,1,,0,0,0,-1,-1,0,0,0,0,-,0,0,$0,$0.00,$0.00,8,20,0,https://www.tiktok.com/@liyaaahbaaby
855,7620260745313337357,shopwithkaybae,GO,-1,8,,,N/A,0,N,1.00,0,0%,7,7,0,15,15,0,0,1,"100,000","100,000",Down,1,,0,0,0,-1,-1,0,0,0,0,-,0,0,$0,$0.00,$0.00,8,20,0,https://www.tiktok.com/@shopwithkaybae
856,7616905679974187022,officialmandimacias,GO,-1,8,@mandimacias7571,Music,N/A,0,N,1.00,0,0%,7,7,0,15,15,0,0,1,"100,000","100,000",Down,1,,0,0,0,-1,-1,0,300,300,0,-,0,0,$0,$0.00,$0.00,8,20,0,https://www.tiktok.com/@officialmandimacias
857,7616798541306019854,kyleauthmusic,GO,-1,8,@kauth422,Music,DYLAN,0,N,1.00,0,0%,7,7,0,15,15,0,0,1,"100,000","100,000",Down,1,,0,0,0,-1,-1,0,0,0,0,-,0,0,$0,$0.00,$0.00,8,20,0,https://www.tiktok.com/@kyleauthmusic
858,7509779482513965073,namezcarol,GO,-1,8,@namezcarol,,N/A,0,N,1.00,0,0%,7,7,0,15,15,0,0,1,"100,000","100,000",Down,1,,0,0,0,-1,-1,0,0,0,0,-,0,0,$0,$0.00,$0.00,8,20,0,https://www.tiktok.com/@namezcarol
859,7618170833961238542,chey10100,GO,-1,8,,,N/A,0,N,1.00,0,0%,7,7,0,15,15,0,0,1,"100,000","100,000",Down,1,,0,0,0,-1,-1,0,0,0,0,-,0,0,$0,$0.00,$0.00,8,20,0,https://www.tiktok.com/@chey10100
860,7612028316274475022,tyrellgreenlee,GO,-1,8,@tyrellgreenlee,,N/A,0,N,1.00,0,0%,7,7,0,15,15,0,0,1,"100,000","100,000",Down,1,,0,0,0,-1,-1,0,0,0,0,-,0,0,$0,$0.00,$0.00,8,20,0,https://www.tiktok.com/@tyrellgreenlee
861,7618332605280206862,national_uchiha,GO,-1,8,,,COLTON,0,N,1.00,0,0%,7,7,0,15,15,0,0,1,"100,000","100,000",Down,1,,0,0,0,-1,-1,0,0,0,0,-,0,0,$0,$0.00,$0.00,8,20,0,https://www.tiktok.com/@national_uchiha
862,7620557957587320845,johnbcoxmusic,GO,-1,8,@jrock100_,Music,SKYLER,0,N,1.00,0,0%,7,7,0,15,15,0,0,1,"100,000","100,000",Down,1,,0,0,0,-1,-1,0,0,0,0,-,0,0,$0,$0.00,$0.00,8,20,0,https://www.tiktok.com/@johnbcoxmusic
863,7621328160352681997,sahdude33,GO,-1,8,@failingemu1,Music,SKYLER,0,N,1.00,0,0%,7,7,0,15,15,0,0,1,"100,000","100,000",Down,1,,0,0,0,-1,-1,0,0,0,0,-,0,0,$0,$0.00,$0.00,8,20,0,https://www.tiktok.com/@sahdude33
864,7617670392164925454,joeygrimaldimusic1,GO,-1,8,@joeygrimaldimusic,Music,DYLAN,0,N,1.00,0,0%,7,7,0,15,15,0,0,1,"100,000","100,000",Down,1,,0,0,0,-1,-1,0,0,0,0,-,0,0,$0,$0.00,$0.00,8,20,0,https://www.tiktok.com/@joeygrimaldimusic1
865,7619124999152254989,hannahhaylen,GO,-1,8,@hannahhaylen_63829,Music,DYLAN,0,N,1.00,0,0%,7,7,0,15,15,0,0,1,"100,000","100,000",Down,1,,0,0,0,-1,-1,0,0,0,0,-,0,0,$0,$0.00,$0.00,8,20,0,https://www.tiktok.com/@hannahhaylen
866,7614997682968608782,therealestherj,GO,-1,8,,,N/A,0,N,1.00,0,0%,7,7,0,15,15,0,0,1,"100,000","100,000",Down,1,,0,0,0,-1,-1,0,0,0,0,-,0,0,$0,$0.00,$0.00,8,20,0,https://www.tiktok.com/@therealestherj
867,7616528288537919502,tierneysage,GO,-1,8,@tsage16,Music,DYLAN,0,N,1.00,0,0%,7,7,0,15,15,0,0,1,"100,000","100,000",Down,1,,0,0,0,-1,-1,0,0,0,0,-,0,0,$0,$0.00,$0.00,8,20,0,https://www.tiktok.com/@tierneysage
868,7607148259496378381,sattynkolka,GO,-1,8,@sattyn.,,N/A,0,N,1.00,0,0%,7,7,0,15,15,0,0,1,"100,000","100,000",Down,1,,0,0,0,-1,-1,0,0,0,0,-,0,0,$0,$0.00,$0.00,8,20,0,https://www.tiktok.com/@sattynkolka
869,7607605520383393806,itzdes2024,GO,-1,9,,,N/A,0,N,1.00,0,0%,7,7,0,15,15,0,0,1,"100,000","100,000",Down,1,,0,0,0,-1,-1,0,0,0,0,-,0,0,$0,$0.00,$0.00,8,20,0,https://www.tiktok.com/@itzdes2024
870,7605059443780337678,kristenkittymeow,GO,-1,9,@kristenjcounts,,N/A,0,N,1.00,0,0%,7,7,0,15,15,0,0,1,"100,000","100,000",Down,1,,0,0,0,-1,-1,0,0,0,0,-,0,0,$0,$0.00,$0.00,8,20,0,https://www.tiktok.com/@kristenkittymeow
871,7608338554233602062,deearnnap,GO,-1,9,@deepenn43,,N/A,0,N,1.00,0,0%,7,7,0,15,15,0,0,1,"100,000","100,000",Down,1,,0,0,0,-1,-1,0,0,0,0,-,0,0,$0,$0.00,$0.00,8,20,0,https://www.tiktok.com/@deearnnap
872,7608209915718582285,trystinnnn_,GO,-1,9,,,N/A,0,N,1.00,0,0%,7,7,0,15,15,0,0,1,"100,000","100,000",Down,1,,0,0,0,-1,-1,0,0,0,0,-,0,0,$0,$0.00,$0.00,8,20,0,https://www.tiktok.com/@trystinnnn_
873,7608318906436075533,alwysovrr,GO,-1,9,,,N/A,0,N,1.00,0,0%,7,7,0,15,15,0,0,1,"100,000","100,000",Down,1,,0,0,0,-1,-1,0,0,0,0,-,0,0,$0,$0.00,$0.00,8,20,0,https://www.tiktok.com/@alwysovrr
874,7603559048310505485,jeffrey8bp,GO,-1,9,,,N/A,0,N,1.00,0,0%,7,7,0,15,15,0,0,1,"100,000","100,000",Down,1,,0,0,0,-1,-1,0,0,0,0,-,0,0,$0,$0.00,$0.00,8,20,0,https://www.tiktok.com/@jeffrey8bp
875,7601674566645202999,threehundredseventytwo,GO,-1,9,,,N/A,0,N,1.00,0,0%,7,7,0,15,15,0,0,1,"100,000","100,000",Down,1,,0,0,0,-1,-1,0,0,0,0,-,0,0,$0,$0.00,$0.00,8,20,0,https://www.tiktok.com/@threehundredseventytwo
876,7601722710653288503,birdiesforeus,GO,-1,9,@jayddoesit,,N/A,0,N,1.00,0,0%,7,7,0,15,15,0,0,1,"100,000","100,000",Down,1,,0,0,0,-1,-1,0,0,0,0,-,0,0,$0,$0.00,$0.00,8,20,0,https://www.tiktok.com/@birdiesforeus
877,7591301261329285175,queen_maddy_1202,GO,-1,10,@queen_maddy_1202,Gaming,BRYTON,0,N,1.00,0,0%,7,7,0,15,15,0,0,1,"100,000","100,000",Down,1,,0,0,0,-1,-1,0,0,0,0,-,0,0,$0,$0.00,$0.00,8,20,0,https://www.tiktok.com/@queen_maddy_1202
878,7598710170574733326,heathen_ikyoto,GO,-1,10,@heathen_ikyoto,Gaming,ALLIE,0,N,1.00,0,0%,7,7,0,15,15,0,0,1,"100,000","100,000",Down,1,,0,0,0,-1,-1,0,0,0,0,-,0,0,$0,$0.00,$0.00,8,20,0,https://www.tiktok.com/@heathen_ikyoto
879,7359137304226725893,levi_carrington_,GO,-1,10,@levi_carrington_,Gaming,N/A,0,N,1.00,0,0%,7,7,0,15,15,0,0,1,"100,000","100,000",Down,1,,0,0,0,-1,-1,0,0,0,0,-,0,0,$0,$0.00,$0.00,8,20,0,https://www.tiktok.com/@levi_carrington_
880,7592397551714910221,cbrandy13,GO,-1,10,@brandy08531,,N/A,0,N,1.00,0,0%,7,7,0,15,15,0,0,1,"100,000","100,000",Down,1,,0,0,0,-1,-1,0,0,0,0,-,0,0,$0,$0.00,$0.00,8,20,0,https://www.tiktok.com/@cbrandy13
881,7595395796338720781,walmart.grey,GO,-1,10,,,N/A,0,N,1.00,0,0%,7,7,0,15,15,0,0,1,"100,000","100,000",Down,1,,0,0,0,-1,-1,0,0,0,0,-,0,0,$0,$0.00,$0.00,8,20,0,https://www.tiktok.com/@walmart.grey
882,7597569248646643725,prazahbostic8,GO,-1,10,,,N/A,0,N,1.00,0,0%,7,7,0,15,15,0,0,1,"100,000","100,000",Down,1,,0,0,0,-1,-1,0,0,0,0,-,0,0,$0,$0.00,$0.00,8,20,0,https://www.tiktok.com/@prazahbostic8
883,7589643751258177549,chefkev4real,GO,-1,10,@chefkevwins5032,,N/A,0,N,1.00,0,0%,7,7,0,15,15,0,0,1,"100,000","100,000",Down,1,,0,0,0,-1,-1,0,0,0,0,-,0,0,$0,$0.00,$0.00,8,20,0,https://www.tiktok.com/@chefkev4real
884,7591745233969299470,nothingsick,GO,-1,10,@adrianant1,Gaming,N/A,0,N,1.00,0,0%,7,7,0,15,15,0,0,1,"100,000","100,000",Down,1,,0,0,0,-1,-1,0,0,0,0,-,0,0,$0,$0.00,$0.00,8,20,0,https://www.tiktok.com/@nothingsick
885,7590918395877539895,rylanlogan.s,GO,-1,10,@rylanlogan.s,,N/A,0,N,1.00,0,0%,7,7,0,15,15,0,0,1,"100,000","100,000",Down,1,,0,0,0,-1,-1,0,0,0,0,-,0,0,$0,$0.00,$0.00,8,20,0,https://www.tiktok.com/@rylanlogan.s
886,7592049908509818894,ash_bittickkk,GO,-1,10,@ashleybittick,,ASHLEY,0,N,1.00,0,0%,7,7,0,15,15,0,0,1,"100,000","100,000",Down,1,,0,0,0,-1,-1,0,0,0,0,-,0,0,$0,$0.00,$0.00,8,20,0,https://www.tiktok.com/@ash_bittickkk
887,7595367345045028919,roze.thorne,GO,-1,10,@rozethorne.,,N/A,0,N,1.00,0,0%,7,7,0,15,15,0,0,1,"100,000","100,000",Down,1,,0,0,0,-1,-1,0,0,0,0,-,0,0,$0,$0.00,$0.00,8,20,0,https://www.tiktok.com/@roze.thorne
888,7593228086796206135,clipbryton,GO,-1,10,,,BRYTON,0,N,1.00,0,0%,7,7,0,15,15,0,0,1,"100,000","100,000",Down,1,,0,0,0,-1,-1,0,0,0,0,-,0,0,$0,$0.00,$0.00,8,20,0,https://www.tiktok.com/@clipbryton
889,7581199131105017869,kuluxka,GO,-1,11,@kuluxka.,,ASHLEY,0,N,1.00,0,0%,7,7,0,15,15,0,0,1,"100,000","100,000",Down,1,,0,0,0,-1,-1,0,0,0,0,-,0,0,$0,$0.00,$0.00,8,20,0,https://www.tiktok.com/@kuluxka
890,7557699642381746190,followyourdestinie,GO,-1,11,@followyourdestinie,Music,N/A,0,N,1.00,0,0%,7,7,0,15,15,0,0,1,"100,000","100,000",Down,1,,0,0,0,-1,-1,0,0,0,0,-,0,0,$0,$0.00,$0.00,8,20,0,https://www.tiktok.com/@followyourdestinie
891,7408815219029508113,gtrose,GO,-1,11,@gtrose_,,N/A,0,N,1.00,0,0%,7,7,0,15,15,0,0,1,"100,000","100,000",Down,1,,0,0,0,-1,-1,0,0,0,0,-,0,0,$0,$0.00,$0.00,8,20,0,https://www.tiktok.com/@gtrose
892,7583156191761678391,t.colvvv,GO,-1,11,@huncho1522,,N/A,0,N,1.00,0,0%,7,7,0,15,15,0,0,1,"100,000","100,000",Down,1,,0,0,0,-1,-1,0,0,0,0,-,0,0,$0,$0.00,$0.00,8,20,0,https://www.tiktok.com/@t.colvvv
893,7393147089703747600,wow_mschez,GO,-1,11,@ms_chez,,N/A,0,N,1.00,0,0%,7,7,0,15,15,0,0,1,"100,000","100,000",Down,1,,0,0,0,-1,-1,0,0,0,0,-,0,0,$0,$0.00,$0.00,8,20,0,https://www.tiktok.com/@wow_mschez
894,7579762714873118733,tellemwatson,GO,-1,11,@tellemwatson,,N/A,0,N,1.00,0,0%,7,7,0,15,15,0,0,1,"100,000","100,000",Down,1,,0,0,0,-1,-1,0,0,0,0,-,0,0,$0,$0.00,$0.00,8,20,0,https://www.tiktok.com/@tellemwatson
895,7359139881689448454,dontaskhowmany,GO,-1,11,@_notthemomma,,BRYTON,0,N,1.00,0,0%,7,7,0,15,15,0,0,1,"100,000","100,000",Down,1,,0,0,0,-1,-1,0,0,0,0,-,0,0,$0,$0.00,$0.00,8,20,0,https://www.tiktok.com/@dontaskhowmany
896,7584171455915769911,skibudz67,GO,-1,11,,,N/A,0,N,1.00,0,0%,7,7,0,15,15,0,0,1,"100,000","100,000",Down,1,,0,0,0,-1,-1,0,0,0,0,-,0,0,$0,$0.00,$0.00,8,20,0,https://www.tiktok.com/@skibudz67
897,7582802583895523341,leahhmelia,GO,-1,11,@leahbeah1233,,ALLIE,0,N,1.00,0,0%,7,7,0,15,15,0,0,1,"100,000","100,000",Down,1,,0,0,0,-1,-1,0,0,0,0,-,0,0,$0,$0.00,$0.00,8,20,0,https://www.tiktok.com/@leahhmelia
898,7579054541350486030,tarotwithchris,GO,-1,11,@cmadpoet,,N/A,0,N,1.00,0,0%,7,7,0,15,15,0,0,1,"100,000","100,000",Down,1,,0,0,0,-1,-1,0,0,0,0,-,0,0,$0,$0.00,$0.00,8,20,0,https://www.tiktok.com/@tarotwithchris
899,7581270140747137079,swiggitymann,GO,-1,11,@swiggityman,Gaming,BRYTON,0,N,1.00,0,0%,7,7,0,15,15,0,0,1,"100,000","100,000",Down,1,,0,0,0,-1,-1,0,0,0,0,-,0,0,$0,$0.00,$0.00,8,20,0,https://www.tiktok.com/@swiggitymann
900,7578673000590065677,beachblondemama,GO,-1,11,@bleachblondemomma,,SVEN,0,N,1.00,0,0%,7,7,0,15,15,0,0,1,"100,000","100,000",Down,1,,0,0,0,-1,-1,0,0,0,0,-,0,0,$0,$0.00,$0.00,8,20,0,https://www.tiktok.com/@beachblondemama
901,7573015023421997111,shemandigans,GO,-1,12,@shemandigans,,N/A,0,N,1.00,0,0%,7,7,0,15,15,0,0,1,"100,000","100,000",Down,1,,0,0,0,-1,-1,0,0,0,0,-,0,0,$0,$0.00,$0.00,8,20,0,https://www.tiktok.com/@shemandigans
902,7570253201903992845,_van.g03,GO,-1,12,@van.g03,,TRENTON,0,N,1.00,0,0%,7,7,0,15,15,0,0,1,"100,000","100,000",Down,1,,0,0,0,-1,-1,0,0,0,0,-,0,0,$0,$0.00,$0.00,8,20,0,https://www.tiktok.com/@_van.g03
903,7571863711502090253,maritanightingale6,GO,-1,12,@maritanightingale6,,SVEN,0,N,1.00,0,0%,7,7,0,15,15,0,0,1,"100,000","100,000",Down,1,,0,0,0,-1,-1,0,0,0,0,-,0,0,$0,$0.00,$0.00,8,20,0,https://www.tiktok.com/@maritanightingale6
904,7571164837095587895,oc_tomaz,GO,-1,12,@octomaz,,SVEN,0,N,1.00,0,0%,7,7,0,15,15,0,0,1,"100,000","100,000",Down,1,,0,0,0,-1,-1,0,0,0,0,-,0,0,$0,$0.00,$0.00,8,20,0,https://www.tiktok.com/@oc_tomaz
905,7571210053597020215,zzprado,GO,-1,12,@zzfashion_91643,,TRENTON,0,N,1.00,0,0%,7,7,0,15,15,0,0,1,"100,000","100,000",Down,1,,0,0,0,-1,-1,0,0,0,0,-,0,0,$0,$0.00,$0.00,8,20,0,https://www.tiktok.com/@zzprado
906,7568663479326883895,cheifkaito,GO,-1,12,,Music,N/A,0,N,1.00,0,0%,7,7,0,15,15,0,0,1,"100,000","100,000",Down,1,,0,0,0,-1,-1,0,0,0,0,-,0,0,$0,$0.00,$0.00,8,20,0,https://www.tiktok.com/@cheifkaito
907,7576082587425456141,craigzilla_music,GO,-1,12,,,TRE,0,N,1.00,0,0%,7,7,0,15,15,0,0,1,"100,000","100,000",Down,1,,0,0,0,-1,-1,0,0,0,0,-,0,0,$0,$0.00,$0.00,8,20,0,https://www.tiktok.com/@craigzilla_music
908,7572471684901519373,thisjusdank,GO,-1,12,@audank09,,N/A,0,N,1.00,0,0%,7,7,0,15,15,0,0,1,"100,000","100,000",Down,1,,0,0,0,-1,-1,0,0,0,0,-,0,0,$0,$0.00,$0.00,8,20,0,https://www.tiktok.com/@thisjusdank
909,7573870578680152077,moneygeyser,GO,-1,12,@chpstrrr,,SHAVONNE,0,N,1.00,0,0%,7,7,0,15,15,0,0,1,"100,000","100,000",Down,1,,0,0,0,-1,-1,0,0,0,0,-,0,0,$0,$0.00,$0.00,8,20,0,https://www.tiktok.com/@moneygeyser
323,7567540624602218509,guisellehhh,GO,-1,12,@guisellehhh,,N/A,4,Y,1.00,0,0%,7,7,0,15,15,1,8,1,"100,000","99,999",Down,1,,1,0,0,-1,-1,0,0,0,0,-,0,0,$0,$0.00,$0.00,8,20,0,https://www.tiktok.com/@guisellehhh
910,7574199035477835789,therealkashmonroe,GO,-1,12,@therealkashmonroe,,N/A,0,N,1.00,0,0%,7,7,0,15,15,0,0,1,"100,000","100,000",Down,1,,0,0,0,-1,-1,0,0,0,0,-,0,0,$0,$0.00,$0.00,8,20,0,https://www.tiktok.com/@therealkashmonroe
911,7514711649840873488,andrewdoeswell,GO,-1,12,@andrewmassey6509,,SVEN,0,N,1.00,0,0%,7,7,0,15,15,0,0,1,"100,000","100,000",Down,1,,0,0,0,-1,-1,0,0,0,0,-,0,0,$0,$0.00,$0.00,8,20,0,https://www.tiktok.com/@andrewdoeswell
912,7573814597233262647,jakeylafinances,GO,-1,12,@itsjakeyla,,N/A,0,N,1.00,0,0%,7,7,0,15,15,0,0,1,"100,000","100,000",Down,1,,0,0,0,-1,-1,0,0,0,0,-,0,0,$0,$0.00,$0.00,8,20,0,https://www.tiktok.com/@jakeylafinances
913,7572615698829295671,realcapitalp,GO,-1,12,@capitalp27,,N/A,0,N,1.00,0,0%,7,7,0,15,15,0,0,1,"100,000","100,000",Down,1,,0,0,0,-1,-1,0,0,0,0,-,0,0,$0,$0.00,$0.00,8,20,0,https://www.tiktok.com/@realcapitalp
914,7574219571838763063,flyonpluto,GO,-1,12,@herrawass,,N/A,0,N,1.00,0,0%,7,7,0,15,15,0,0,1,"100,000","100,000",Down,1,,0,0,0,-1,-1,0,0,0,0,-,0,0,$0,$0.00,$0.00,8,20,0,https://www.tiktok.com/@flyonpluto
915,7575020052429258807,squeakmelusky,GO,-1,12,@squeakondrums,Music,DYLAN,0,N,1.00,0,0%,7,7,0,15,15,0,0,1,"100,000","100,000",Down,1,,0,0,0,-1,-1,0,0,0,0,-,0,0,$0,$0.00,$0.00,8,20,0,https://www.tiktok.com/@squeakmelusky
916,7568297768498806839,sirenofthewest,GO,-1,12,@sirenofthewest,,N/A,0,N,1.00,0,0%,7,7,0,15,15,0,0,1,"100,000","100,000",Down,1,,0,0,0,-1,-1,0,0,0,0,-,0,0,$0,$0.00,$0.00,8,20,0,https://www.tiktok.com/@sirenofthewest
917,7559664387288645687,__daniellelashae,GO,-1,13,@itsdanielleleilani,,N/A,0,N,1.00,0,0%,7,7,0,15,15,0,0,1,"100,000","100,000",Down,1,,0,0,0,-1,-1,0,0,0,0,-,0,0,$0,$0.00,$0.00,8,20,0,https://www.tiktok.com/@__daniellelashae
918,7567088407923638285,tlawzz_gaming,GO,-1,13,@tj2319,Gaming,JOE,0,N,1.00,0,0%,7,7,0,15,15,0,0,1,"100,000","100,000",Down,1,,0,0,0,-1,-1,0,0,0,0,-,0,0,$0,$0.00,$0.00,8,20,0,https://www.tiktok.com/@tlawzz_gaming
919,7562312052468105229,jennygraceofficial,GO,-1,13,@jennygraceland_37731,Music,DYLAN,0,N,1.00,0,0%,7,7,0,15,15,0,0,1,"100,000","100,000",Down,1,,0,0,0,-1,-1,0,0,0,0,-,0,0,$0,$0.00,$0.00,8,20,0,https://www.tiktok.com/@jennygraceofficial
920,7561337080069013518,gabbyholiday,GO,-1,13,@everything_p,,N/A,0,N,1.00,0,0%,7,7,0,15,15,0,0,1,"100,000","100,000",Down,1,,0,0,0,-1,-1,0,0,0,0,-,0,0,$0,$0.00,$0.00,8,20,0,https://www.tiktok.com/@gabbyholiday
921,7558154520338087949,blazequeen420_,GO,-1,13,@lunanovalovee,Gaming,N/A,0,N,1.00,0,0%,7,7,0,15,15,0,0,1,"100,000","100,000",Down,1,,0,0,0,-1,-1,0,0,0,0,-,0,0,$0,$0.00,$0.00,8,20,0,https://www.tiktok.com/@blazequeen420_
922,7558262888209661966,billiejean_406,GO,-1,13,@billiejean01451,,N/A,0,N,1.00,0,0%,7,7,0,15,15,0,0,1,"100,000","100,000",Down,1,,0,0,0,-1,-1,0,0,0,0,-,0,0,$0,$0.00,$0.00,8,20,0,https://www.tiktok.com/@billiejean_406
923,7558262880408354871,_orionsorbit,GO,-1,13,@raveinruins,,N/A,0,N,1.00,0,0%,7,7,0,15,15,0,0,1,"100,000","100,000",Down,1,,0,0,0,-1,-1,0,0,0,0,-,0,0,$0,$0.00,$0.00,8,20,0,https://www.tiktok.com/@_orionsorbit
924,7564200331450695735,shaleenjanay876,GO,-1,13,,,N/A,0,N,1.00,0,0%,7,7,0,15,15,0,0,1,"100,000","100,000",Down,1,,0,0,0,-1,-1,0,0,0,0,-,0,0,$0,$0.00,$0.00,8,20,0,https://www.tiktok.com/@shaleenjanay876
925,7564200409796165687,britxfish,GO,-1,13,@bfishy.13,,N/A,0,N,1.00,0,0%,7,7,0,15,15,0,0,1,"100,000","100,000",Down,1,,0,0,0,-1,-1,0,0,0,0,-,0,0,$0,$0.00,$0.00,8,20,0,https://www.tiktok.com/@britxfish
926,7564169591367417911,wilsonthegood,GO,-1,13,@wilsongood936499,Music,N/A,0,N,1.00,0,0%,7,7,0,15,15,0,0,1,"100,000","100,000",Down,1,,0,0,0,-1,-1,0,0,0,0,-,0,0,$0,$0.00,$0.00,8,20,0,https://www.tiktok.com/@wilsonthegood
927,7565684672328679437,monalisastyless,GO,-1,13,,,N/A,0,N,1.00,0,0%,7,7,0,15,15,0,0,1,"100,000","100,000",Down,1,,0,0,0,-1,-1,0,0,0,0,-,0,0,$0,$0.00,$0.00,8,20,0,https://www.tiktok.com/@monalisastyless
928,7559309677251772471,leilanisocial,GO,-1,13,,,N/A,0,N,1.00,0,0%,7,7,0,15,15,0,0,1,"100,000","100,000",Down,1,,0,0,0,-1,-1,0,0,0,0,-,0,0,$0,$0.00,$0.00,8,20,0,https://www.tiktok.com/@leilanisocial
929,7556036445476241422,djgregdean,GO,-1,13,@djgregdean,Music,N/A,0,N,1.00,0,0%,7,7,0,15,15,0,0,1,"100,000","100,000",Down,1,,0,0,0,-1,-1,0,0,0,0,-,0,0,$0,$0.00,$0.00,8,20,0,https://www.tiktok.com/@djgregdean
930,7517725595342651408,2xnique,GO,-1,13,@itsnique1,,N/A,0,N,1.00,0,0%,7,7,0,15,15,0,0,1,"100,000","100,000",Down,1,,0,0,0,-1,-1,0,0,0,0,-,0,0,$0,$0.00,$0.00,8,20,0,https://www.tiktok.com/@2xnique
931,7556407679573573645,itslorenamedina,GO,-1,13,@lorenamedina1792,Music,N/A,0,N,1.00,0,0%,7,7,0,15,15,0,0,1,"100,000","100,000",Down,1,,0,0,0,-1,-1,0,0,0,0,-,0,0,$0,$0.00,$0.00,8,20,0,https://www.tiktok.com/@itslorenamedina
932,7563349948922773517,gn0ah1224,GO,-1,13,@Noahg7210,,N/A,0,N,1.00,0,0%,7,7,0,15,15,0,0,1,"100,000","100,000",Down,1,,0,0,0,-1,-1,0,0,0,0,-,0,0,$0,$0.00,$0.00,8,20,0,https://www.tiktok.com/@gn0ah1224
933,7558317816408129549,OFF,GO,-1,,#N/A,#N/A,#N/A,,N,1.00,,0%,7,7,0,15,15,0,0,1,,,#N/A,,,0,0,0,-1,-1,,0,0,0,#N/A,,,$0,,$0.00,8,20,0,https://www.tiktok.com/@OFF
934,7562344919353049143,sexysuccubus666,GO,-1,13,,,N/A,0,N,1.00,0,0%,7,7,0,15,15,0,0,1,"100,000","100,000",Down,1,,0,0,0,-1,-1,0,0,0,0,-,0,0,$0,$0.00,$0.00,8,20,0,https://www.tiktok.com/@sexysuccubus666
935,7564457242947305527,regalejb,GO,-1,13,@regale0537,,N/A,0,N,1.00,0,0%,7,7,0,15,15,0,0,1,"100,000","100,000",Down,1,,0,0,0,-1,-1,0,0,0,0,-,0,0,$0,$0.00,$0.00,8,20,0,https://www.tiktok.com/@regalejb
936,7564942466756132919,bladerelic,GO,-1,13,@bladerelic,,N/A,0,N,1.00,0,0%,7,7,0,15,15,0,0,1,"100,000","100,000",Down,1,,0,0,0,-1,-1,0,0,0,0,-,0,0,$0,$0.00,$0.00,8,20,0,https://www.tiktok.com/@bladerelic
937,7517538466369028112,jason.j.knight,GO,-1,13,@jasonjknight,,N/A,0,N,1.00,0,0%,7,7,0,15,15,0,0,1,"100,000","100,000",Down,1,,0,0,0,-1,-1,0,0,0,0,-,0,0,$0,$0.00,$0.00,8,20,0,https://www.tiktok.com/@jason.j.knight
938,7561872350627610638,princessdianaduh,GO,-1,13,@thebestforeva,,SVEN,0,N,1.00,0,0%,7,7,0,15,15,0,0,1,"100,000","100,000",Down,1,,0,0,0,-1,-1,0,0,0,0,-,0,0,$0,$0.00,$0.00,8,20,0,https://www.tiktok.com/@princessdianaduh
939,7547872614069518349,primed.plat,GO,-1,14,@primedplate1,,N/A,0,N,1.00,0,0%,7,7,0,15,15,0,0,1,"100,000","100,000",Down,1,,0,0,0,-1,-1,0,"66,000",0,0,-,0,0,$0,$0.00,$0.00,8,20,0,https://www.tiktok.com/@primed.plat
940,7550060797972463629,riahchamp,GO,-1,14,,,N/A,0,N,1.00,0,0%,7,7,0,15,15,0,0,1,"100,000","100,000",Down,1,,0,0,0,-1,-1,0,0,0,0,-,0,0,$0,$0.00,$0.00,8,20,0,https://www.tiktok.com/@riahchamp
941,7554197620911095863,realmelina,GO,-1,14,@officialrealmelina,,SVEN,0,N,1.00,0,0%,7,7,0,15,15,0,0,1,"100,000","100,000",Down,1,,0,0,0,-1,-1,0,"25,800","5,800","20,000",-,0,0,$0,$0.00,$0.00,8,20,0,https://www.tiktok.com/@realmelina
942,7551242840450383927,nikkigooch4,GO,-1,14,@n_gooch,,N/A,0,N,1.00,0,0%,7,7,0,15,15,0,0,1,"100,000","100,000",Down,1,,0,0,0,-1,-1,0,0,0,0,-,0,0,$0,$0.00,$0.00,8,20,0,https://www.tiktok.com/@nikkigooch4
943,7553020731857322039,depttv,GO,-1,14,@dep6969,Gaming,N/A,0,N,1.00,0,0%,7,7,0,15,15,0,0,1,"100,000","100,000",Down,1,,0,0,0,-1,-1,0,0,0,0,-,0,0,$0,$0.00,$0.00,8,20,0,https://www.tiktok.com/@depttv
944,7549186597481299982,c.p.a.c.k,GO,-1,14,@calliep88,,N/A,0,N,1.00,0,0%,7,7,0,15,15,0,0,1,"100,000","100,000",Down,1,,0,0,0,-1,-1,0,0,0,0,-,0,0,$0,$0.00,$0.00,8,20,0,https://www.tiktok.com/@c.p.a.c.k
945,7552892121850658829,michaelcorrera,GO,-1,14,,,SVEN,0,N,1.00,0,0%,7,7,0,15,15,0,0,1,"100,000","100,000",Down,1,,0,0,0,-1,-1,0,0,0,0,-,0,0,$0,$0.00,$0.00,8,20,0,https://www.tiktok.com/@michaelcorrera
946,7554923164661268494,ogdiablos,GO,-1,14,@xdiablos,,BRYTON,0,N,1.00,0,0%,7,7,0,15,15,0,0,1,"100,000","100,000",Down,1,,0,0,0,-1,-1,0,0,0,0,-,0,0,$0,$0.00,$0.00,8,20,0,https://www.tiktok.com/@ogdiablos
947,7548320490268442638,bethanyflauren,GO,-1,14,@bethanyflauren,,N/A,0,N,1.00,0,0%,7,7,0,15,15,0,0,1,"100,000","100,000",Down,1,,0,0,0,-1,-1,0,0,0,0,-,0,0,$0,$0.00,$0.00,8,20,0,https://www.tiktok.com/@bethanyflauren
948,7549362050292760589,amber01123,GO,-1,14,@spookymama92,,N/A,0,N,1.00,0,0%,7,7,0,15,15,0,0,1,"100,000","100,000",Down,1,,0,0,0,-1,-1,0,0,0,0,-,0,0,$0,$0.00,$0.00,8,20,0,https://www.tiktok.com/@amber01123
949,7555712827848310798,elenore1950,GO,-1,14,,,N/A,0,N,1.00,0,0%,7,7,0,15,15,0,0,1,"100,000","100,000",Down,1,,0,0,0,-1,-1,0,0,0,0,-,0,0,$0,$0.00,$0.00,8,20,0,https://www.tiktok.com/@elenore1950
950,7551917025526988813,laddanurv,GO,-1,14,@laddanurv.,,SVEN,0,N,1.00,0,0%,7,7,0,15,15,0,0,1,"100,000","100,000",Down,1,,0,0,0,-1,-1,0,0,0,0,-,0,0,$0,$0.00,$0.00,8,20,0,https://www.tiktok.com/@laddanurv
951,7359136334830796805,alwayshim19,GO,-1,14,@raven089398,,N/A,0,N,1.00,0,0%,7,7,0,15,15,0,0,1,"100,000","100,000",Down,1,,0,0,0,-1,-1,0,0,0,0,-,0,0,$0,$0.00,$0.00,8,20,0,https://www.tiktok.com/@alwayshim19
952,7548512478117019662,cf_warrior.xoxo,GO,-1,14,,,N/A,0,N,1.00,0,0%,7,7,0,15,15,0,0,1,"100,000","100,000",Down,1,,0,0,0,-1,-1,0,0,0,0,-,0,0,$0,$0.00,$0.00,8,20,0,https://www.tiktok.com/@cf_warrior.xoxo
953,7550850474841456654,eyekonicswiftie,GO,-1,14,@lilstrawburry,,N/A,0,N,1.00,0,0%,7,7,0,15,15,0,0,1,"100,000","100,000",Down,1,,0,0,0,-1,-1,0,0,0,0,-,0,0,$0,$0.00,$0.00,8,20,0,https://www.tiktok.com/@eyekonicswiftie
954,7544949475618635790,extracrispyelle,GO,-1,14,@extracrispyelle,,N/A,0,N,1.00,0,0%,7,7,0,15,15,0,0,1,"100,000","100,000",Down,1,,0,0,0,-1,-1,0,0,0,0,-,0,0,$0,$0.00,$0.00,8,20,0,https://www.tiktok.com/@extracrispyelle
955,7551925540999938103,nightlydaff,GO,-1,14,@nightly55_85400,,N/A,0,N,1.00,0,0%,7,7,0,15,15,0,0,1,"100,000","100,000",Down,1,,0,0,0,-1,-1,0,0,0,0,-,0,0,$0,$0.00,$0.00,8,20,0,https://www.tiktok.com/@nightlydaff
956,7528205495350509569,its_me_princess2,GO,-1,15,@princesshiilei,,N/A,0,N,1.00,0,0%,7,7,0,15,15,0,0,1,"100,000","100,000",Down,1,,0,0,0,-1,-1,0,0,0,0,-,0,0,$0,$0.00,$0.00,8,20,0,https://www.tiktok.com/@its_me_princess2
957,7541895227787952141,iamlillyelle,GO,-1,15,,,N/A,0,N,1.00,0,0%,7,7,0,15,15,0,0,1,"100,000","100,000",Down,1,,0,0,0,-1,-1,0,0,0,0,-,0,0,$0,$0.00,$0.00,8,20,0,https://www.tiktok.com/@iamlillyelle
958,7534272981367930894,sweettd724,GO,-1,15,@sweett724b,,JEREMIAH,0,N,1.00,0,0%,7,7,0,15,15,0,0,1,"100,000","100,000",Down,1,,0,0,0,-1,-1,0,0,0,0,-,0,0,$0,$0.00,$0.00,8,20,0,https://www.tiktok.com/@sweettd724
959,7533400357939101710,kimmie140,GO,-1,15,@kimmie140,,N/A,0,N,1.00,0,0%,7,7,0,15,15,0,0,1,"100,000","100,000",Down,1,,0,0,0,-1,-1,0,0,0,0,-,0,0,$0,$0.00,$0.00,8,20,0,https://www.tiktok.com/@kimmie140
960,7535949207002464270,chelseagafford,GO,-1,15,@gaffordc,,N/A,0,N,1.00,0,0%,7,7,0,15,15,0,0,1,"100,000","100,000",Down,1,,0,0,0,-1,-1,0,0,0,0,-,0,0,$0,$0.00,$0.00,8,20,0,https://www.tiktok.com/@chelseagafford
961,7538874394421280781,denise_edwards71,GO,-1,15,@mommyeds03,,N/A,0,N,1.00,0,0%,7,7,0,15,15,0,0,1,"100,000","100,000",Down,1,,0,0,0,-1,-1,0,0,0,0,-,0,0,$0,$0.00,$0.00,8,20,0,https://www.tiktok.com/@denise_edwards71
962,7543807642234306615,torikayofficial,GO,-1,15,@torikay8492,Music,N/A,0,N,1.00,0,0%,7,7,0,15,15,0,0,1,"100,000","100,000",Down,1,,0,0,0,-1,-1,0,0,0,0,-,0,0,$0,$0.00,$0.00,8,20,0,https://www.tiktok.com/@torikayofficial
963,7535624623631712270,sarah_taylor06,GO,-1,15,@sarahtaylor22,,N/A,0,N,1.00,0,0%,7,7,0,15,15,0,0,1,"100,000","100,000",Down,1,,0,0,0,-1,-1,0,"8,000","8,000",0,-,0,0,$0,$0.00,$0.00,8,20,0,https://www.tiktok.com/@sarah_taylor06
964,7533400226460352526,sammysosexy1,GO,-1,15,@sammytsu7234,,N/A,0,N,1.00,0,0%,7,7,0,15,15,0,0,1,"100,000","100,000",Down,1,,0,0,0,-1,-1,0,0,0,0,-,0,0,$0,$0.00,$0.00,8,20,0,https://www.tiktok.com/@sammysosexy1
965,7544385399389634615,hannahh764,GO,-1,15,,,N/A,0,N,1.00,0,0%,7,7,0,15,15,0,0,1,"100,000","100,000",Down,1,,0,0,0,-1,-1,0,0,0,0,-,0,0,$0,$0.00,$0.00,8,20,0,https://www.tiktok.com/@hannahh764
966,7538899445430403085,unruly_roxi,GO,-1,15,,,N/A,0,N,1.00,0,0%,7,7,0,15,15,0,0,1,"100,000","100,000",Down,1,,0,0,0,-1,-1,0,0,0,0,-,0,0,$0,$0.00,$0.00,8,20,0,https://www.tiktok.com/@unruly_roxi
967,7541126368428474423,stefandakarivlogs,GO,-1,15,@officialakarihashimoto,,N/A,0,N,1.00,0,0%,7,7,0,15,15,0,0,1,"100,000","100,000",Down,1,,0,0,0,-1,-1,0,0,0,0,-,0,0,$0,$0.00,$0.00,8,20,0,https://www.tiktok.com/@stefandakarivlogs
968,7534083780236132366,giraffewalrus1,GO,-1,15,@giraffewalrus,,N/A,0,N,1.00,0,0%,7,7,0,15,15,0,0,1,"100,000","100,000",Down,1,,0,0,0,-1,-1,0,0,0,0,-,0,0,$0,$0.00,$0.00,8,20,0,https://www.tiktok.com/@giraffewalrus1
969,7533845752582553613,gigiguerrero01,GO,-1,15,,,N/A,0,N,1.00,0,0%,7,7,0,15,15,0,0,1,"100,000","100,000",Down,1,,0,0,0,-1,-1,0,0,0,0,-,0,0,$0,$0.00,$0.00,8,20,0,https://www.tiktok.com/@gigiguerrero01
970,7539619059638452237,bmoneyslife,GO,-1,15,@bmoneyy_._88873,,N/A,0,N,1.00,0,0%,7,7,0,15,15,0,0,1,"100,000","100,000",Down,1,,0,0,0,-1,-1,0,0,0,0,-,0,0,$0,$0.00,$0.00,8,20,0,https://www.tiktok.com/@bmoneyslife
971,7533400409910689805,buickmckane8,GO,-1,15,,,N/A,0,N,1.00,0,0%,7,7,0,15,15,0,0,1,"100,000","100,000",Down,1,,0,0,0,-1,-1,0,0,0,0,-,0,0,$0,$0.00,$0.00,8,20,0,https://www.tiktok.com/@buickmckane8
972,7535262866870681613,dyylpicklle,GO,-1,15,,,N/A,0,N,1.00,0,0%,7,7,0,15,15,0,0,1,"100,000","100,000",Down,1,,0,0,0,-1,-1,0,0,0,0,-,0,0,$0,$0.00,$0.00,8,20,0,https://www.tiktok.com/@dyylpicklle
973,7359139215025700869,wh0s.kaliyaah,GO,-1,15,@kalillard0221,,N/A,0,N,1.00,0,0%,7,7,0,15,15,0,0,1,"100,000","100,000",Down,1,,0,0,0,-1,-1,0,0,0,0,-,0,0,$0,$0.00,$0.00,8,20,0,https://www.tiktok.com/@wh0s.kaliyaah
974,7538182665934225463,shiennegh,GO,-1,15,@shyybaby,,N/A,0,N,1.00,0,0%,7,7,0,15,15,0,0,1,"100,000","100,000",Down,1,,0,0,0,-1,-1,0,0,0,0,-,0,0,$0,$0.00,$0.00,8,20,0,https://www.tiktok.com/@shiennegh
975,7537116061758636045,kes_014,GO,-1,15,@kes014,,N/A,0,N,1.00,0,0%,7,7,0,15,15,0,0,1,"100,000","100,000",Down,1,,0,0,0,-1,-1,0,0,0,0,-,0,0,$0,$0.00,$0.00,8,20,0,https://www.tiktok.com/@kes_014
976,7538877747918028813,luvmh.j,GO,-1,15,,Gaming,N/A,0,N,1.00,0,0%,7,7,0,15,15,0,0,1,"100,000","100,000",Down,1,,0,0,0,-1,-1,0,0,0,0,-,0,0,$0,$0.00,$0.00,8,20,0,https://www.tiktok.com/@luvmh.j
977,7377956668812050449,royal_maiden,GO,-1,15,@maiden243,,N/A,0,N,1.00,0,0%,7,7,0,15,15,0,0,1,"100,000","100,000",Down,1,,0,0,0,-1,-1,0,0,0,0,-,0,0,$0,$0.00,$0.00,8,20,0,https://www.tiktok.com/@royal_maiden
978,7541718074152697869,mortgage.with.gage,GO,-1,15,,,COLTON,0,N,1.00,0,0%,7,7,0,15,15,0,0,1,"100,000","100,000",Down,1,,0,0,0,-1,-1,0,0,0,0,-,0,0,$0,$0.00,$0.00,8,20,0,https://www.tiktok.com/@mortgage.with.gage
979,7538299940934828046,dovahkiinsdaydream,GO,-1,15,@queenskyrim,,N/A,0,N,1.00,0,0%,7,7,0,15,15,0,0,1,"100,000","100,000",Down,1,,0,0,0,-1,-1,0,0,0,0,-,0,0,$0,$0.00,$0.00,8,20,0,https://www.tiktok.com/@dovahkiinsdaydream
980,7543090187069505591,itslalamovess,GO,-1,15,@silver_cloudss,,N/A,0,N,1.00,0,0%,7,7,0,15,15,0,0,1,"100,000","100,000",Down,1,,0,0,0,-1,-1,0,0,0,0,-,0,0,$0,$0.00,$0.00,8,20,0,https://www.tiktok.com/@itslalamovess
981,7537126891673927735,baby.lange7777,GO,-1,15,,,N/A,0,N,1.00,0,0%,7,7,0,15,15,0,0,1,"100,000","100,000",Down,1,,0,0,0,-1,-1,0,0,0,0,-,0,0,$0,$0.00,$0.00,8,20,0,https://www.tiktok.com/@baby.lange7777
982,7531173843524730935,.nicomay,GO,-1,16,@nicomay.,Music,N/A,0,N,1.00,0,0%,7,7,0,15,15,0,0,1,"100,000","100,000",Down,1,,0,0,0,-1,-1,0,0,0,0,-,0,0,$0,$0.00,$0.00,8,20,0,https://www.tiktok.com/@.nicomay
983,7523037433861013505,just.an.average.mark,GO,-1,16,@argo_2008,,N/A,0,N,1.00,0,0%,7,7,0,15,15,0,0,1,"100,000","100,000",Down,1,,0,0,0,-1,-1,0,0,0,0,-,0,0,$0,$0.00,$0.00,8,20,0,https://www.tiktok.com/@just.an.average.mark
984,7527879281704419344,itssalami,GO,-1,16,@justyswife,Music,N/A,0,N,1.00,0,0%,7,7,0,15,15,0,0,1,"100,000","100,000",Down,1,,0,0,0,-1,-1,0,0,0,0,-,0,0,$0,$0.00,$0.00,8,20,0,https://www.tiktok.com/@itssalami
985,7523759456304529409,cjthejoviboi26,GO,-1,16,@cjthewolfboi,,N/A,0,N,1.00,0,0%,7,7,0,15,15,0,0,1,"100,000","100,000",Down,1,,0,0,0,-1,-1,0,0,0,0,-,0,0,$0,$0.00,$0.00,8,20,0,https://www.tiktok.com/@cjthejoviboi26
986,7516705469575086096,zacairy,GO,-1,17,@zacairs,,N/A,0,N,1.00,0,0%,7,7,0,15,15,0,0,1,"100,000","100,000",Down,1,,0,0,0,-1,-1,0,0,0,0,-,0,0,$0,$0.00,$0.00,8,20,0,https://www.tiktok.com/@zacairy
987,7514738228092649488,itsknotsnot,GO,-1,17,,,N/A,0,N,1.00,0,0%,7,7,0,15,15,0,0,1,"100,000","100,000",Down,1,,0,0,0,-1,-1,0,0,0,0,-,0,0,$0,$0.00,$0.00,8,20,0,https://www.tiktok.com/@itsknotsnot
988,7514927122901647377,rossauceacademy,GO,-1,17,@therossauce,Music,N/A,0,N,1.00,0,0%,7,7,0,15,15,0,0,1,"100,000","100,000",Down,1,,0,0,0,-1,-1,0,"17,500","17,500",0,-,0,0,$0,$0.00,$0.00,8,20,0,https://www.tiktok.com/@rossauceacademy
989,7511412626723946512,karen.ortiz88,GO,-1,17,@denise041755,,N/A,0,N,1.00,0,0%,7,7,0,15,15,0,0,1,"100,000","100,000",Down,1,,0,0,0,-1,-1,0,0,0,0,-,0,0,$0,$0.00,$0.00,8,20,0,https://www.tiktok.com/@karen.ortiz88
990,7503687878057295873,brick2424,GO,-1,18,@brigette2025,,N/A,0,N,1.00,0,0%,7,7,0,15,15,0,0,1,"100,000","100,000",Down,1,,0,0,0,-1,-1,0,0,0,0,-,0,0,$0,$0.00,$0.00,8,20,0,https://www.tiktok.com/@brick2424
991,7509307358300930065,postheartcore,GO,-1,18,,Music,N/A,0,N,1.00,0,0%,7,7,0,15,15,0,0,1,"100,000","100,000",Down,1,,0,0,0,-1,-1,0,0,0,0,-,0,0,$0,$0.00,$0.00,8,20,0,https://www.tiktok.com/@postheartcore
992,7507054085481431056,_mrs.robinson_,GO,-1,18,,,N/A,0,N,1.00,0,0%,7,7,0,15,15,0,0,1,"100,000","100,000",Down,1,,0,0,0,-1,-1,0,0,0,0,-,0,0,$0,$0.00,$0.00,8,20,0,https://www.tiktok.com/@_mrs.robinson_
324,7508653795619160065,wadeclark16,GO,-1,18,@wadeclark16,,N/A,0,Y,1.00,0,0%,7,7,0,15,15,1,8,1,"100,000","99,999",Down,1,,1,0,0,-1,-1,0,"5,000",0,"5,000",-,0,0,$0,$0.00,$0.00,8,20,0,https://www.tiktok.com/@wadeclark16
993,7499269427771457553,inluvwithpnw,GO,-1,18,@pacificnwgurl,,N/A,0,N,1.00,0,0%,7,7,0,15,15,0,0,1,"100,000","100,000",Down,1,,0,0,0,-1,-1,0,"2,000",0,"2,000",-,0,0,$0,$0.00,$0.00,8,20,0,https://www.tiktok.com/@inluvwithpnw
994,7506768163925721104,onthatsince94,GO,-1,18,@onthatsince94,,N/A,0,N,1.00,0,0%,7,7,0,15,15,0,0,1,"100,000","100,000",Down,1,,0,0,0,-1,-1,0,0,0,0,-,0,0,$0,$0.00,$0.00,8,20,0,https://www.tiktok.com/@onthatsince94
995,7502229937454268432,ezay_life1,GO,-1,18,,,N/A,0,N,1.00,0,0%,7,7,0,15,15,0,0,1,"100,000","100,000",Down,1,,0,0,0,-1,-1,0,0,0,0,-,0,0,$0,$0.00,$0.00,8,20,0,https://www.tiktok.com/@ezay_life1
996,7505500794389692432,digitallizardmama,GO,-1,18,@digitallizardmama.,,N/A,0,N,1.00,0,0%,7,7,0,15,15,0,0,1,"100,000","100,000",Down,1,,0,0,0,-1,-1,0,0,0,0,-,0,0,$0,$0.00,$0.00,8,20,0,https://www.tiktok.com/@digitallizardmama
997,7505245178995884033,alaskanbassgal,GO,-1,18,,,N/A,0,N,1.00,0,0%,7,7,0,15,15,0,0,1,"100,000","100,000",Down,1,,0,0,0,-1,-1,0,0,0,0,-,0,0,$0,$0.00,$0.00,8,20,0,https://www.tiktok.com/@alaskanbassgal
998,7495246070599909392,commakaze,GO,-1,19,@officialcommakaze,,N/A,0,N,1.00,0,0%,7,7,0,15,15,0,0,1,"100,000","100,000",Down,1,,0,0,0,-1,-1,0,0,0,0,-,0,0,$0,$0.00,$0.00,8,20,0,https://www.tiktok.com/@commakaze
999,7491102902766043137,oogieboogeyman,GO,-1,19,@turkishcotton,,BRYTON,0,N,1.00,0,0%,7,7,0,15,15,0,0,1,"100,000","100,000",Down,1,,0,0,0,-1,-1,0,"11,250",0,"11,250",-,0,0,$0,$0.00,$0.00,8,20,0,https://www.tiktok.com/@oogieboogeyman
1000,7489934126737539073,leticiacm97,GO,-1,19,@leticiacmore,,N/A,0,N,1.00,0,0%,7,7,0,15,15,0,0,1,"100,000","100,000",Down,1,,0,0,0,-1,-1,0,0,0,0,-,0,0,$0,$0.00,$0.00,8,20,0,https://www.tiktok.com/@leticiacm97
1001,7495179645394944016,laynieyork,GO,-1,19,@laynieyork,,COLTON,0,N,1.00,0,0%,7,7,0,15,15,0,0,1,"100,000","100,000",Down,1,,0,0,0,-1,-1,0,0,0,0,-,0,0,$0,$0.00,$0.00,8,20,0,https://www.tiktok.com/@laynieyork
1002,7488604412659843089,billyvena,GO,-1,19,@billyvena,,N/A,0,N,1.00,0,0%,7,7,0,15,15,0,0,1,"100,000","100,000",Down,1,,0,0,0,-1,-1,0,"4,000","4,000",0,-,0,0,$0,$0.00,$0.00,8,20,0,https://www.tiktok.com/@billyvena
1003,7493731746362605584,wilsonfurula,GO,-1,19,@wilsonfurula,,N/A,0,N,1.00,0,0%,7,7,0,15,15,0,0,1,"100,000","100,000",Down,1,,0,0,0,-1,-1,0,0,0,0,-,0,0,$0,$0.00,$0.00,,,,
1004,7493406574925348880,vcvdog,GO,-1,19,@vcvdog,,N/A,0,N,1.00,0,0%,7,7,0,15,15,0,0,1,"100,000","100,000",Down,1,,0,0,0,-1,-1,0,"5,000",0,"5,000",-,0,0,$0,$0.00,$0.00,,,,
1005,7488155778486992897,itsdashira,GO,-1,19,,,N/A,0,N,1.00,0,0%,7,7,0,15,15,0,0,1,"100,000","100,000",Down,1,,0,0,0,-1,-1,0,0,0,0,-,0,0,$0,$0.00,$0.00,,,,
1006,7488499378634637329,stainedbykane6,GO,-1,19,@inkandmusickane,,N/A,0,N,1.00,0,0%,7,7,0,15,15,0,0,1,"100,000","100,000",Down,1,,0,0,0,-1,-1,0,"1,000","1,000",0,-,0,0,$0,$0.00,$0.00,,,,
1007,7359137386623893509,stitchfamily626,GO,-1,20,@sfamily314,,BRYTON,0,N,1.00,0,0%,7,7,0,15,15,0,0,1,"100,000","100,000",Down,1,,0,0,0,-1,-1,0,0,0,0,-,0,0,$0,$0.00,$0.00,,,,
1008,7485532583095369744,audreywelly,GO,-1,20,@audreywellyyy,,N/A,0,N,1.00,0,0%,7,7,0,15,15,0,0,1,"100,000","100,000",Down,1,,0,0,0,-1,-1,0,0,0,0,-,0,0,$0,$0.00,$0.00,,,,
1009,7431307183314485249,roxannedover1,GO,-1,20,@roxannedover,,N/A,0,N,1.00,0,0%,7,7,0,15,15,0,0,1,"100,000","100,000",Down,1,,0,0,0,-1,-1,0,"10,500","10,000",500,-,0,0,$0,$0.00,$0.00,,,,
1010,7477736666996834305,joshcorbett03,GO,-1,20,@REMOVED,,BRYTON,0,N,1.00,0,0%,7,7,0,15,15,0,0,1,"100,000","100,000",Down,1,,0,0,0,-1,-1,0,0,0,0,-,0,0,$0,$0.00,$0.00,,,,
1011,7486530145088471056,courtelliottt,GO,-1,20,@courtelliottt,,N/A,0,N,1.00,0,0%,7,7,0,15,15,0,0,1,"100,000","100,000",Down,1,,0,0,0,-1,-1,0,"1,000","1,000",0,-,0,0,$0,$0.00,$0.00,,,,
1012,7476626950346309649,bincyclopedia,GO,-1,20,,,N/A,0,N,1.00,0,0%,7,7,0,15,15,0,0,1,"100,000","100,000",Down,1,,0,0,0,-1,-1,0,0,0,0,-,0,0,$0,$0.00,$0.00,,,,
1013,7476626840392646672,digicardzzz,GO,-1,20,,,N/A,0,N,1.00,0,0%,7,7,0,15,15,0,0,1,"100,000","100,000",Down,1,,0,0,0,-1,-1,0,0,0,0,-,0,0,$0,$0.00,$0.00,,,,
1014,7484066201136594945,irish.g00dby3,GO,-1,20,@awfullyaidan,,N/A,0,N,1.00,0,0%,7,7,0,15,15,0,0,1,"100,000","100,000",Down,1,,0,0,0,-1,-1,0,0,0,0,-,0,0,$0,$0.00,$0.00,,,,
1015,7466236236080988161,walleye.1234,GO,-1,21,,,N/A,0,N,1.00,0,0%,7,7,0,15,15,0,0,1,"100,000","100,000",Down,1,,0,0,0,-1,-1,0,0,0,0,-,0,0,$0,$0.00,$0.00,,,,
1016,7468534081253359632,justjuni309,GO,-1,21,,,N/A,0,N,1.00,0,0%,7,7,0,15,15,0,0,1,"100,000","100,000",Down,1,,0,0,0,-1,-1,0,0,0,0,-,0,0,$0,$0.00,$0.00,,,,
1017,7466236257115570177,emilyanitaa,GO,-1,21,,,N/A,0,N,1.00,0,0%,7,7,0,15,15,0,0,1,"100,000","100,000",Down,1,,0,0,0,-1,-1,0,0,0,0,-,0,0,$0,$0.00,$0.00,,,,
1018,7469203327218221072,emmaisabelleparks,GO,-1,21,@emmaisabelleparks,,N/A,0,N,1.00,0,0%,7,7,0,15,15,0,0,1,"100,000","100,000",Down,1,,0,0,0,-1,-1,0,0,0,0,-,0,0,$0,$0.00,$0.00,,,,
1019,7475037566992039953,yesithebear,GO,-1,21,@yesithebear,,N/A,0,N,1.00,0,0%,7,7,0,15,15,0,0,1,"100,000","100,000",Down,1,,0,0,0,-1,-1,0,0,0,0,-,0,0,$0,$0.00,$0.00,,,,
1020,7472502126602862608,prettyinink1,GO,-1,21,,,N/A,0,N,1.00,0,0%,7,7,0,15,15,0,0,1,"100,000","100,000",Down,1,,0,0,0,-1,-1,0,"16,250",0,"16,250",-,0,0,$0,$0.00,$0.00,,,,
1021,7464045881944326160,lexiliynn,GO,-1,22,,,N/A,0,N,1.00,0,0%,7,7,0,15,15,0,0,1,"100,000","100,000",Down,1,,0,0,0,-1,-1,0,0,0,0,-,0,0,$0,$0.00,$0.00,,,,
1022,7359137902569455621,briarconerly,GO,-1,22,@briar1993,,PAUL,0,N,1.00,0,0%,7,7,0,15,15,0,0,1,"100,000","100,000",Down,1,,0,0,0,-1,-1,0,0,0,0,-,0,0,$0,$0.00,$0.00,,,,
1023,7416144195179593729,coffeeaddict8639,GO,-1,22,,,N/A,0,N,1.00,0,0%,7,7,0,15,15,0,0,1,"100,000","100,000",Down,1,,0,0,0,-1,-1,0,0,0,0,-,0,0,$0,$0.00,$0.00,,,,
1024,7462507750791348240,kaybaby2141,GO,-1,22,@kay2147122,,N/A,0,N,1.00,0,0%,7,7,0,15,15,0,0,1,"100,000","100,000",Down,1,,0,0,0,-1,-1,0,"2,500",0,"2,500",-,0,0,$0,$0.00,$0.00,,,,
1025,7460667852887162896,sarahnichole2015,GO,-1,22,@mrswifey3911,,N/A,0,N,1.00,0,0%,7,7,0,15,15,0,0,1,"100,000","100,000",Down,1,,0,0,0,-1,-1,0,"6,250",0,"6,250",-,0,0,$0,$0.00,$0.00,,,,
1026,7455525365369454608,zanemelz,GO,-1,22,@zmxsaint8147,,N/A,0,N,1.00,0,0%,7,7,0,15,15,0,0,1,"100,000","100,000",Down,1,,0,0,0,-1,-1,0,"2,000","2,000",0,-,0,0,$0,$0.00,$0.00,,,,
1027,7454733148983820304,kristenn_wilson,GO,-1,22,@kkwilson_,,DYLAN,0,N,1.00,0,0%,7,7,0,15,15,0,0,1,"100,000","100,000",Down,1,,0,0,0,-1,-1,0,0,0,0,-,0,0,$0,$0.00,$0.00,,,,
1028,7457700597744205841,kystout0,GO,-1,22,@kystout0,,N/A,0,N,1.00,0,0%,7,7,0,15,15,0,0,1,"100,000","100,000",Down,1,,0,0,0,-1,-1,0,"7,500",0,"7,500",-,0,0,$0,$0.00,$0.00,,,,
1029,7461440310519021584,melissaeastwick,GO,-1,22,@melissa.eastwick,,N/A,0,N,1.00,0,0%,7,7,0,15,15,0,0,1,"100,000","100,000",Down,1,,0,0,0,-1,-1,0,"5,000","5,000",0,-,0,0,$0,$0.00,$0.00,,,,
1030,7454734552142118928,thewhisperfaerieasmr,GO,-1,22,@thewhisperfaerieasmr,ASMR,SIERRA,0,N,1.00,0,0%,7,7,0,15,15,0,0,1,"100,000","100,000",Down,1,,0,0,0,-1,-1,0,"46,750","46,750",0,-,0,0,$0,$0.00,$0.00,,,,
1031,7459554941531881473,thecupcakejake,GO,-1,22,@cupcake09043,,BRYTON,0,N,1.00,0,0%,7,7,0,15,15,0,0,1,"100,000","100,000",Down,1,,0,0,0,-1,-1,0,"2,000","2,000",0,-,0,0,$0,$0.00,$0.00,,,,
1032,7457713114239451153,meilebishop,GO,-1,22,,,N/A,0,N,1.00,0,0%,7,7,0,15,15,0,0,1,"100,000","100,000",Down,1,,0,0,0,-1,-1,0,0,0,0,-,0,0,$0,$0.00,$0.00,,,,
1033,7455853474904047617,carelessmariahh,GO,-1,22,,,N/A,0,N,1.00,0,0%,7,7,0,15,15,0,0,1,"100,000","100,000",Down,1,,0,0,0,-1,-1,0,0,0,0,-,0,0,$0,$0.00,$0.00,,,,
1034,7455479714787147792,_devababy,GO,-1,22,@devabby,,SIERRA,0,N,1.00,0,0%,7,7,0,15,15,0,0,1,"100,000","100,000",Down,1,,0,0,0,-1,-1,0,0,0,0,-,0,0,$0,$0.00,$0.00,,,,
1035,7463741238701883408,zaptheboy,GO,-1,22,@0xzapped,,N/A,0,N,1.00,0,0%,7,7,0,15,15,0,0,1,"100,000","100,000",Down,1,,0,0,0,-1,-1,0,0,0,0,-,0,0,$0,$0.00,$0.00,,,,
1036,7460027556662804496,b3autifuldisaster1,GO,-1,22,@lluviarain_,,N/A,0,N,1.00,0,0%,7,7,0,15,15,0,0,1,"100,000","100,000",Down,1,,0,0,0,-1,-1,0,"2,000","2,000",0,-,0,0,$0,$0.00,$0.00,,,,
1037,7459202382103248912,matia.stoltz,GO,-1,22,@matia_0g,,COLTON,0,N,1.00,0,0%,7,7,0,15,15,0,0,1,"100,000","100,000",Down,1,,0,0,0,-1,-1,0,"8,000",0,0,-,0,0,$0,$0.00,$0.00,,,,
1038,7454731551385845777,immortallseer,GO,-1,,,,N/A,0,N,1.00,0,0%,7,7,0,15,15,0,0,1,"100,000","100,000",Down,1,,0,0,0,-1,-1,0,0,0,0,-,0,0,$0,$0.00,$0.00,,,,
1039,7460976556916326401,moodyverse,GO,-1,22,@equalsonics,,N/A,0,N,1.00,0,0%,7,7,0,15,15,0,0,1,"100,000","100,000",Down,1,,0,0,0,-1,-1,0,0,0,0,-,0,0,$0,$0.00,$0.00,,,,
1040,7461391827552256017,mochi.suka,GO,-1,22,@mochi_suka,,N/A,0,N,1.00,0,0%,7,7,0,15,15,0,0,1,"100,000","100,000",Down,1,,0,0,0,-1,-1,0,"2,500",0,"2,500",-,0,0,$0,$0.00,$0.00,,,,
1041,7446625208414371841,d.russss,GO,-1,23,,,N/A,0,N,1.00,0,0%,7,7,0,15,15,0,0,1,"100,000","100,000",Down,1,,0,0,0,-1,-1,0,0,0,0,-,0,0,$0,$0.00,$0.00,,,,
1042,7451043187663110161,makeawish11eleven,GO,-1,23,@musicmary1111,,N/A,0,N,1.00,0,0%,7,7,0,15,15,0,0,1,"100,000","100,000",Down,1,,0,0,0,-1,-1,0,0,0,0,-,0,0,$0,$0.00,$0.00,,,,
1043,7443230776042471441,letter2brazy,GO,-1,23,,,N/A,0,N,1.00,0,0%,7,7,0,15,15,0,0,1,"100,000","100,000",Down,1,,0,0,0,-1,-1,0,0,0,0,-,0,0,$0,$0.00,$0.00,,,,
1044,7453999269905842192,soulspiritandlove,GO,-1,23,@ramallaemre,,N/A,0,N,1.00,0,0%,7,7,0,15,15,0,0,1,"100,000","100,000",Down,1,,0,0,0,-1,-1,0,0,0,0,-,0,0,$0,$0.00,$0.00,,,,
1045,7450994065371365393,tastydan,GO,-1,23,@tastydan,,N/A,0,N,1.00,0,0%,7,7,0,15,15,0,0,1,"100,000","100,000",Down,1,,0,0,0,-1,-1,0,"7,000","7,000",0,-,0,0,$0,$0.00,$0.00,,,,
1046,7439788214732275729,222xbrii,GO,-1,24,,,N/A,0,N,1.00,0,0%,7,7,0,15,15,0,0,1,"100,000","100,000",Down,1,,0,0,0,-1,-1,0,0,0,0,-,0,0,$0,$0.00,$0.00,,,,
1047,7439971569637523457,ioninspire,GO,-1,24,,,N/A,0,N,1.00,0,0%,7,7,0,15,15,0,0,1,"100,000","100,000",Down,1,,0,0,0,-1,-1,0,0,0,0,-,0,0,$0,$0.00,$0.00,,,,
1048,7433257890686959633,wizardfroglive,GO,-1,24,@wizardfrog,Character,N/A,0,N,1.00,0,0%,7,7,0,15,15,0,0,1,"100,000","100,000",Down,1,,0,0,0,-1,-1,0,0,0,0,-,0,0,$0,$0.00,$0.00,,,,
1049,7437289440479035409,tcklex,GO,-1,24,,Gaming,N/A,0,N,1.00,0,0%,7,7,0,15,15,0,0,1,"100,000","100,000",Down,1,,0,0,0,-1,-1,0,0,0,0,-,0,0,$0,$0.00,$0.00,,,,
1050,7436151930373685265,_.anastasiamichelle,GO,-1,24,,,N/A,0,N,1.00,0,0%,7,7,0,15,15,0,0,1,"100,000","100,000",Down,1,,0,0,0,-1,-1,0,0,0,0,-,0,0,$0,$0.00,$0.00,,,,
1051,7437290180924407825,xoxobee30,GO,-1,24,,,N/A,0,N,1.00,0,0%,7,7,0,15,15,0,0,1,"100,000","100,000",Down,1,,0,0,0,-1,-1,0,0,0,0,-,0,0,$0,$0.00,$0.00,,,,
1052,7432097339386413072,becomingamillionairegirl,GO,-1,24,,,N/A,0,N,1.00,0,0%,7,7,0,15,15,0,0,1,"100,000","100,000",Down,1,,0,0,0,-1,-1,0,0,0,0,-,0,0,$0,$0.00,$0.00,,,,
1053,7421703951864643601,typicaljulieth,GO,-1,25,@julieth,,N/A,0,N,1.00,0,0%,7,7,0,15,15,0,0,1,"100,000","100,000",Down,1,,0,0,0,-1,-1,0,0,0,0,-,0,0,$0,$0.00,$0.00,,,,
1054,7426527818483236880,hotworkmusic,GO,-1,25,@hotworkmusic,Music,N/A,0,N,1.00,0,0%,7,7,0,15,15,0,0,1,"100,000","100,000",Down,1,,0,0,0,-1,-1,0,"10,000","10,000",0,-,0,0,$0,$0.00,$0.00,,,,
1055,7430612680660189200,hazel_b_music,GO,-1,25,@hazel_sings,Music,N/A,0,N,1.00,0,0%,7,7,0,15,15,0,0,1,"100,000","100,000",Down,1,,0,0,0,-1,-1,0,"2,500",0,"2,500",-,0,0,$0,$0.00,$0.00,,,,
1056,7421759652805001217,_itskendalll,GO,-1,25,,,N/A,0,N,1.00,0,0%,7,7,0,15,15,0,0,1,"100,000","100,000",Down,1,,0,0,0,-1,-1,0,0,0,0,-,0,0,$0,$0.00,$0.00,,,,
1057,7422817041553358865,ncproudtrucking,GO,-1,25,,,N/A,0,N,1.00,0,0%,7,7,0,15,15,0,0,1,"100,000","100,000",Down,1,,0,0,0,-1,-1,0,0,0,0,-,0,0,$0,$0.00,$0.00,,,,
1058,7412792043950374913,staychillwill,GO,-1,26,@willbechill14,,N/A,0,N,1.00,0,0%,7,7,0,15,15,0,0,1,"100,000","100,000",Down,1,,0,0,0,-1,-1,0,0,0,0,-,0,0,$0,$0.00,$0.00,,,,
1059,7415066153170518032,pannell.emma,GO,-1,26,@monaemma3rd,,N/A,0,N,1.00,0,0%,7,7,0,15,15,0,0,1,"100,000","100,000",Down,1,,0,0,0,-1,-1,0,"45,000","45,000",0,-,0,0,$0,$0.00,$0.00,,,,
1060,7418364129158791185,linedancerbrooke,GO,-1,26,@linedancerbrooke,,N/A,0,N,1.00,0,0%,7,7,0,15,15,0,0,1,"100,000","100,000",Down,1,,0,0,0,-1,-1,0,0,0,0,-,0,0,$0,$0.00,$0.00,,,,
1061,7416508596743176193,kingchrxstine,GO,-1,26,@c.e.temps,,N/A,0,N,1.00,0,0%,7,7,0,15,15,0,0,1,"100,000","100,000",Down,1,,0,0,0,-1,-1,0,"90,000","77,000","13,000",-,0,0,$0,$0.00,$0.00,,,,
1062,7413595587108405265,child_king77777,GO,-1,26,@mollaroi,,N/A,0,N,1.00,0,0%,7,7,0,15,15,0,0,1,"100,000","100,000",Down,1,,0,0,0,-1,-1,0,0,0,0,-,0,0,$0,$0.00,$0.00,,,,
1063,7409460148344733713,sonika.vaid,GO,-1,26,@sonikavaid,Music,N/A,0,N,1.00,0,0%,7,7,0,15,15,0,0,1,"100,000","100,000",Down,1,,0,0,0,-1,-1,0,"15,000",0,"15,000",-,0,0,$0,$0.00,$0.00,,,,
1064,7359135748278190085,troydewberrymusic,GO,-1,26,@troydewberry,Music,N/A,0,N,1.00,0,0%,7,7,0,15,15,0,0,1,"100,000","100,000",Down,1,,0,0,0,-1,-1,0,0,0,0,-,0,0,$0,$0.00,$0.00,,,,
1065,7416879681435238401,nadjakuzmanich2,GO,-1,26,,,N/A,0,N,1.00,0,0%,7,7,0,15,15,0,0,1,"100,000","100,000",Down,1,,0,0,0,-1,-1,0,0,0,0,-,0,0,$0,$0.00,$0.00,,,,
1066,7413973179343011857,ellezworld__,GO,-1,26,@idaffne,,N/A,0,N,1.00,0,0%,7,7,0,15,15,0,0,1,"100,000","100,000",Down,1,,0,0,0,-1,-1,0,"96,250","49,000","47,250",-,0,0,$0,$0.00,$0.00,,,,
1067,7401316826170277905,mariah_rodrice,GO,-1,27,@mariah_rodrice,,N/A,0,N,1.00,0,0%,7,7,0,15,15,0,0,1,"100,000","100,000",Down,1,,0,0,0,-1,-1,0,0,0,0,-,0,0,$0,$0.00,$0.00,,,,
1068,7359135262670159878,.thefittestrealtor,GO,-1,27,,,N/A,0,N,1.00,0,0%,7,7,0,15,15,0,0,1,"100,000","100,000",Down,1,,0,0,0,-1,-1,0,0,0,0,-,0,0,$0,$0.00,$0.00,,,,
1069,7398434150094553105,az.babe,GO,-1,27,@az.babe,,N/A,0,N,1.00,0,0%,7,7,0,15,15,0,0,1,"100,000","100,000",Down,1,,0,0,0,-1,-1,0,"23,250","4,000","19,250",-,0,0,$0,$0.00,$0.00,,,,
1070,7402978703376105488,manaquinn777,GO,-1,27,@manaquinn777,Gaming,N/A,0,N,1.00,0,0%,7,7,0,15,15,0,0,1,"100,000","100,000",Down,1,,0,0,0,-1,-1,0,"1,000",0,"1,000",-,0,0,$0,$0.00,$0.00,,,,
1071,7398345100306366480,sociopeep,GO,-1,27,@laava1373,,N/A,0,N,1.00,0,0%,7,7,0,15,15,0,0,1,"100,000","100,000",Down,1,,0,0,0,-1,-1,0,0,0,0,-,0,0,$0,$0.00,$0.00,,,,
1072,7401098349325107217,theonlyjoxo,GO,-1,27,,,N/A,0,N,1.00,0,0%,7,7,0,15,15,0,0,1,"100,000","100,000",Down,1,,0,0,0,-1,-1,0,0,0,0,-,0,0,$0,$0.00,$0.00,,,,
1073,7389722430337728528,daltonharris_,GO,-1,28,,,N/A,0,N,1.00,0,0%,7,7,0,15,15,0,0,1,"100,000","100,000",Down,1,,0,0,0,-1,-1,0,0,0,0,-,0,0,$0,$0.00,$0.00,,,,
1074,7391292864048676880,b.angelofficial,GO,-1,28,@b.angelmusic,Music,N/A,0,N,1.00,0,0%,7,7,0,15,15,0,0,1,"100,000","100,000",Down,1,,0,0,0,-1,-1,0,0,0,0,-,0,0,$0,$0.00,$0.00,,,,
1075,7391186570117890065,elizabeth.grego,GO,-1,28,@elizabethgrego,,N/A,0,N,1.00,0,0%,7,7,0,15,15,0,0,1,"100,000","100,000",Down,1,,0,0,0,-1,-1,0,0,0,0,-,0,0,$0,$0.00,$0.00,,,,
1076,7387412064681213969,blakenwake,GO,-1,28,@blakenwake,Gaming,N/A,0,N,1.00,0,0%,7,7,0,15,15,0,0,1,"100,000","100,000",Down,1,,0,0,0,-1,-1,0,0,0,0,-,0,0,$0,$0.00,$0.00,,,,
1077,7389889718487531521,iamcaseyclare,GO,-1,28,@iamcaseyclare,Music,N/A,0,N,1.00,0,0%,7,7,0,15,15,0,0,1,"100,000","100,000",Down,1,,0,0,0,-1,-1,0,0,0,0,-,0,0,$0,$0.00,$0.00,,,,
1078,7389887665182818321,due.4a.win_,GO,-1,28,,,N/A,0,N,1.00,0,0%,7,7,0,15,15,0,0,1,"100,000","100,000",Down,1,,0,0,0,-1,-1,0,0,0,0,-,0,0,$0,$0.00,$0.00,,,,
1079,7389792998080561153,dopeyblendz,GO,-1,28,,,N/A,0,N,1.00,0,0%,7,7,0,15,15,0,0,1,"100,000","100,000",Down,1,,0,0,0,-1,-1,0,0,0,0,-,0,0,$0,$0.00,$0.00,,,,
1080,7397914860576587792,layeredfanatic6,GO,-1,28,@layeredfanatic6,,N/A,0,N,1.00,0,0%,7,7,0,15,15,0,0,1,"100,000","100,000",Down,1,,0,0,0,-1,-1,0,0,0,0,-,0,0,$0,$0.00,$0.00,,,,
1081,7391918697927032848,owlympian4,GO,-1,28,,,N/A,0,N,1.00,0,0%,7,7,0,15,15,0,0,1,"100,000","100,000",Down,1,,0,0,0,-1,-1,0,0,0,0,-,0,0,$0,$0.00,$0.00,,,,
1082,7393099990975004689,savi_trends,GO,-1,28,,,N/A,0,N,1.00,0,0%,7,7,0,15,15,0,0,1,"100,000","100,000",Down,1,,0,0,0,-1,-1,0,0,0,0,-,0,0,$0,$0.00,$0.00,,,,
1083,7377491607463018512,killbunkmusic,GO,-1,29,,Music,N/A,0,N,1.00,0,0%,7,7,0,15,15,0,0,1,"100,000","100,000",Down,1,,0,0,0,-1,-1,0,0,0,0,-,0,0,$0,$0.00,$0.00,,,,
1084,7379451629730299905,thesequelscream,GO,-1,29,@screamthesequel,,N/A,0,N,1.00,0,0%,7,7,0,15,15,0,0,1,"100,000","100,000",Down,1,,0,0,0,-1,-1,0,0,0,0,-,0,0,$0,$0.00,$0.00,,,,
1085,7368326124058771457,ag_humphries,GO,-1,30,,,N/A,0,N,1.00,0,0%,7,7,0,15,15,0,0,1,"100,000","100,000",Down,1,,0,0,0,-1,-1,0,0,0,0,-,0,0,$0,$0.00,$0.00,,,,
1086,7367107210025156624,indiamckenzie4,GO,-1,30,@indiab1492,,N/A,0,N,1.00,0,0%,7,7,0,15,15,0,0,1,"100,000","100,000",Down,1,,0,0,0,-1,-1,0,0,0,0,-,0,0,$0,$0.00,$0.00,,,,
1087,7371646533651005456,sayeh2002,GO,-1,30,@sayeh2002_96458,,N/A,0,N,1.00,0,0%,7,7,0,15,15,0,0,1,"100,000","100,000",Down,1,,0,0,0,-1,-1,0,"12,500",0,"12,500",-,0,0,$0,$0.00,$0.00,,,,
1088,7364254871526359057,katealllison,GO,-1,30,,,N/A,0,N,1.00,0,0%,7,7,0,15,15,0,0,1,"100,000","100,000",Down,1,,0,0,0,-1,-1,0,0,0,0,-,0,0,$0,$0.00,$0.00,,,,
1089,7363815617020936193,dallrulz,GO,-1,30,@dallrulz,,N/A,0,N,1.00,0,0%,7,7,0,15,15,0,0,1,"100,000","100,000",Down,1,,0,0,0,-1,-1,0,0,0,0,-,0,0,$0,$0.00,$0.00,,,,
1090,7367590798294089744,foster_girl7,GO,-1,30,,,BRYTON,0,N,1.00,0,0%,7,7,0,15,15,0,0,1,"100,000","100,000",Down,1,,0,0,0,-1,-1,0,0,0,0,-,0,0,$0,$0.00,$0.00,,,,
1091,7371144282998095888,annikaklarissa,GO,-1,30,,,N/A,0,N,1.00,0,0%,7,7,0,15,15,0,0,1,"100,000","100,000",Down,1,,0,0,0,-1,-1,0,0,0,0,-,0,0,$0,$0.00,$0.00,,,,
1092,7367578011811627024,cityboiup,GO,-1,30,@jdotm5official,,N/A,0,N,1.00,0,0%,7,7,0,15,15,0,0,1,"100,000","100,000",Down,1,,0,0,0,-1,-1,0,"2,000",0,"2,000",-,0,0,$0,$0.00,$0.00,,,,
1093,7363815298996420624,ogtittymilk,GO,-1,30,@og_tittymilk,,N/A,0,N,1.00,0,0%,7,7,0,15,15,0,0,1,"100,000","100,000",Down,1,,0,0,0,-1,-1,0,0,0,0,-,0,0,$0,$0.00,$0.00,,,,
1094,7369837133156352017,crazytrainfizzness,GO,-1,30,@crazytrainfizzness,,BRYTON,0,N,1.00,0,0%,7,7,0,15,15,0,0,1,"100,000","100,000",Down,1,,0,0,0,-1,-1,0,0,0,0,-,0,0,$0,$0.00,$0.00,,,,
1095,7359139753872097285,raatheone,GO,-1,30,@raatheone,,N/A,0,N,1.00,0,0%,7,7,0,15,15,0,0,1,"100,000","100,000",Down,1,,0,0,0,-1,-1,0,0,0,0,-,0,0,$0,$0.00,$0.00,,,,
1096,7367054125370228752,trnd.products,GO,-1,30,,,N/A,0,N,1.00,0,0%,7,7,0,15,15,0,0,1,"100,000","100,000",Down,1,,0,0,0,-1,-1,0,0,0,0,-,0,0,$0,$0.00,$0.00,,,,
1097,7359139856754376709,mf.josh,GO,-1,31,@mf.josh.tiktok,,BRYTON,0,N,1.00,0,0%,7,7,0,15,15,0,0,1,"100,000","100,000",Down,1,,0,0,0,-1,-1,0,0,0,0,-,0,0,$0,$0.00,$0.00,,,,
1098,7359139652948754437,carmlllababy,GO,-1,31,,,N/A,0,N,1.00,0,0%,7,7,0,15,15,0,0,1,"100,000","100,000",Down,1,,0,0,0,-1,-1,0,0,0,0,-,0,0,$0,$0.00,$0.00,,,,
1099,7361660026877952017,x_dark_one_x,GO,-1,31,@x_dark_one_x,Gaming,BRYTON,0,N,1.00,0,0%,7,7,0,15,15,0,0,1,"100,000","100,000",Down,1,,0,0,0,-1,-1,0,0,0,0,-,0,0,$0,$0.00,$0.00,,,,
1100,7363328581453398017,katiemarie.creates,GO,-1,31,@katiemarie.beauty,Shop,N/A,0,N,1.00,0,0%,7,7,0,15,15,0,0,1,"100,000","100,000",Down,1,,0,0,0,-1,-1,0,"2,500",0,"2,500",-,0,0,$0,$0.00,$0.00,,,,
1101,7359139487475171333,breydonwhite,GO,-1,31,@breydonwhite,,N/A,0,N,1.00,0,0%,7,7,0,15,15,0,0,1,"100,000","100,000",Down,1,,0,0,0,-1,-1,0,"7,000",0,"7,000",-,0,0,$0,$0.00,$0.00,,,,
1102,7363575522313682945,mgoldcreative,GO,-1,31,@marinasilver0271,,N/A,0,N,1.00,0,0%,7,7,0,15,15,0,0,1,"100,000","100,000",Down,1,,0,0,0,-1,-1,0,"3,000",0,"3,000",-,0,0,$0,$0.00,$0.00,,,,
1103,7359430506221486096,brookstravels,GO,-1,31,@collegebassconnect,,N/A,0,N,1.00,0,0%,7,7,0,15,15,0,0,1,"100,000","100,000",Down,1,,0,0,0,-1,-1,0,0,0,0,-,0,0,$0,$0.00,$0.00,,,,
1104,7359139697056317446,lady.lemonade1,GO,-1,31,,,N/A,0,N,1.00,0,0%,7,7,0,15,15,0,0,1,"100,000","100,000",Down,1,,0,0,0,-1,-1,0,0,0,0,-,0,0,$0,$0.00,$0.00,,,,
1105,7359139070053777414,stephanie_092294,GO,-1,32,,,N/A,0,N,1.00,0,0%,7,7,0,15,15,0,0,1,"100,000","100,000",Down,1,,0,0,0,-1,-1,0,0,0,0,-,0,0,$0,$0.00,$0.00,,,,
1106,7359139450280116230,ladybug_usa1,GO,-1,32,,,N/A,0,N,1.00,0,0%,7,7,0,15,15,0,0,1,"100,000","100,000",Down,1,,0,0,0,-1,-1,0,0,0,0,-,0,0,$0,$0.00,$0.00,,,,
1107,7359139044300980230,prettyliljbirdz,GO,-1,32,@jess2809,,DYLAN,0,N,1.00,0,0%,7,7,0,15,15,0,0,1,"100,000","100,000",Down,1,,0,0,0,-1,-1,0,"7,000",0,"7,000",-,0,0,$0,$0.00,$0.00,,,,
1108,7359139456269418501,chrismiller5841,GO,-1,32,@killermiller2004,,N/A,0,N,1.00,0,0%,7,7,0,15,15,0,0,1,"100,000","100,000",Down,1,,0,0,0,-1,-1,0,0,0,0,-,0,0,$0,$0.00,$0.00,,,,
1109,7359139366972915717,queenhoneybeeluv7,GO,-1,32,@blipty.,,N/A,0,N,1.00,0,0%,7,7,0,15,15,0,0,1,"100,000","100,000",Down,1,,0,0,0,-1,-1,0,0,0,0,-,0,0,$0,$0.00,$0.00,,,,
1110,7359138563587506181,howlingattheearth,GO,-1,33,@howlingattheearth,Music,N/A,0,N,1.00,0,0%,7,7,0,15,15,0,0,1,"100,000","100,000",Down,1,,0,0,0,-1,-1,0,0,0,0,-,0,0,$0,$0.00,$0.00,,,,
1111,7359138435900407813,lalibibaby,GO,-1,33,,,N/A,0,N,1.00,0,0%,7,7,0,15,15,0,0,1,"100,000","100,000",Down,1,,0,0,0,-1,-1,0,0,0,0,-,0,0,$0,$0.00,$0.00,,,,
1112,7359138654733926405,01cumminspassenger,GO,-1,33,@alexismerritt,,DYLAN,0,N,1.00,0,0%,7,7,0,15,15,0,0,1,"100,000","100,000",Down,1,,0,0,0,-1,-1,0,0,0,0,-,0,0,$0,$0.00,$0.00,,,,
1113,7359138290211061765,joannajoy__,GO,-1,33,,,N/A,0,N,1.00,0,0%,7,7,0,15,15,0,0,1,"100,000","100,000",Down,1,,0,0,0,-1,-1,0,0,0,0,-,0,0,$0,$0.00,$0.00,,,,
1114,7359138466481307654,mtv_nelson,GO,-1,33,@nelson1134_74442,,N/A,0,N,1.00,0,0%,7,7,0,15,15,0,0,1,"100,000","100,000",Down,1,,0,0,0,-1,-1,0,0,0,0,-,0,0,$0,$0.00,$0.00,,,,
1115,7359137032024752133,djbowiejane,GO,-1,36,@djbowiejane,Music,N/A,0,N,1.00,0,0%,7,7,0,15,15,0,0,1,"100,000","100,000",Down,1,,0,0,0,-1,-1,0,"195,050","177,300","17,750",-,0,0,$0,$0.00,$0.00,,,,
1116,7359136550178816006,alextiralosi,GO,-1,37,,,N/A,0,N,1.00,0,0%,7,7,0,15,15,0,0,1,"100,000","100,000",Down,1,,0,0,0,-1,-1,0,0,0,0,-,0,0,$0,$0.00,$0.00,,,,
1117,7359136690818088965,codytiralosi,GO,-1,37,,,N/A,0,N,1.00,0,0%,7,7,0,15,15,0,0,1,"100,000","100,000",Down,1,,0,0,0,-1,-1,0,0,0,0,-,0,0,$0,$0.00,$0.00,,,,
1118,7359135856583507974,brandy.39,GO,-1,39,@brandy.39,,BRYTON,0,N,1.00,0,0%,7,7,0,15,15,0,0,1,"100,000","100,000",Down,1,,0,0,0,-1,-1,0,"5,200",0,"5,200",-,0,0,$0,$0.00,$0.00,,,,
1119,7359135998355472389,brayden.pantel,GO,-1,39,@brayden.pantel,,N/A,0,N,1.00,0,0%,7,7,0,15,15,0,0,1,"100,000","100,000",Down,1,,0,0,0,-1,-1,0,"65,000","75,000","-10,000",-,0,0,$0,$0.00,$0.00,,,,
1120,7359135826238013445,fun_with_kermit_usa,GO,-1,39,@ttbackstage.,Character,N/A,0,N,1.00,0,0%,7,7,0,15,15,0,0,1,"100,000","100,000",Down,1,,0,0,0,-1,-1,0,"145,825","143,900","1,925",-,0,0,$0,$0.00,$0.00,,,,
1121,7359135457160069126,katie.marie1511,GO,-1,41,@katiemarien.,,N/A,0,N,1.00,0,0%,7,7,0,15,15,0,0,1,"100,000","100,000",Down,1,,0,0,0,-1,-1,0,"4,000",0,"4,000",-,0,0,$0,$0.00,$0.00,,,,
1122,7359135416206950406,tripsevenofficial1,GO,-1,41,@tripseven,,N/A,0,N,1.00,0,0%,7,7,0,15,15,0,0,1,"100,000","100,000",Down,1,,0,0,0,-1,-1,0,"20,500",0,"20,500",-,0,0,$0,$0.00,$0.00,,,,
1123,7359135448591040518,firefly_kat26,GO,-1,41,@firefly_kat26,,N/A,0,N,1.00,0,0%,7,7,0,15,15,0,0,1,"100,000","100,000",Down,1,,0,0,0,-1,-1,0,"1,000",0,"1,000",-,0,0,$0,$0.00,$0.00,,,,
1124,7359135264113065989,wmblakehenry_jivemnd,GO,-1,42,,,N/A,0,N,1.00,0,0%,7,7,0,15,15,0,0,1,"100,000","100,000",Down,1,,0,0,0,-1,-1,0,0,0,0,-,0,0,$0,$0.00,$0.00,,,,
1125,7359135264155140102,umparker,GO,-1,42,@chipy.,Gaming,N/A,0,N,1.00,0,0%,7,7,0,15,15,0,0,1,"100,000","100,000",Down,1,,0,0,0,-1,-1,0,0,0,0,-,0,0,$0,$0.00,$0.00,,,,
1126,7359135262674321413,camciesielski,GO,-1,42,,,N/A,0,N,1.00,0,0%,7,7,0,15,15,0,0,1,"100,000","100,000",Down,1,,0,0,0,-1,-1,0,0,0,0,-,0,0,$0,$0.00,$0.00,,,,
1127,7359135268504469509,jeremygregorymusic,GO,-1,42,@jeremygregorymusic,Music,N/A,0,N,1.00,0,0%,7,7,0,15,15,0,0,1,"100,000","100,000",Down,1,,0,0,0,-1,-1,0,0,0,0,-,0,0,$0,$0.00,$0.00,,,,
1128,7359135273021865990,kathleen_oneill,GO,-1,42,@kathleen_oneill,,N/A,0,N,1.00,0,0%,7,7,0,15,15,0,0,1,"100,000","100,000",Down,1,,0,0,0,-1,-1,0,"3,450",0,"3,450",-,0,0,$0,$0.00,$0.00,,,,
1129,7359135269972606982,rusty_35,GO,-1,42,@lirux35,,N/A,0,N,1.00,0,0%,7,7,0,15,15,0,0,1,"100,000","100,000",Down,1,,0,0,0,-1,-1,0,"2,500",0,"2,500",-,0,0,$0,$0.00,$0.00,,,,
1130,7359135232244678661,christianmiller.music,GO,-1,43,@christianmillermusic,Music,N/A,0,N,1.00,0,0%,7,7,0,15,15,0,0,1,"100,000","100,000",Down,1,,0,0,0,-1,-1,0,"37,750","4,500","33,250",-,0,0,$0,$0.00,$0.00,,,,
1131,7359135203316596742,brittanydejardo,GO,-1,43,,,N/A,0,N,1.00,0,0%,7,7,0,15,15,0,0,1,"100,000","100,000",Down,1,,0,0,0,-1,-1,0,0,0,0,-,0,0,$0,$0.00,$0.00,,,,
1132,7359135227891056646,queenofdreamz_444,GO,-1,43,@queenofdreamz,,N/A,0,N,1.00,0,0%,7,7,0,15,15,0,0,1,"100,000","100,000",Down,1,,0,0,0,-1,-1,0,0,0,0,-,0,0,$0,$0.00,$0.00,,,,
1133,7359135070302535686,iamjacobsavage,GO,-1,44,@jacobsavage23,,N/A,0,N,1.00,0,0%,7,7,0,15,15,0,0,1,"100,000","100,000",Down,1,,0,0,0,-1,-1,0,"3,250",0,"3,250",-,0,0,$0,$0.00,$0.00,,,,
1134,7359135017219424262,864_queen,GO,-1,45,@864_queen,,N/A,0,N,1.00,0,0%,7,7,0,15,15,0,0,1,"100,000","100,000",Down,1,,0,0,0,-1,-1,0,"116,125","19,300","96,825",-,0,0,$0,$0.00,$0.00,,,,
1135,7359135033598377990,frenchiarmelle,GO,-1,45,@frenchiarmelle,Music,N/A,0,N,1.00,0,0%,7,7,0,15,15,0,0,1,"100,000","100,000",Down,1,,0,0,0,-1,-1,0,"1,500",0,"1,500",-,0,0,$0,$0.00,$0.00,,,,
1136,7359134882947235845,20takejake,GO,-1,47,@20take,Music,N/A,0,N,1.00,0,0%,7,7,0,15,15,0,0,1,"100,000","100,000",Down,1,,0,0,0,-1,-1,0,"24,500",0,"24,500",-,0,0,$0,$0.00,$0.00,,,,
1137,7359134813124689926,thetiralositwins,GO,-1,48,@thetiralositwins,,N/A,0,N,1.00,0,0%,7,7,0,15,15,0,0,1,"100,000","100,000",Down,1,,0,0,0,-1,-1,0,"5,625",0,"5,625",-,0,0,$0,$0.00,$0.00,,,,
1138,7359134823299940357,tef_talk,GO,-1,48,,,N/A,0,N,1.00,0,0%,7,7,0,15,15,0,0,1,"100,000","100,000",Down,1,,0,0,0,-1,-1,0,0,0,0,-,0,0,$0,$0.00,$0.00,,,,
1139,7359134594286813190,koryskitchen_2,GO,-1,53,@koryskitchen2,,N/A,0,N,1.00,0,0%,7,7,0,15,15,0,0,1,"100,000","100,000",Down,1,,0,0,0,-1,-1,0,0,0,0,-,0,0,$0,$0.00,$0.00,,,,
1140,7359134534392348678,jennyfromthe_block_,GO,-1,54,@jennyfromtheblock1535,,N/A,0,N,1.00,0,0%,7,7,0,15,15,0,0,1,"100,000","100,000",Down,1,,0,0,0,-1,-1,0,"21,200",0,"21,200",-,0,0,$0,$0.00,$0.00,,,,
1141,7359134489861259269,luxtinglesasmr,GO,-1,56,@luxtinglesasmr,ASMR,N/A,0,N,1.00,0,0%,7,7,0,15,15,0,0,1,"100,000","100,000",Down,1,,0,0,0,-1,-1,0,"7,750",0,"7,750",-,0,0,$0,$0.00,$0.00,,,,
1142,7359134457569312773,allisonrosefinicle,GO,-1,57,,,N/A,0,N,1.00,0,0%,7,7,0,15,15,0,0,1,"100,000","100,000",Down,1,,0,0,0,-1,-1,0,0,0,0,-,0,0,$0,$0.00,$0.00,,,,
1143,7359134463483478021,natalieporretta,GO,-1,57,,,N/A,0,N,1.00,0,0%,7,7,0,15,15,0,0,1,"100,000","100,000",Down,1,,0,0,0,-1,-1,0,0,0,0,-,0,0,$0,$0.00,$0.00,,,,
1144,7359134457615384581,taboostboss,GO,-1,57,,,N/A,0,N,1.00,0,0%,7,7,0,15,15,0,0,1,"100,000","100,000",Down,1,,0,0,0,-1,-1,0,0,0,0,-,0,0,$0,$0.00,$0.00,,,,
1145,7359134430037934085,emileeannmiller,GO,-1,59,,,N/A,0,N,1.00,0,0%,7,7,0,15,15,0,0,1,"100,000","100,000",Down,1,,0,0,0,-1,-1,0,0,0,0,-,0,0,$0,$0.00,$0.00,,,,
93,7691931729862623245,hannah2raww,GO,-1,1,@thatgirl2raww,,DYLAN + HIRAM,24,Y,0.97,1,35%,7,6,2,15,13,"6,327","49,034",1,"100,000","93,673",Down,1,,"6,327",,,,,1,0,0,0,-,0,0,$28,$0.00,$0.00,,,,
284,7691954245670682637,mazies.daisies,GO,-1,1,@zerebelqueen,Music,AARON,4,Y,0.97,1,35%,7,6,2,15,13,8,62,1,"100,000","99,992",Down,1,,8,,,,,0,0,0,0,-,0,0,$0,$0.00,$0.00,,,,
1146,7483567915497816065,jamie.luanne,GO,-1,1,@jbenthal91,Gaming,BRANDON,0,Y,0.97,0,0%,7,7,0,15,15,0,0,1,"100,000","100,000",Down,1,,0,,,,,0,0,0,0,-,0,0,$0,$0.00,$0.00,,,,
1147,7359136287137398789,kimmyhardtoforget,GO,-1,1,@hardtoforget,,DYLAN + DYLAN,2,Y,0.94,2,70%,7,5,8,15,7,0,0,1,"100,000","100,000",Down,1,,62,,,,4,11,"1,250",0,"1,250",-,0,0,$0,$0.00,$0.00,,,,
251,7692143617535934478,jandessomfernandes,GO,-1,1,@jandesson31,,DYLAN,18,Y,0.97,0,0%,7,7,0,15,15,41,318,1,"100,000","99,959",Down,1,,41,,,,,0,0,0,0,-,0,0,$0,$0.00,$0.00,,,,
1148,7692471593838133261,illogicalbobcat,GO,-1,1,@thebobcat1183,Gaming,AARON,0,Y,0.94,1,35%,7,6,3,15,12,0,0,1,"100,000","100,000",Down,1,,0,,,,,0,0,0,0,-,0,0,$0,$0.00,$0.00,,,,
1149,7668068546567487502,larissalafond8,GO,-1,4,@larissalafond8,,N/A,0,Y,1.00,0,0%,7,7,0,15,15,0,0,1,"100,000","100,000",Down,1,,0,-1,15,,-1,0,0,0,0,-,0,0,$0,$0.00,$0.00,,,,