UID,10/5,DIAMONDS,Sep 2026,Aug 2026,Jul 2026,Jun 2026,May 2026,Apr 2026,,TIER,Sep 2026,Aug 2026,Jul 2026,Jun 2026,May 2026,Apr 2026,,LEVEL,Sep 2026,Aug 2026,Jul 2026,Jun 2026,May 2026,Apr 2026,,REWARDS,Sep 2026,Aug 2026,Jul 2026,Jun 2026,May 2026,Apr 2026,,REVENUE,Sep 2026,Aug 2026,Jul 2026,Jun 2026,May 2026,Apr 2026,,BONUS,Sep 2026,Aug 2026,Jul 2026,Jun 2026,May 2026,Apr 2026
7359134430037934085,emileeannmiller,0,0,0,0,0,0,0,,1,1,1,1,1,1,1,,-1,-1,-1,-1,-1,-1,-1,,0,0,0,0,0,0,0,,$0.00,$0.00,$0.00,$0.00,$0.00,$0.00,$0.00,,$0.00,$0.00,$0.00,$0.00,$0.00,$0.00,$0.00
7359134456151867397,luke.h.reynoldsmusic,"23,459","83,250","236,437","242,619","185,752","237,239","386,339",,1,1,3,3,2,3,4,,-1,0,3,4,4,5,5,,0,0,0,"5,000",0,0,0,,$105.57,$374.63,"$1,063.97","$1,091.79",$835.88,"$1,067.58","$1,738.53",,$0.00,$0.00,$0.00,$0.00,$0.00,$0.00,$0.00
7359134457569312773,allisonrosefinicle,0,0,0,0,0,0,0,,1,1,1,1,1,1,1,,-1,-1,-1,-1,-1,-1,-1,,0,0,0,0,0,0,0,,$0.00,$0.00,$0.00,$0.00,$0.00,$0.00,$0.00,,$0.00,$0.00,$0.00,$0.00,$0.00,$0.00,$0.00
7359134463483478021,natalieporretta,0,0,0,0,0,0,0,,1,1,1,1,1,1,1,,-1,-1,-1,-1,-1,-1,-1,,0,0,0,0,0,0,0,,$0.00,$0.00,$0.00,$0.00,$0.00,$0.00,$0.00,,$0.00,$0.00,$0.00,$0.00,$0.00,$0.00,$0.00
7359134457615384581,taboostboss,0,0,0,0,0,0,0,,1,1,1,1,1,1,1,,-1,-1,-1,-1,-1,-1,-1,,0,0,0,0,0,0,0,,$0.00,$0.00,$0.00,$0.00,$0.00,$0.00,$0.00,,$0.00,$0.00,$0.00,$0.00,$0.00,$0.00,$0.00
7359134489861259269,luxtinglesasmr,0,0,0,0,0,0,0,,1,1,1,1,1,1,1,,-1,-1,-1,-1,-1,-1,-1,,0,0,0,0,0,0,0,,$0.00,$0.00,$0.00,$0.00,$0.00,$0.00,$0.00,,$0.00,$0.00,$0.00,$0.00,$0.00,$0.00,$0.00
7359134517946417157,ashleymatute_,0,"232,723","301,514","42,287","910,621","124,061","114,935",,1,3,4,1,5,2,2,,-1,1,2,-1,4,2,1,,0,0,0,0,0,0,0,,$0.00,"$1,047.25","$1,356.81",$190.29,"$4,097.79",$558.27,$517.21,,$0.00,$0.00,$0.00,$0.00,$0.00,$0.00,$0.00
7359134498598158342,caleb_caldwell1,0,0,"118,766","7,146",0,"204,790","134,944",,1,1,2,1,1,3,2,,-1,-1,0,-1,-1,2,-1,,0,0,0,0,0,0,0,,$0.00,$0.00,$534.45,$32.16,$0.00,$921.56,$607.25,,$0.00,$0.00,$0.00,$0.00,$0.00,$0.00,$400.00
7359134572702957574,jayden_egg,"14,821","979,770","1,016,695","1,377,948","1,331,187","1,256,240","2,032,760",,1,5,6,6,6,6,7,,-1,5,5,5,5,5,5,,0,"4,000","10,000","15,000","28,700","12,000","71,000",,$66.69,"$4,408.97","$4,575.13","$6,200.77","$5,990.34","$5,653.08","$9,147.42",,$0.00,$0.00,$254.17,$594.49,$332.80,$0.00,$0.00
7359134527924666373,_archangel_l,184,"69,906","178,431","240,219","152,724","83,022","41,766",,1,1,2,3,2,1,1,,-1,2,4,5,5,4,2,,0,0,0,0,0,0,0,,$0.83,$314.58,$802.94,"$1,080.99",$687.26,$373.60,$187.95,,$0.00,$0.00,$0.00,$0.00,$0.00,$0.00,$0.00
7359134507833982981,loisa_asmr,"39,995","237,147","67,340",0,0,"92,374","289,110",,1,3,1,1,1,1,3,,-1,-1,-1,-1,-1,-1,-1,,0,0,0,0,0,0,0,,$179.98,"$1,067.16",$303.03,$0.00,$0.00,$415.68,"$1,301.00",,$0.00,$0.00,$0.00,$0.00,$0.00,$0.00,$0.00
7359134534392348678,jennyfromthe_block_,0,0,0,0,0,0,0,,1,1,1,1,1,1,1,,-1,-1,-1,-1,-1,-1,-1,,0,0,0,0,0,0,0,,$0.00,$0.00,$0.00,$0.00,$0.00,$0.00,$0.00,,$0.00,$0.00,$0.00,$0.00,$0.00,$0.00,$0.00
7359134585688522757,ashleyinfl,"95,755","2,725,025","5,332,478","4,854,668","3,583,221","4,075,577","3,037,167",,1,7,9,8,8,8,8,,-1,3,5,5,5,5,4,,0,"109,000","239,000","152,000","70,000","70,000",0,,$430.90,"$12,262.61","$23,996.15","$21,846.01","$16,124.49","$18,340.10","$13,667.25",,$0.00,$0.00,"$1,333.12","$1,463.67",$895.81,"$1,218.89",$759.29
7359134574070398981,sierralandasmr,"106,051","615,430","724,513","1,812,613","662,912","615,476","294,907",,2,5,5,7,5,5,3,,-1,3,2,3,4,4,2,,0,"11,000","12,000","68,000",0,0,0,,$477.23,"$2,769.44","$3,260.31","$8,156.76","$2,983.10","$2,769.64","$1,327.08",,$0.00,$0.00,$0.00,$500.00,$0.00,$0.00,$0.00
7359134594286813190,koryskitchen_2,0,0,0,0,101,0,0,,1,1,1,1,1,1,1,,-1,-1,-1,-1,-1,-1,-1,,0,0,0,0,0,0,0,,$0.00,$0.00,$0.00,$0.00,$0.45,$0.00,$0.00,,$0.00,$0.00,$0.00,$0.00,$0.00,$0.00,$0.00
7359134619347910661,#N/A,,,,,0,0,0,,,,,,1,1,1,,,,,,-1,-1,-1,,0,0,0,0,0,0,0,,$0.00,$0.00,$0.00,$0.00,$0.00,$0.00,$0.00,,,$0.00,$0.00,$0.00,$0.00,$0.00,$0.00
7359134682556170245,smilinjacks69,0,"26,705",,"7,290","2,294","2,285","16,464",,1,1,,1,1,1,1,,-1,2,,-1,-1,-1,-1,,0,0,0,0,0,0,0,,$0.00,$120.17,$0.00,$32.81,$10.32,$10.28,$74.09,,$0.00,$0.00,$0.00,$0.00,$0.00,$0.00,$0.00
7359134685395419141,#N/A,,,,0,0,0,79,,,,,1,1,1,1,,,,,-1,-1,-1,-1,,0,0,0,0,0,0,0,,$0.00,$0.00,$0.00,$0.00,$0.00,$0.00,$0.36,,,$0.00,$0.00,$0.00,$0.00,$0.00,$0.00
7359134698641293317,bobbyjwil,"105,006","691,039","1,610,954","536,696","1,049,773","323,253","486,161",,2,5,7,5,6,4,4,,-1,4,5,5,5,4,5,,0,0,0,0,0,0,0,,$472.53,"$3,109.68","$7,249.29","$2,415.13","$4,723.98","$1,454.64","$2,187.72",,$0.00,$0.00,$402.74,$0.00,$0.00,$0.00,$0.00
7359134701724041221,#N/A,,,,"131,100","209,661","273,215","390,280",,,,,2,3,3,4,,,,,5,5,5,5,,0,0,0,0,0,0,0,,$0.00,$0.00,$0.00,$589.95,$943.47,"$1,229.47","$1,756.26",,,$0.00,$0.00,$0.00,$0.00,$0.00,$0.00
7359134698641162245,roostersworld4,0,"3,902","4,232","6,827","20,277","99,876","122,518",,1,1,1,1,1,1,2,,-1,3,1,1,1,5,5,,0,0,0,0,0,0,0,,$0.00,$17.56,$19.04,$30.72,$91.25,$449.44,$551.33,,$0.00,$0.00,$0.00,$0.00,$0.00,$0.00,$0.00
7359134725187207174,g_money0805,0,"1,116","15,883","4,016","14,608","13,896","1,444",,1,1,1,1,1,1,1,,-1,-1,-1,-1,-1,-1,-1,,0,0,0,0,0,0,0,,$0.00,$5.02,$71.47,$18.07,$65.74,$62.53,$6.50,,$0.00,$0.00,$0.00,$0.00,$0.00,$0.00,$0.00
7359134710397763589,#N/A,,,,"13,821","3,654","4,218","26,205",,,,,1,1,1,1,,,,,-1,-1,-1,-1,,0,0,0,0,0,0,0,,$0.00,$0.00,$0.00,$62.19,$16.44,$18.98,$117.92,,,$0.00,$0.00,$0.00,$0.00,$0.00,$0.00
7359134700117458949,#N/A,,,,0,0,0,8,,,,,1,1,1,1,,,,,-1,-1,-1,-1,,0,0,0,0,0,0,0,,$0.00,$0.00,$0.00,$0.00,$0.00,$0.00,$0.04,,,$0.00,$0.00,$0.00,$0.00,$0.00,$0.00
7359134725199462406,#N/A,,,,,,,3,,,,,,,,1,,,,,,,,-1,,0,0,0,0,0,0,0,,$0.00,$0.00,$0.00,$0.00,$0.00,$0.00,$0.01,,,$0.00,$0.00,$0.00,$0.00,$0.00,$0.00
7359134735479603205,#N/A,,0,0,0,0,0,0,,,1,1,1,1,1,1,,,-1,-1,-1,-1,-1,-1,,0,0,0,0,0,0,0,,$0.00,$0.00,$0.00,$0.00,$0.00,$0.00,$0.00,,,$0.00,$0.00,$0.00,$0.00,$0.00,$0.00
7359134779242971142,#N/A,,305,0,100,0,0,0,,,1,1,1,1,1,1,,,-1,-1,-1,-1,-1,-1,,0,0,0,0,0,0,0,,$0.00,$1.37,$0.00,$0.45,$0.00,$0.00,$0.00,,,$0.00,$0.00,$0.00,$0.00,$0.00,$0.00
7359134767486369797,#N/A,,0,0,0,0,0,0,,,1,1,1,1,1,1,,,-1,-1,-1,-1,-1,-1,,0,0,0,0,0,0,0,,$0.00,$0.00,$0.00,$0.00,$0.00,$0.00,$0.00,,,$0.00,$0.00,$0.00,$0.00,$0.00,$0.00
7359134767486402565,#N/A,,,0,0,0,0,0,,,,1,1,1,1,1,,,,-1,-1,-1,-1,-1,,0,0,0,0,0,0,0,,$0.00,$0.00,$0.00,$0.00,$0.00,$0.00,$0.00,,,$0.00,$0.00,$0.00,$0.00,$0.00,$0.00
7359134752903004166,#N/A,,0,0,0,0,0,0,,,1,1,1,1,1,1,,,-1,-1,-1,-1,-1,-1,,0,0,0,0,0,0,0,,$0.00,$0.00,$0.00,$0.00,$0.00,$0.00,$0.00,,,$0.00,$0.00,$0.00,$0.00,$0.00,$0.00
7359134813120659461,jeremiahboutross,0,168,"66,695","106,400","93,203","124,491","318,729",,1,1,1,2,1,2,4,,-1,-1,1,3,4,5,5,,0,0,0,0,0,0,0,,$0.00,$0.76,$300.13,$478.80,$419.41,$560.21,"$1,434.28",,$0.00,$0.00,$0.00,$0.00,$0.00,$0.00,$0.00
7359134813124689926,thetiralositwins,0,0,0,0,0,0,0,,1,1,1,1,1,1,1,,-1,-1,-1,-1,-1,-1,-1,,0,0,0,0,0,0,0,,$0.00,$0.00,$0.00,$0.00,$0.00,$0.00,$0.00,,$0.00,$0.00,$0.00,$0.00,$0.00,$0.00,$0.00
7359134823299940357,tef_talk,0,0,0,0,0,0,0,,1,1,1,1,1,1,1,,-1,-1,-1,-1,-1,-1,-1,,0,0,0,0,0,0,0,,$0.00,$0.00,$0.00,$0.00,$0.00,$0.00,$0.00,,$0.00,$0.00,$0.00,$0.00,$0.00,$0.00,$0.00
7359134909191159814,skylerclarkk,"104,233","5,062,401","5,005,841","6,229,461","7,911,737","6,045,527","6,663,460",,2,9,9,9,9,9,9,,-1,5,5,5,5,5,5,,0,"270,000","198,000","269,000","268,400","267,000","262,000",,$469.05,"$22,780.80","$22,526.28","$28,032.57","$35,602.82","$27,204.87","$29,985.57",,$0.00,"$1,265.60","$1,251.46","$2,557.37","$1,977.93","$1,511.38","$1,665.87"
7359134875733000198,maiazakay,4,"145,308","122,145","113,678","72,083","196,084","282,427",,1,2,2,2,1,2,3,,-1,-1,-1,-1,-1,-1,-1,,0,0,0,0,0,0,0,,$0.02,$653.89,$549.65,$511.55,$324.37,$882.38,"$1,270.92",,$0.00,$0.00,$0.00,$0.00,$0.00,$0.00,$0.00
7359134882947235845,20takejake,0,0,0,0,0,0,0,,1,1,1,1,1,1,1,,-1,-1,-1,-1,-1,-1,-1,,0,0,0,0,0,0,0,,$0.00,$0.00,$0.00,$0.00,$0.00,$0.00,$0.00,,$0.00,$0.00,$0.00,$0.00,$0.00,$0.00,$0.00
7359134961959632902,thecyrilia,"178,866","1,718,874","1,033,307","947,303","1,291,866","1,823,816","1,747,924",,2,7,6,5,6,7,7,,-1,3,3,2,3,4,4,,0,"16,000","5,000","5,000",0,"26,000","21,000",,$804.90,"$7,734.93","$4,649.88","$4,262.86","$5,813.40","$8,207.17","$7,865.66",,$0.00,$0.00,$0.00,"$1,335.00",$0.00,$455.95,$436.98
7359134960558571525,smity194,"143,435","2,162,633","2,185,891","1,767,492","2,645,571","2,126,135","2,605,629",,2,7,7,7,7,7,7,,-1,4,5,5,5,5,5,,0,"1,000","22,000","7,000","22,000","42,000","76,000",,$645.46,"$9,731.85","$9,836.51","$7,953.71","$11,905.07","$9,567.61","$11,725.33",,$0.00,$540.66,$546.47,$441.87,$661.39,$531.53,$651.41
7359134964962623494,.dianaaa__,0,"197,205","101,572","16,053",659,0,0,,1,2,2,1,1,1,1,,-1,-1,-1,-1,-1,-1,-1,,0,0,0,0,0,0,0,,$0.00,$887.42,$457.07,$72.24,$2.97,$0.00,$0.00,,$0.00,$0.00,$0.00,$0.00,$0.00,$0.00,$0.00
7359134981857280006,averynoelles,0,"39,189","59,989",0,0,0,"1,842",,1,1,1,1,1,1,1,,-1,-1,-1,-1,-1,-1,-1,,0,0,0,0,0,0,0,,$0.00,$176.35,$269.95,$0.00,$0.00,$0.00,$8.29,,$0.00,$0.00,$0.00,$0.00,$0.00,$0.00,$0.00
7359134984718024709,cpayne_04,"70,055","626,701","544,393","419,178","591,633","498,437","333,665",,1,5,5,4,5,4,4,,-1,1,1,-1,0,1,1,,0,0,0,0,0,0,0,,$315.25,"$2,820.15","$2,449.77","$1,886.30","$2,662.35","$2,242.97","$1,501.49",,$0.00,$0.00,$0.00,$0.00,$0.00,$0.00,$0.00
7359135028791771142,mortgagemagicmike,"2,419","9,016","8,521","1,331","4,864","1,231",0,,1,1,1,1,1,1,1,,-1,-1,-1,-1,-1,-1,-1,,0,0,0,0,0,0,0,,$10.89,$40.57,$38.34,$5.99,$21.89,$5.54,$0.00,,$0.00,$0.00,$0.00,$0.00,$0.00,$0.00,$0.00
7359134983241531397,natebharris,0,43,19,"1,187",12,114,179,,1,1,1,1,1,1,1,,-1,-1,-1,-1,-1,-1,-1,,0,0,0,0,0,0,0,,$0.00,$0.19,$0.09,$5.34,$0.05,$0.51,$0.81,,$0.00,$0.00,$0.00,$0.00,$0.00,$0.00,$0.00
7359135033598377990,frenchiarmelle,0,0,0,0,0,0,0,,1,1,1,1,1,1,1,,-1,-1,-1,-1,-1,-1,-1,,0,0,0,0,0,0,0,,$0.00,$0.00,$0.00,$0.00,$0.00,$0.00,$0.00,,$0.00,$0.00,$0.00,$0.00,$0.00,$0.00,$0.00
7359135017219424262,864_queen,0,0,0,0,"19,560","64,184","6,564",,1,1,1,1,1,1,1,,-1,-1,-1,-1,-1,-1,-1,,0,0,0,0,0,0,0,,$0.00,$0.00,$0.00,$0.00,$88.02,$288.83,$29.54,,$0.00,$0.00,$0.00,$0.00,$0.00,$0.00,$0.00
7359135097779519493,bryton.39,"1,880,853","3,277,468","4,402,701","2,811,270","4,521,401","4,058,693","3,722,144",,7,8,8,7,8,8,8,,-1,5,5,5,5,5,5,,"70,000","121,000","106,000","43,000","123,400","108,000","127,000",,"$8,463.84","$14,748.61","$19,812.15","$12,650.72","$20,346.30","$18,264.12","$16,749.65",,$0.00,$819.37,"$1,100.68",$0.00,"$1,130.35","$1,014.67","$1,130.54"
7359135105165656069,freekbass,"136,545","7,637,077","6,958,129","2,642,673","5,376,023","3,803,509","3,592,748",,2,9,9,7,9,8,8,,-1,5,5,5,5,5,5,,0,"71,000","108,000",0,"30,000",0,0,,$614.45,"$34,366.85","$31,311.58","$11,892.03","$24,192.10","$17,115.79","$16,167.37",,$0.00,$0.00,$0.00,$0.00,$0.00,$0.00,$0.00
7359135084659736581,samanthasingsit,"30,636","57,104","510,703","76,515","100,240","84,126","411,661",,1,1,5,1,2,1,4,,-1,-1,1,-1,-1,-1,3,,0,0,0,0,0,0,0,,$137.86,$256.97,"$2,298.16",$344.32,$451.08,$378.57,"$1,852.47",,$0.00,$0.00,$0.00,$0.00,$0.00,$0.00,$0.00
7359135112296071173,bentleybtv,"36,745","187,079","46,736",557,1,"6,152","6,336",,1,2,1,1,1,1,1,,-1,5,5,-1,-1,-1,-1,,0,0,0,0,0,0,0,,$165.35,$841.86,$210.31,$2.51,$0.00,$27.68,$28.51,,$0.00,$0.00,$0.00,$0.00,$0.00,$0.00,$0.00
7359135099172159494,mayhem.meadows.farm,0,0,"4,265","6,600",208,"7,190",738,,1,1,1,1,1,1,1,,-1,-1,-1,-1,-1,-1,-1,,0,0,0,0,0,0,0,,$0.00,$0.00,$19.19,$29.70,$0.94,$32.36,$3.32,,$0.00,$0.00,$0.00,$0.00,$0.00,$0.00,$0.00
7359135070302535686,iamjacobsavage,0,0,0,0,0,0,0,,1,1,1,1,1,1,1,,-1,-1,-1,-1,-1,-1,-1,,0,0,0,0,0,0,0,,$0.00,$0.00,$0.00,$0.00,$0.00,$0.00,$0.00,,$0.00,$0.00,$0.00,$0.00,$0.00,$0.00,$0.00
7359135097775456262,aaronfullerx,0,0,0,"2,744",0,0,0,,1,1,1,1,1,1,1,,-1,-1,-1,-1,-1,-1,-1,,0,0,0,0,0,0,0,,$0.00,$0.00,$0.00,$12.35,$0.00,$0.00,$0.00,,$0.00,$0.00,$0.00,$0.00,$0.00,$0.00,$0.00
7359135087579004933,hotter_wallen_,0,"3,802",0,0,0,0,291,,1,1,1,1,1,1,1,,-1,-1,-1,-1,-1,-1,-1,,0,0,0,0,0,0,0,,$0.00,$17.11,$0.00,$0.00,$0.00,$0.00,$1.31,,$0.00,$0.00,$0.00,$0.00,$0.00,$0.00,$0.00
7359135184236642309,voyce89,"35,303","383,212","1,072,726","107,103","196,140","214,508","186,975",,1,4,6,2,2,3,2,,-1,2,5,2,3,2,2,,0,0,0,0,0,0,0,,$158.86,"$1,724.45","$4,827.27",$481.96,$882.63,$965.29,$841.39,,$0.00,$0.00,$0.00,$0.00,$0.00,$0.00,$0.00
7359135185687904261,ashtingles,0,"205,710","119,714","285,875","193,812","168,778","144,951",,1,3,2,3,2,2,2,,-1,1,1,2,2,1,2,,0,0,0,0,0,0,0,,$0.00,$925.70,$538.71,"$1,286.44",$872.15,$759.50,$652.28,,$0.00,$0.00,$0.00,$0.00,$0.00,$0.00,$0.00
7359135160358699014,kayybaee26,"8,593","26,012",854,"21,733","15,142","153,664","476,228",,1,1,1,1,1,2,4,,-1,-1,-1,1,1,3,3,,0,0,0,0,0,0,0,,$38.67,$117.05,$3.84,$97.80,$68.14,$691.49,"$2,143.03",,$0.00,$0.00,$0.00,$0.00,$0.00,$0.00,$0.00
7359135172404740102,james_dean82,36,"33,315","186,298","259,109","279,996","413,680","609,900",,1,1,2,3,3,4,5,,-1,0,2,2,2,2,3,,0,0,0,0,0,0,0,,$0.16,$149.92,$838.34,"$1,165.99","$1,259.98","$1,861.56","$2,744.55",,$0.00,$0.00,$0.00,$0.00,$0.00,$0.00,$0.00
7359135160358567942,rahjaedadrummer,66,"1,306",0,"4,403","5,224","1,720",7,,1,1,1,1,1,1,1,,-1,-1,-1,-1,0,-1,-1,,0,0,0,0,0,0,0,,$0.30,$5.88,$0.00,$19.81,$23.51,$7.74,$0.03,,$0.00,$0.00,$0.00,$0.00,$0.00,$0.00,$0.00
7359135158852681733,#N/A,,,,,,,,,,,,,,,,,,,,,,,,,0,0,0,0,0,0,0,,$0.00,$0.00,$0.00,$0.00,$0.00,$0.00,$0.00,,,$0.00,$0.00,$0.00,$0.00,$0.00,$0.00
7359135227891056646,queenofdreamz_444,0,0,0,0,0,0,0,,1,1,1,1,1,1,1,,-1,-1,-1,-1,-1,-1,-1,,0,0,0,0,0,0,0,,$0.00,$0.00,$0.00,$0.00,$0.00,$0.00,$0.00,,$0.00,$0.00,$0.00,$0.00,$0.00,$0.00,$0.00
7359135160362958854,justbrendaaaa,0,0,0,3,0,0,5,,1,1,1,1,1,1,1,,-1,-1,-1,-1,-1,-1,-1,,0,0,0,0,0,0,0,,$0.00,$0.00,$0.00,$0.01,$0.00,$0.00,$0.02,,$0.00,$0.00,$0.00,$0.00,$0.00,$0.00,$0.00
7359135232244678661,christianmiller.music,0,0,0,0,0,"2,541",775,,1,1,1,1,1,1,1,,-1,-1,-1,-1,-1,-1,-1,,0,0,0,0,0,0,0,,$0.00,$0.00,$0.00,$0.00,$0.00,$11.43,$3.49,,$0.00,$0.00,$0.00,$0.00,$0.00,$0.00,$0.00
7359135227891023878,keystone_outdoors3,0,0,316,0,0,0,0,,1,1,1,1,1,1,1,,-1,-1,-1,-1,-1,-1,-1,,0,0,0,0,0,0,0,,$0.00,$0.00,$1.42,$0.00,$0.00,$0.00,$0.00,,$0.00,$0.00,$0.00,$0.00,$0.00,$0.00,$0.00
7359135203316596742,brittanydejardo,0,0,0,0,0,0,0,,1,1,1,1,1,1,1,,-1,-1,-1,-1,-1,-1,-1,,0,0,0,0,0,0,0,,$0.00,$0.00,$0.00,$0.00,$0.00,$0.00,$0.00,,$0.00,$0.00,$0.00,$0.00,$0.00,$0.00,$0.00
7359135181367869445,annaamaxx,0,0,0,0,0,0,0,,1,1,1,1,1,1,1,,-1,-1,-1,-1,-1,-1,-1,,0,0,0,0,0,0,0,,$0.00,$0.00,$0.00,$0.00,$0.00,$0.00,$0.00,,$0.00,$0.00,$0.00,$0.00,$0.00,$0.00,$0.00
7359135264167428102,coloreomusic,"17,199","347,589","573,787","388,030","704,306","1,141,729","1,181,657",,1,4,5,4,5,6,6,,-1,4,5,4,5,5,5,,0,0,0,"5,000","3,000",0,"8,000",,$77.40,"$1,564.15","$2,582.04","$1,746.14","$3,169.38","$5,137.78","$5,317.46",,$0.00,$0.00,$0.00,$0.00,$0.00,$285.43,$0.00
7359135283092226053,oregonstargirl,"194,318","1,898,260","1,734,798","1,427,436","1,572,464","1,354,543","1,478,224",,2,7,7,6,6,6,6,,-1,4,3,4,5,4,5,,0,0,"35,000",0,0,0,0,,$874.43,"$8,542.17","$7,806.59","$6,423.46","$7,076.09","$6,095.44","$6,652.01",,$0.00,$474.57,$433.70,$356.86,$393.12,$0.00,$0.00
7359135281678712838,blakeslifeline,0,"18,516","181,547","162,025","363,931","409,186","292,948",,1,1,2,2,4,4,3,,-1,-1,2,2,2,3,3,,0,0,0,0,0,0,0,,$0.00,$83.32,$816.96,$729.11,"$1,637.69","$1,841.34","$1,318.27",,$0.00,$0.00,$0.00,$0.00,$0.00,$0.00,$0.00
7359135268521246726,#N/A,,,"257,083","274,499","207,846","232,877","886,350",,,,3,3,3,3,5,,,,-1,-1,-1,0,1,,0,0,0,0,0,0,0,,$0.00,$0.00,"$1,156.87","$1,235.25",$935.31,"$1,047.95","$3,988.58",,,$0.00,$0.00,$0.00,$0.00,$0.00,$0.00
7359135361911652357,shelbyjo89,"1,540","16,476","65,843","57,808","41,261","46,155","48,049",,1,1,1,1,1,1,1,,-1,4,4,3,5,5,5,,0,0,0,0,0,0,0,,$6.93,$74.14,$296.29,$260.14,$185.67,$207.70,$216.22,,$0.00,$0.00,$0.00,$0.00,$0.00,$0.00,$0.00
7359135322615185413,aaronhunt30,"48,871","948,664","1,031,618","1,776,344","983,980","624,072","238,652",,1,5,6,7,5,5,3,,-1,3,4,5,3,2,1,,0,0,0,0,0,0,0,,$219.92,"$4,268.99","$4,642.28","$7,993.55","$4,427.91","$2,808.32","$1,073.93",,$0.00,$0.00,$0.00,$444.09,$0.00,$0.00,$0.00
7359135264155107334,danielsbrowning,0,0,"17,911","25,902","21,175","39,096","81,799",,1,1,1,1,1,1,1,,-1,-1,-1,-1,-1,-1,0,,0,0,0,0,0,0,0,,$0.00,$0.00,$80.60,$116.56,$95.29,$175.93,$368.10,,$0.00,$0.00,$0.00,$0.00,$0.00,$0.00,$0.00
7359135264155140102,umparker,0,0,0,0,"1,169",381,45,,1,1,1,1,1,1,1,,-1,-1,-1,-1,-1,-1,-1,,0,0,0,0,0,0,0,,$0.00,$0.00,$0.00,$0.00,$5.26,$1.71,$0.20,,$0.00,$0.00,$0.00,$0.00,$0.00,$0.00,$0.00
7359135353263030278,codyglenncoxmusic,0,"12,995","19,370","3,094","8,900","22,554","2,481",,1,1,1,1,1,1,1,,-1,-1,-1,-1,-1,-1,-1,,0,0,0,0,0,0,0,,$0.00,$58.48,$87.17,$13.92,$40.05,$101.49,$11.16,,$0.00,$0.00,$0.00,$0.00,$0.00,$0.00,$0.00
7359135347281985541,first.lady.jay2.0,"6,388",434,"1,111","3,127","2,243","3,804","5,102",,1,1,1,1,1,1,1,,-1,-1,-1,-1,-1,-1,-1,,0,0,0,0,0,0,0,,$28.75,$1.95,$5.00,$14.07,$10.09,$17.12,$22.96,,$0.00,$0.00,$0.00,$0.00,$0.00,$0.00,$0.00
7359135286036561926,lsxcrew,0,0,624,16,322,0,330,,1,1,1,1,1,1,1,,-1,-1,-1,-1,-1,-1,-1,,0,0,0,0,0,0,0,,$0.00,$0.00,$2.81,$0.07,$1.45,$0.00,$1.49,,$0.00,$0.00,$0.00,$0.00,$0.00,$0.00,$0.00
7359135268504469509,jeremygregorymusic,0,0,0,0,0,0,0,,1,1,1,1,1,1,1,,-1,-1,-1,-1,-1,-1,-1,,0,0,0,0,0,0,0,,$0.00,$0.00,$0.00,$0.00,$0.00,$0.00,$0.00,,$0.00,$0.00,$0.00,$0.00,$0.00,$0.00,$0.00
7359135302167822342,#N/A,,,,,,,,,,,,,,,,,,,,,,,,,0,0,0,0,0,0,0,,$0.00,$0.00,$0.00,$0.00,$0.00,$0.00,$0.00,,,$0.00,$0.00,$0.00,$0.00,$0.00,$0.00
7359135264113065989,wmblakehenry_jivemnd,0,0,0,0,"4,316",5,"1,625",,1,1,1,1,1,1,1,,-1,-1,-1,-1,-1,-1,-1,,0,0,0,0,0,0,0,,$0.00,$0.00,$0.00,$0.00,$19.42,$0.02,$7.31,,$0.00,$0.00,$0.00,$0.00,$0.00,$0.00,$0.00
7359135337295118341,#N/A,,,,,,0,0,,,,,,,1,1,,,,,,,-1,-1,,0,0,0,0,0,0,0,,$0.00,$0.00,$0.00,$0.00,$0.00,$0.00,$0.00,,,$0.00,$0.00,$0.00,$0.00,$0.00,$0.00
7359135318186033158,happy.hippogh,0,0,21,39,0,0,0,,1,1,1,1,1,1,1,,-1,-1,-1,-1,-1,-1,-1,,0,0,0,0,0,0,0,,$0.00,$0.00,$0.09,$0.18,$0.00,$0.00,$0.00,,$0.00,$0.00,$0.00,$0.00,$0.00,$0.00,$0.00
7359135262674321413,camciesielski,0,0,0,0,0,0,0,,1,1,1,1,1,1,1,,-1,-1,-1,-1,-1,-1,-1,,0,0,0,0,0,0,0,,$0.00,$0.00,$0.00,$0.00,$0.00,$0.00,$0.00,,$0.00,$0.00,$0.00,$0.00,$0.00,$0.00,$0.00
7359135269972606982,rusty_35,0,0,0,0,0,0,0,,1,1,1,1,1,1,1,,-1,-1,-1,-1,-1,-1,-1,,0,0,0,0,0,0,0,,$0.00,$0.00,$0.00,$0.00,$0.00,$0.00,$0.00,,$0.00,$0.00,$0.00,$0.00,$0.00,$0.00,$0.00
7359135273021865990,kathleen_oneill,0,0,0,0,0,0,0,,1,1,1,1,1,1,1,,-1,-1,-1,-1,-1,-1,-1,,0,0,0,0,0,0,0,,$0.00,$0.00,$0.00,$0.00,$0.00,$0.00,$0.00,,$0.00,$0.00,$0.00,$0.00,$0.00,$0.00,$0.00
7359135407352610822,burnt.tatertot,"54,854","1,368,003","1,843,052","2,783,038","1,623,545","2,462,465","1,935,205",,1,6,7,7,7,7,7,,-1,5,5,5,5,5,5,,0,"4,000",0,0,0,"4,000",0,,$246.84,"$6,156.01","$8,293.73","$12,523.67","$7,305.95","$11,081.09","$8,708.42",,$0.00,$0.00,$460.76,$945.76,$405.89,$615.62,$483.80
7359135408745447429,b.herbz,"19,860","318,947","427,424","280,527","565,234","263,449","843,719",,1,4,4,3,5,3,5,,-1,1,3,1,2,0,3,,0,"5,000",0,0,"4,500",0,"6,000",,$89.37,"$1,435.26","$1,923.41","$1,262.37","$2,543.55","$1,185.52","$3,796.74",,$0.00,$0.00,$0.00,$0.00,$0.00,$0.00,$0.00
7359135442542952454,lil.ginga5,"3,702","29,218","46,384","84,465","53,638","10,692","11,834",,1,1,1,1,1,1,1,,-1,-1,0,-1,-1,-1,-1,,0,0,0,0,0,0,0,,$16.66,$131.48,$208.73,$380.09,$241.37,$48.11,$53.25,,$0.00,$0.00,$0.00,$0.00,$0.00,$0.00,$0.00
7359135501099761669,itskbearr,91,"3,742","5,029","15,606",808,"1,824",0,,1,1,1,1,1,1,1,,-1,1,1,2,0,-1,-1,,0,0,0,0,0,0,0,,$0.41,$16.84,$22.63,$70.23,$3.64,$8.21,$0.00,,$0.00,$0.00,$0.00,$0.00,$0.00,$0.00,$0.00
7359135442551209989,uncle_louie,"5,468","30,327","4,320",254,"6,883","5,779","2,596",,1,1,1,1,1,1,1,,-1,5,4,-1,1,1,-1,,0,0,0,0,0,0,0,,$24.61,$136.47,$19.44,$1.14,$30.97,$26.01,$11.68,,$0.00,$0.00,$0.00,$0.00,$0.00,$0.00,$0.00
7359135444145274886,srt.berner420,"11,535","13,650","3,818","6,610","111,940","16,107","12,199",,1,1,1,1,2,1,1,,-1,0,-1,-1,-1,-1,-1,,0,0,0,0,0,0,0,,$51.91,$61.43,$17.18,$29.75,$503.73,$72.48,$54.90,,$0.00,$0.00,$0.00,$0.00,$0.00,$0.00,$0.00
7359135484905553925,nicolefarahh,"12,558","41,119","35,747","8,368","1,441,568","1,124,119","532,405",,1,1,1,1,6,6,5,,-1,-1,-1,-1,-1,2,2,,0,0,0,0,0,0,0,,$56.51,$185.04,$160.86,$37.66,"$6,487.06","$5,058.54","$2,395.82",,$0.00,$0.00,$0.00,$0.00,$0.00,$0.00,$0.00
7359135416206950406,tripsevenofficial1,0,0,0,0,0,0,762,,1,1,1,1,1,1,1,,-1,-1,-1,-1,-1,-1,-1,,0,0,0,0,0,0,0,,$0.00,$0.00,$0.00,$0.00,$0.00,$0.00,$3.43,,$0.00,$0.00,$0.00,$0.00,$0.00,$0.00,$0.00
7359135410272239622,lolthatsrichie,0,"1,427",322,470,"4,318","5,909","16,891",,1,1,1,1,1,1,1,,-1,-1,-1,-1,-1,-1,-1,,0,0,0,0,0,0,0,,$0.00,$6.42,$1.45,$2.12,$19.43,$26.59,$76.01,,$0.00,$0.00,$0.00,$0.00,$0.00,$0.00,$0.00
7359135408740925446,#N/A,,,,,,0,253,,,,,,,1,1,,,,,,,-1,-1,,0,0,0,0,0,0,0,,$0.00,$0.00,$0.00,$0.00,$0.00,$0.00,$1.14,,,$0.00,$0.00,$0.00,$0.00,$0.00,$0.00
7359135407319285766,user_15253637,15,973,264,630,36,10,51,,1,1,1,1,1,1,1,,-1,-1,-1,-1,-1,-1,-1,,0,0,0,0,0,0,0,,$0.07,$4.38,$1.19,$2.84,$0.16,$0.05,$0.23,,$0.00,$0.00,$0.00,$0.00,$0.00,$0.00,$0.00
7359135442542821382,#N/A,,,,,,0,"1,497",,,,,,,1,1,,,,,,,-1,-1,,0,0,0,0,0,0,0,,$0.00,$0.00,$0.00,$0.00,$0.00,$0.00,$6.74,,,$0.00,$0.00,$0.00,$0.00,$0.00,$0.00
7359135448591040518,firefly_kat26,0,0,0,0,0,0,0,,1,1,1,1,1,1,1,,-1,-1,-1,-1,-1,-1,-1,,0,0,0,0,0,0,0,,$0.00,$0.00,$0.00,$0.00,$0.00,$0.00,$0.00,,$0.00,$0.00,$0.00,$0.00,$0.00,$0.00,$0.00
7359135416169103365,#N/A,,,,,,0,0,,,,,,,1,1,,,,,,,-1,-1,,0,0,0,0,0,0,0,,$0.00,$0.00,$0.00,$0.00,$0.00,$0.00,$0.00,,,$0.00,$0.00,$0.00,$0.00,$0.00,$0.00
7359135457160069126,katie.marie1511,0,0,0,0,0,0,0,,1,1,1,1,1,1,1,,-1,-1,-1,-1,-1,-1,-1,,0,0,0,0,0,0,0,,$0.00,$0.00,$0.00,$0.00,$0.00,$0.00,$0.00,,$0.00,$0.00,$0.00,$0.00,$0.00,$0.00,$0.00
7359135727810052101,hotterjakepaul,"143,310","2,537,387","2,082,438","1,883,595","2,525,851","2,599,042","2,743,338",,2,7,7,7,7,7,7,,-1,5,5,4,4,4,5,,0,"38,000",0,0,"39,000","9,000","3,000",,$644.90,"$11,418.24","$9,370.97","$8,476.18","$11,366.33","$11,695.69","$12,345.02",,$0.00,$634.35,$520.61,$470.90,$631.46,$949.76,$685.83
7359135589712560133,silvershadowmark,"4,671","41,534","32,996","43,477","3,813","62,578","140,850",,1,1,1,1,1,1,2,,-1,3,3,3,-1,5,5,,0,0,0,0,0,0,0,,$21.02,$186.90,$148.48,$195.65,$17.16,$281.60,$633.83,,$0.00,$0.00,$0.00,$0.00,$0.00,$0.00,$0.00
7359135698651217926,mystiquedejello,0,"207,529","562,195","738,482","646,927","700,202","409,347",,1,3,5,5,5,5,4,,-1,1,2,2,1,2,1,,0,0,0,0,0,0,0,,$0.00,$933.88,"$2,529.88","$3,323.17","$2,911.17","$3,150.91","$1,842.06",,$0.00,$0.00,$0.00,$0.00,$0.00,$0.00,$0.00
7359135762769608710,m1stresswedn3sday,"36,255","111,059","135,409","288,247","261,299","152,964","681,439",,1,2,2,3,3,2,5,,-1,1,2,4,3,2,5,,0,0,0,0,0,0,0,,$163.15,$499.77,$609.34,"$1,297.11","$1,175.85",$688.34,"$3,066.48",,$0.00,$0.00,$0.00,$0.00,$0.00,$0.00,$0.00
7359135632007921670,24widmar,624,309,"84,688","100,094","58,347","79,370","41,333",,1,1,1,2,1,1,1,,-1,-1,1,1,2,0,-1,,0,0,0,0,0,0,0,,$2.81,$1.39,$381.10,$450.42,$262.56,$357.17,$186.00,,$0.00,$0.00,$0.00,$0.00,$0.00,$0.00,$0.00
7359135689868443654,carringtonchronicles,0,0,0,257,"3,355","28,899","73,452",,1,1,1,1,1,1,1,,-1,-1,-1,-1,-1,1,1,,0,0,0,0,0,0,0,,$0.00,$0.00,$0.00,$1.16,$15.10,$130.05,$330.53,,$0.00,$0.00,$0.00,$0.00,$0.00,$0.00,$0.00
7359135591147274246,#N/A,,,,,,938,"32,276",,,,,,,1,1,,,,,,,-1,-1,,0,0,0,0,0,0,0,,$0.00,$0.00,$0.00,$0.00,$0.00,$4.22,$145.24,,,$0.00,$0.00,$0.00,$0.00,$0.00,$0.00
7359135732201488390,toxic_luigi69,0,"2,791","11,245","1,962","2,859","5,573","1,269",,1,1,1,1,1,1,1,,-1,-1,-1,-1,-1,-1,-1,,0,0,0,0,0,0,0,,$0.00,$12.56,$50.60,$8.83,$12.87,$25.08,$5.71,,$0.00,$0.00,$0.00,$0.00,$0.00,$0.00,$0.00
7359135736874467333,jovanijara99,0,"3,709",0,0,0,0,0,,1,1,1,1,1,1,1,,-1,-1,-1,-1,-1,-1,-1,,0,0,0,0,0,0,0,,$0.00,$16.69,$0.00,$0.00,$0.00,$0.00,$0.00,,$0.00,$0.00,$0.00,$0.00,$0.00,$0.00,$0.00
7359135748324425734,#N/A,,,,0,0,0,0,,,,,1,1,1,1,,,,,-1,-1,-1,-1,,0,0,0,0,0,0,0,,$0.00,$0.00,$0.00,$0.00,$0.00,$0.00,$0.00,,,$0.00,$0.00,$0.00,$0.00,$0.00,$0.00
7359135733719957510,dtxjusstin,0,"2,428",3,160,"2,805",2,10,,1,1,1,1,1,1,1,,-1,-1,-1,-1,-1,-1,-1,,0,0,0,0,0,0,0,,$0.00,$10.93,$0.01,$0.72,$12.62,$0.01,$0.05,,$0.00,$0.00,$0.00,$0.00,$0.00,$0.00,$0.00
7359135730641534982,#N/A,,,,0,0,2,110,,,,,1,1,1,1,,,,,-1,-1,-1,-1,,0,0,0,0,0,0,0,,$0.00,$0.00,$0.00,$0.00,$0.00,$0.01,$0.50,,,$0.00,$0.00,$0.00,$0.00,$0.00,$0.00
7359135688387821573,#N/A,,,,,0,0,0,,,,,,1,1,1,,,,,,-1,-1,-1,,0,0,0,0,0,0,0,,$0.00,$0.00,$0.00,$0.00,$0.00,$0.00,$0.00,,,$0.00,$0.00,$0.00,$0.00,$0.00,$0.00
7359135723561254918,#N/A,,,,0,0,0,0,,,,,1,1,1,1,,,,,-1,-1,-1,-1,,0,0,0,0,0,0,0,,$0.00,$0.00,$0.00,$0.00,$0.00,$0.00,$0.00,,,$0.00,$0.00,$0.00,$0.00,$0.00,$0.00
7359135998355472389,brayden.pantel,0,0,0,0,0,"167,275","574,524",,1,1,1,1,1,2,5,,-1,-1,-1,-1,-1,-1,-1,,0,0,0,0,0,0,0,,$0.00,$0.00,$0.00,$0.00,$0.00,$752.74,"$2,585.36",,$0.00,$0.00,$0.00,$0.00,$0.00,$0.00,$0.00
7359135814745391109,tha_dripp_phamily,"29,688","4,289","19,002","177,939","110,987","115,867","187,997",,1,1,1,2,2,2,2,,-1,-1,-1,1,1,2,0,,0,0,0,0,0,0,0,,$133.60,$19.30,$85.51,$800.73,$499.44,$521.40,$845.99,,$0.00,$0.00,$0.00,$0.00,$0.00,$0.00,$0.00
7359135813340266502,#N/A,,,,0,0,"3,000",14,,,,,1,1,1,1,,,,,-1,-1,-1,-1,,0,0,0,0,0,0,0,,$0.00,$0.00,$0.00,$0.00,$0.00,$13.50,$0.06,,,$0.00,$0.00,$0.00,$0.00,$0.00,$0.00
7359135811868557317,lindsey.lou.whoo,0,0,6,0,0,0,0,,1,1,1,1,1,1,1,,-1,-1,-1,-1,-1,-1,-1,,0,0,0,0,0,0,0,,$0.00,$0.00,$0.03,$0.00,$0.00,$0.00,$0.00,,$0.00,$0.00,$0.00,$0.00,$0.00,$0.00,$0.00
7359135914154786821,lilnikk1,0,"1,306",74,0,5,0,0,,1,1,1,1,1,1,1,,-1,-1,-1,-1,-1,-1,-1,,0,0,0,0,0,0,0,,$0.00,$5.88,$0.33,$0.00,$0.02,$0.00,$0.00,,$0.00,$0.00,$0.00,$0.00,$0.00,$0.00,$0.00
7359135817660596230,#N/A,,,,0,0,0,0,,,,,1,1,1,1,,,,,-1,-1,-1,-1,,0,0,0,0,0,0,0,,$0.00,$0.00,$0.00,$0.00,$0.00,$0.00,$0.00,,,$0.00,$0.00,$0.00,$0.00,$0.00,$0.00
7359135826238013445,fun_with_kermit_usa,0,0,0,0,0,0,0,,1,1,1,1,1,1,1,,-1,-1,-1,-1,-1,-1,-1,,0,0,0,0,0,0,0,,$0.00,$0.00,$0.00,$0.00,$0.00,$0.00,$0.00,,$0.00,$0.00,$0.00,$0.00,$0.00,$0.00,$0.00
7359135856583507974,brandy.39,0,0,0,0,6,"1,219","6,025",,1,1,1,1,1,1,1,,-1,-1,-1,-1,-1,-1,-1,,0,0,0,0,0,0,0,,$0.00,$0.00,$0.00,$0.00,$0.03,$5.49,$27.11,,$0.00,$0.00,$0.00,$0.00,$0.00,$0.00,$0.00
7359135941149163526,#N/A,,,,0,0,0,0,,,,,1,1,1,1,,,,,-1,-1,-1,-1,,0,0,0,0,0,0,0,,$0.00,$0.00,$0.00,$0.00,$0.00,$0.00,$0.00,,,$0.00,$0.00,$0.00,$0.00,$0.00,$0.00
7359136208586637317,thebellaflora__,"465,014","1,067,177","818,510","551,571","1,018,576","804,834","1,517,463",,4,6,5,5,6,5,6,,-1,3,4,3,4,4,4,,0,0,0,"5,000",0,0,0,,"$2,092.56","$4,802.30","$3,683.30","$2,482.07","$4,583.59","$3,621.75","$6,828.58",,$0.00,$0.00,$0.00,$0.00,$0.00,$0.00,$379.37
7359136272692117509,koryskitchen,"31,429","224,203","7,368","434,289","383,855","495,762","618,870",,1,3,1,4,4,4,5,,-1,1,-1,3,3,4,4,,0,0,0,0,0,0,0,,$141.43,"$1,008.91",$33.16,"$1,954.30","$1,727.35","$2,230.93","$2,784.92",,$0.00,$0.00,$0.00,$0.00,$0.00,$0.00,$0.00
7359136328962801669,#N/A,,,"50,445","53,218","51,423","34,575","48,658",,,,1,1,1,1,1,,,,3,4,4,4,5,,0,0,0,0,0,0,0,,$0.00,$0.00,$227.00,$239.48,$231.40,$155.59,$218.96,,,$0.00,$0.00,$0.00,$0.00,$0.00,$0.00
7359136287120719877,redrumstudios,"10,981","96,646","61,859","67,344","170,530","268,676","176,793",,1,1,1,1,2,3,2,,-1,3,1,2,4,5,3,,0,0,0,0,0,0,0,,$49.41,$434.91,$278.37,$303.05,$767.39,"$1,209.04",$795.57,,$0.00,$0.00,$0.00,$0.00,$0.00,$0.00,$0.00
7359136208573792261,#N/A,,,"27,966","28,781","33,344","39,735","10,132",,,,1,1,1,1,1,,,,-1,-1,-1,-1,-1,,0,0,0,0,0,0,0,,$0.00,$0.00,$125.85,$129.51,$150.05,$178.81,$45.59,,,$0.00,$0.00,$0.00,$0.00,$0.00,$0.00
7359136287137398789,,0,,3,1,54,"3,502",49,,1,,1,1,1,1,1,,-1,,4,1,5,5,5,,0,0,0,0,0,0,0,,$0.00,$0.00,$0.01,$0.00,$0.24,$15.76,$0.22,,,$0.00,$0.00,$0.00,$0.00,$0.00,$0.00
7359136303201484805,#N/A,,,,0,0,0,0,,,,,1,1,1,1,,,,,-1,-1,-1,-1,,0,0,0,0,0,0,0,,$0.00,$0.00,$0.00,$0.00,$0.00,$0.00,$0.00,,,$0.00,$0.00,$0.00,$0.00,$0.00,$0.00
7359136363951816710,rockylanemusic,"209,494","1,076,856","1,061,058","1,278,309","1,457,721","1,178,321","1,352,621",,3,6,6,6,6,6,6,,-1,4,4,4,5,4,5,,"15,000","10,000","12,000","8,000","18,000","4,000","11,000",,$942.72,"$4,845.85","$4,774.76","$5,752.39","$6,559.74","$5,302.44","$6,086.79",,$0.00,$0.00,$319.58,$319.58,$364.43,$294.58,$338.16
7359136672245809158,natalianope,"193,515","1,310,126","944,330","2,650,096","1,377,376","983,813","693,591",,2,6,5,7,6,5,5,,-1,5,3,3,5,5,3,,0,"19,000","2,000","72,000","10,000",0,"2,000",,$870.82,"$5,895.57","$4,249.49","$11,925.43","$6,198.19","$4,427.16","$3,121.16",,$0.00,$327.53,$0.00,$662.52,$344.34,$0.00,$0.00
7359136385644658693,joelerdmann_,0,"1,155","19,423","5,086","1,227",0,"3,089",,1,1,1,1,1,1,1,,-1,-1,-1,-1,-1,-1,-1,,0,0,0,0,0,0,0,,$0.00,$5.20,$87.40,$22.89,$5.52,$0.00,$13.90,,$0.00,$0.00,$0.00,$0.00,$0.00,$0.00,$0.00
7359136395657019397,#N/A,,,54,375,299,"8,027",0,,,,1,1,1,1,1,,,,-1,-1,-1,-1,-1,,0,0,0,0,0,0,0,,$0.00,$0.00,$0.24,$1.69,$1.35,$36.12,$0.00,,,$0.00,$0.00,$0.00,$0.00,$0.00,$0.00
7359136670739922949,jabbartiller,"2,462",0,"3,488",0,5,224,"15,778",,1,1,1,1,1,1,1,,-1,-1,-1,-1,-1,-1,-1,,0,0,0,0,0,0,0,,$11.08,$0.00,$15.70,$0.00,$0.02,$1.01,$71.00,,$0.00,$0.00,$0.00,$0.00,$0.00,$0.00,$0.00
7359136690818088965,codytiralosi,0,0,0,0,0,0,0,,1,1,1,1,1,1,1,,-1,-1,-1,-1,-1,-1,-1,,0,0,0,0,0,0,0,,$0.00,$0.00,$0.00,$0.00,$0.00,$0.00,$0.00,,$0.00,$0.00,$0.00,$0.00,$0.00,$0.00,$0.00
7359136503685218310,#N/A,,,,0,0,0,0,,,,,1,1,1,1,,,,,-1,-1,-1,-1,,0,0,0,0,0,0,0,,$0.00,$0.00,$0.00,$0.00,$0.00,$0.00,$0.00,,,$0.00,$0.00,$0.00,$0.00,$0.00,$0.00
7359136384277577734,#N/A,,,"2,027",0,4,0,0,,,,1,1,1,1,1,,,,-1,-1,-1,-1,-1,,0,0,0,0,0,0,0,,$0.00,$0.00,$9.12,$0.00,$0.02,$0.00,$0.00,,,$0.00,$0.00,$0.00,$0.00,$0.00,$0.00
7359136550178816006,alextiralosi,0,0,0,0,0,0,0,,1,1,1,1,1,1,1,,-1,-1,-1,-1,-1,-1,-1,,0,0,0,0,0,0,0,,$0.00,$0.00,$0.00,$0.00,$0.00,$0.00,$0.00,,$0.00,$0.00,$0.00,$0.00,$0.00,$0.00,$0.00
7359137032024752133,djbowiejane,0,0,0,0,0,0,0,,1,1,1,1,1,1,1,,-1,-1,-1,-1,-1,-1,-1,,0,0,0,0,0,0,0,,$0.00,$0.00,$0.00,$0.00,$0.00,$0.00,$0.00,,$0.00,$0.00,$0.00,$0.00,$0.00,$0.00,$0.00
7359137040853860358,kyland.young,0,0,0,"97,439",4,0,"3,240",,1,1,1,1,1,1,1,,-1,-1,-1,-1,-1,-1,-1,,0,0,0,0,0,0,0,,$0.00,$0.00,$0.00,$438.48,$0.02,$0.00,$14.58,,$0.00,$0.00,$0.00,$0.00,$0.00,$0.00,$0.00
7359137631822708741,sam_g_89,"10,990","345,594","456,857","386,370","239,049","296,694","528,447",,1,4,4,4,3,3,5,,-1,3,3,4,2,1,4,,0,0,0,0,0,"2,000","2,000",,$49.46,"$1,555.17","$2,055.86","$1,738.67","$1,075.72","$1,335.12","$2,378.01",,$0.00,$0.00,$0.00,$0.00,$0.00,$0.00,$0.00
7359137269107916806,metalkitten2,"11,205","85,867","88,761","154,720","187,100","139,276","239,008",,1,1,1,2,2,2,3,,-1,1,1,2,2,2,3,,0,0,0,0,0,0,0,,$50.42,$386.40,$399.42,$696.24,$841.95,$626.74,"$1,075.54",,$0.00,$0.00,$0.00,$0.00,$0.00,$0.00,$0.00
7359137668212490245,sebbythecatdad,"110,518","2,950,354","5,106,893","1,245,854","1,317,345","2,157,859","1,994,019",,2,7,9,6,6,7,7,,-1,5,5,5,5,5,5,,0,"35,000","111,000",0,0,0,0,,$497.33,"$13,276.59","$22,981.02","$5,606.34","$5,928.05","$9,710.37","$8,973.09",,$0.00,$0.00,"$1,276.72",$311.46,$0.00,$539.46,$498.50
7359137865995091974,sirenof_thestars,"1,468","27,721","46,970","54,102","19,664","13,070","8,719",,1,1,1,1,1,1,1,,-1,0,1,-1,-1,-1,-1,,0,0,0,0,0,0,0,,$6.61,$124.74,$211.37,$243.46,$88.49,$58.82,$39.24,,$0.00,$0.00,$0.00,$0.00,$0.00,$0.00,$0.00
7359138280010645509,ageofangel,"244,608","1,793,827","1,851,492","1,561,672","1,099,751","1,535,757","1,208,722",,3,7,7,6,6,6,6,,-1,5,5,5,5,5,5,,0,"78,000",0,0,0,0,0,,"$1,100.74","$8,072.22","$8,331.71","$7,027.52","$4,948.88","$6,910.91","$5,439.25",,$0.00,$448.46,$462.87,$390.42,$274.94,$383.94,$0.00
7359138475368513541,scarlettjlopez,0,0,"11,454",0,0,0,"34,090",,1,1,1,1,1,1,1,,-1,-1,-1,-1,-1,-1,-1,,0,0,0,0,0,0,0,,$0.00,$0.00,$51.54,$0.00,$0.00,$0.00,$153.41,,$0.00,$0.00,$0.00,$0.00,$0.00,$0.00,$0.00
7359138297592938501,sonnybrightside,"16,596","105,497","67,325","108,627","55,284","125,185","38,289",,1,2,1,2,1,2,1,,-1,2,1,1,3,2,0,,0,0,0,0,0,0,0,,$74.68,$474.74,$302.96,$488.82,$248.78,$563.33,$172.30,,$0.00,$0.00,$0.00,$0.00,$0.00,$0.00,$0.00
7359138377117106181,drewcasta,0,"7,703","110,290","306,684","184,206","113,821","49,882",,1,1,2,4,2,2,1,,-1,-1,4,5,5,5,5,,0,0,0,0,0,0,0,,$0.00,$34.66,$496.31,"$1,380.08",$828.93,$512.19,$224.47,,$0.00,$0.00,$0.00,$0.00,$0.00,$0.00,$0.00
7359138563587506181,howlingattheearth,0,0,0,0,83,569,323,,1,1,1,1,1,1,1,,-1,-1,-1,-1,-1,1,1,,0,0,0,0,0,0,0,,$0.00,$0.00,$0.00,$0.00,$0.37,$2.56,$1.45,,$0.00,$0.00,$0.00,$0.00,$0.00,$0.00,$0.00
7359138345219293189,happilyengaged2011,0,756,262,"2,246","3,203","7,459","11,673",,1,1,1,1,1,1,1,,-1,-1,-1,-1,-1,-1,-1,,0,0,0,0,0,0,0,,$0.00,$3.40,$1.18,$10.11,$14.41,$33.57,$52.53,,$0.00,$0.00,$0.00,$0.00,$0.00,$0.00,$0.00
7359138374126665733,#N/A,,,,,,,,,,,,,,,,,,,,,,,,,0,0,0,0,0,0,0,,$0.00,$0.00,$0.00,$0.00,$0.00,$0.00,$0.00,,,$0.00,$0.00,$0.00,$0.00,$0.00,$0.00
7359138654733926405,01cumminspassenger,0,0,0,0,0,0,0,,1,1,1,1,1,1,1,,-1,-1,-1,-1,-1,-1,-1,,0,0,0,0,0,0,0,,$0.00,$0.00,$0.00,$0.00,$0.00,$0.00,$0.00,,$0.00,$0.00,$0.00,$0.00,$0.00,$0.00,$0.00
7359138718567137285,quantumhaze,0,187,4,5,162,0,98,,1,1,1,1,1,1,1,,-1,-1,-1,-1,-1,-1,-1,,0,0,0,0,0,0,0,,$0.00,$0.84,$0.02,$0.02,$0.73,$0.00,$0.44,,$0.00,$0.00,$0.00,$0.00,$0.00,$0.00,$0.00
7359138375443709957,yaboiidomo27,0,0,641,0,0,33,235,,1,1,1,1,1,1,1,,-1,-1,-1,-1,-1,-1,-1,,0,0,0,0,0,0,0,,$0.00,$0.00,$2.88,$0.00,$0.00,$0.15,$1.06,,$0.00,$0.00,$0.00,$0.00,$0.00,$0.00,$0.00
7359138466481307654,mtv_nelson,0,0,0,0,0,0,0,,1,1,1,1,1,1,1,,-1,-1,-1,-1,-1,-1,-1,,0,0,0,0,0,0,0,,$0.00,$0.00,$0.00,$0.00,$0.00,$0.00,$0.00,,$0.00,$0.00,$0.00,$0.00,$0.00,$0.00,$0.00
7359138627353346053,sincereking82,0,0,0,0,0,0,62,,1,1,1,1,1,1,1,,-1,-1,-1,-1,-1,-1,-1,,0,0,0,0,0,0,0,,$0.00,$0.00,$0.00,$0.00,$0.00,$0.00,$0.28,,$0.00,$0.00,$0.00,$0.00,$0.00,$0.00,$0.00
7359138483878854661,jadeakellymusic,0,0,829,0,"8,249",0,"1,903",,1,1,1,1,1,1,1,,-1,-1,-1,-1,-1,-1,-1,,0,0,0,0,0,0,0,,$0.00,$0.00,$3.73,$0.00,$37.12,$0.00,$8.56,,$0.00,$0.00,$0.00,$0.00,$0.00,$0.00,$0.00
7359138435900407813,lalibibaby,0,0,0,0,3,0,0,,1,1,1,1,1,1,1,,-1,-1,-1,-1,-1,-1,-1,,0,0,0,0,0,0,0,,$0.00,$0.00,$0.00,$0.00,$0.01,$0.00,$0.00,,$0.00,$0.00,$0.00,$0.00,$0.00,$0.00,$0.00
7359138218312204294,prettygirlglaze,0,0,0,10,0,0,0,,1,1,1,1,1,1,1,,-1,-1,-1,-1,-1,-1,-1,,0,0,0,0,0,0,0,,$0.00,$0.00,$0.00,$0.05,$0.00,$0.00,$0.00,,$0.00,$0.00,$0.00,$0.00,$0.00,$0.00,$0.00
7359138290211061765,joannajoy__,0,0,0,0,0,0,0,,1,1,1,1,1,1,1,,-1,-1,-1,-1,-1,-1,-1,,0,0,0,0,0,0,0,,$0.00,$0.00,$0.00,$0.00,$0.00,$0.00,$0.00,,$0.00,$0.00,$0.00,$0.00,$0.00,$0.00,$0.00
7359139118909095942,sparksboi97,"293,719","303,267","1,186,478","1,043,830","1,286,899","562,908","638,706",,3,4,6,6,6,5,5,,-1,3,4,3,5,4,3,,0,0,0,0,0,0,0,,"$1,321.74","$1,364.70","$5,339.15","$4,697.24","$5,791.05","$2,533.09","$2,874.18",,$0.00,$0.00,$0.00,$260.96,$321.72,$0.00,$0.00
7359139156565622790,naseem0815,"58,927","286,073","342,835","221,778","246,766","259,652","154,727",,1,3,4,3,3,3,2,,-1,5,4,5,5,5,4,,0,0,0,0,0,0,0,,$265.17,"$1,287.33","$1,542.76",$998.00,"$1,110.45","$1,168.43",$696.27,,$0.00,$0.00,$0.00,$0.00,$0.00,$0.00,$0.00
7359139426389262342,poecelain,0,383,"13,455","6,065","3,260","3,106","1,852",,1,1,1,1,1,1,1,,-1,-1,1,3,2,2,2,,0,0,0,0,0,0,0,,$0.00,$1.72,$60.55,$27.29,$14.67,$13.98,$8.33,,$0.00,$0.00,$0.00,$0.00,$0.00,$0.00,$0.00
7359139297569832965,#N/A,,,,,,,,,,,,,,,,,,,,,,,,,0,0,0,0,0,0,0,,$0.00,$0.00,$0.00,$0.00,$0.00,$0.00,$0.00,,,$0.00,$0.00,$0.00,$0.00,$0.00,$0.00
7359138961387683846,xander5ktiktok,14,2,0,"1,310",0,3,0,,1,1,1,1,1,1,1,,-1,-1,-1,-1,-1,0,-1,,0,0,0,0,0,0,0,,$0.06,$0.01,$0.00,$5.90,$0.00,$0.01,$0.00,,$0.00,$0.00,$0.00,$0.00,$0.00,$0.00,$0.00
7359139280323182598,#N/A,,,0,44,14,696,"1,994",,,,1,1,1,1,1,,,,-1,-1,-1,-1,-1,,0,0,0,0,0,0,0,,$0.00,$0.00,$0.00,$0.20,$0.06,$3.13,$8.97,,,$0.00,$0.00,$0.00,$0.00,$0.00,$0.00
7359139453274947589,angeleyez39,"45,627","2,019",248,"1,576","6,212",406,"3,359",,1,1,1,1,1,1,1,,-1,-1,-1,-1,-1,-1,-1,,0,0,0,0,0,0,0,,$205.32,$9.09,$1.12,$7.09,$27.95,$1.83,$15.12,,$0.00,$0.00,$0.00,$0.00,$0.00,$0.00,$0.00
7359139437110067205,chadly886,0,0,199,"2,343","17,312","4,035","3,511",,1,1,1,1,1,1,1,,-1,-1,-1,-1,-1,-1,-1,,0,0,0,0,0,0,0,,$0.00,$0.00,$0.90,$10.54,$77.90,$18.16,$15.80,,$0.00,$0.00,$0.00,$0.00,$0.00,$0.00,$0.00
7359139288946245637,lisamarieshippy,32,163,659,1,561,"8,130","3,344",,1,1,1,1,1,1,1,,-1,-1,-1,-1,-1,-1,1,,0,0,0,0,0,0,0,,$0.14,$0.73,$2.97,$0.00,$2.52,$36.59,$15.05,,$0.00,$0.00,$0.00,$0.00,$0.00,$0.00,$0.00
7359139187003490309,daaniiieellee,0,0,0,202,0,0,100,,1,1,1,1,1,1,1,,-1,-1,-1,-1,-1,-1,-1,,0,0,0,0,0,0,0,,$0.00,$0.00,$0.00,$0.91,$0.00,$0.00,$0.45,,$0.00,$0.00,$0.00,$0.00,$0.00,$0.00,$0.00
7359139337948168197,empress3y3s,0,0,803,13,0,22,328,,1,1,1,1,1,1,1,,-1,-1,-1,-1,-1,-1,-1,,0,0,0,0,0,0,0,,$0.00,$0.00,$3.61,$0.06,$0.00,$0.10,$1.48,,$0.00,$0.00,$0.00,$0.00,$0.00,$0.00,$0.00
7359139044300980230,prettyliljbirdz,0,0,0,0,0,0,0,,1,1,1,1,1,1,1,,-1,-1,-1,-1,-1,-1,-1,,0,0,0,0,0,0,0,,$0.00,$0.00,$0.00,$0.00,$0.00,$0.00,$0.00,,$0.00,$0.00,$0.00,$0.00,$0.00,$0.00,$0.00
7359139366972915717,queenhoneybeeluv7,0,0,0,0,0,0,0,,1,1,1,1,1,1,1,,-1,-1,-1,-1,-1,-1,-1,,0,0,0,0,0,0,0,,$0.00,$0.00,$0.00,$0.00,$0.00,$0.00,$0.00,,$0.00,$0.00,$0.00,$0.00,$0.00,$0.00,$0.00
7359139067122057222,phiva357,0,0,191,"49,660","48,942","62,111","67,731",,1,1,1,1,1,1,1,,-1,-1,-1,2,3,2,1,,0,0,0,0,0,0,0,,$0.00,$0.00,$0.86,$223.47,$220.24,$279.50,$304.79,,$0.00,$0.00,$0.00,$0.00,$0.00,$0.00,$0.00
7359139317958049797,mjjurassic,0,0,0,103,304,0,197,,1,1,1,1,1,1,1,,-1,-1,-1,-1,-1,-1,-1,,0,0,0,0,0,0,0,,$0.00,$0.00,$0.00,$0.46,$1.37,$0.00,$0.89,,$0.00,$0.00,$0.00,$0.00,$0.00,$0.00,$0.00
7359139181223870469,maryannharrison50,0,0,5,0,0,0,0,,1,1,1,1,1,1,1,,-1,-1,-1,-1,-1,-1,-1,,0,0,0,0,0,0,0,,$0.00,$0.00,$0.02,$0.00,$0.00,$0.00,$0.00,,$0.00,$0.00,$0.00,$0.00,$0.00,$0.00,$0.00
7359139450280116230,ladybug_usa1,0,0,0,0,0,0,0,,1,1,1,1,1,1,1,,-1,-1,-1,-1,-1,-1,-1,,0,0,0,0,0,0,0,,$0.00,$0.00,$0.00,$0.00,$0.00,$0.00,$0.00,,$0.00,$0.00,$0.00,$0.00,$0.00,$0.00,$0.00
7359139396219600901,#N/A,,,0,0,0,0,0,,,,1,1,1,1,1,,,,-1,-1,-1,-1,-1,,0,0,0,0,0,0,0,,$0.00,$0.00,$0.00,$0.00,$0.00,$0.00,$0.00,,,$0.00,$0.00,$0.00,$0.00,$0.00,$0.00
7359139303286603782,queenactivation,0,257,0,0,12,0,0,,1,1,1,1,1,1,1,,-1,-1,-1,-1,-1,-1,-1,,0,0,0,0,0,0,0,,$0.00,$1.16,$0.00,$0.00,$0.05,$0.00,$0.00,,$0.00,$0.00,$0.00,$0.00,$0.00,$0.00,$0.00
7359139157937127429,mrwhite820,0,0,0,"1,219",0,0,1,,1,1,1,1,1,1,1,,-1,-1,-1,-1,-1,-1,-1,,0,0,0,0,0,0,0,,$0.00,$0.00,$0.00,$5.49,$0.00,$0.00,$0.00,,$0.00,$0.00,$0.00,$0.00,$0.00,$0.00,$0.00
7359139456269418501,chrismiller5841,0,0,0,0,0,0,0,,1,1,1,1,1,1,1,,-1,-1,-1,-1,-1,-1,-1,,0,0,0,0,0,0,0,,$0.00,$0.00,$0.00,$0.00,$0.00,$0.00,$0.00,,$0.00,$0.00,$0.00,$0.00,$0.00,$0.00,$0.00
7359138782219698182,tjdub_,0,137,0,0,9,0,0,,1,1,1,1,1,1,1,,-1,-1,-1,-1,-1,-1,-1,,0,0,0,0,0,0,0,,$0.00,$0.62,$0.00,$0.00,$0.04,$0.00,$0.00,,$0.00,$0.00,$0.00,$0.00,$0.00,$0.00,$0.00
7359139070053777414,stephanie_092294,0,0,0,0,0,0,0,,1,1,1,1,1,1,1,,-1,-1,-1,-1,-1,-1,-1,,0,0,0,0,0,0,0,,$0.00,$0.00,$0.00,$0.00,$0.00,$0.00,$0.00,,$0.00,$0.00,$0.00,$0.00,$0.00,$0.00,$0.00
7363729312689963025,julianpalacios2001,0,"29,496","8,695","17,184","7,122",836,288,,1,1,1,1,1,1,1,,-1,3,3,3,2,2,3,,0,0,0,0,0,0,0,,$0.00,$132.73,$39.13,$77.33,$32.05,$3.76,$1.30,,$0.00,$0.00,$0.00,$0.00,$0.00,$0.00,$0.00
7359139572674232325,moji.music,"18,922","45,861","35,635","8,856",64,"10,930","12,628",,1,1,1,1,1,1,1,,-1,1,-1,-1,-1,-1,-1,,0,0,0,0,0,0,0,,$85.15,$206.37,$160.36,$39.85,$0.29,$49.19,$56.83,,$0.00,$0.00,$0.00,$0.00,$0.00,$0.00,$0.00
7359686639905718273,#N/A,,,,,"1,843","1,686",16,,,,,,1,1,1,,,,,,-1,-1,-1,,0,0,0,0,0,0,0,,$0.00,$0.00,$0.00,$0.00,$8.29,$7.59,$0.07,,,$0.00,$0.00,$0.00,$0.00,$0.00,$0.00
7359139642425507846,ctsorrell,0,0,140,"11,865",3,0,"13,544",,1,1,1,1,1,1,1,,-1,-1,-1,-1,-1,-1,-1,,0,0,0,0,0,0,0,,$0.00,$0.00,$0.63,$53.39,$0.01,$0.00,$60.95,,$0.00,$0.00,$0.00,$0.00,$0.00,$0.00,$0.00
7359139692660588549,moonxbrattx,0,0,19,500,25,259,"7,160",,1,1,1,1,1,1,1,,-1,-1,-1,-1,-1,-1,-1,,0,0,0,0,0,0,0,,$0.00,$0.00,$0.09,$2.25,$0.11,$1.17,$32.22,,$0.00,$0.00,$0.00,$0.00,$0.00,$0.00,$0.00
7359139856754376709,mf.josh,0,0,0,0,"2,707",842,0,,1,1,1,1,1,1,1,,-1,-1,-1,-1,-1,-1,-1,,0,0,0,0,0,0,0,,$0.00,$0.00,$0.00,$0.00,$12.18,$3.79,$0.00,,$0.00,$0.00,$0.00,$0.00,$0.00,$0.00,$0.00
7359139490306195461,tu_dolor_de_nalga,0,8,84,433,628,67,290,,1,1,1,1,1,1,1,,-1,-1,-1,-1,-1,-1,-1,,0,0,0,0,0,0,0,,$0.00,$0.04,$0.38,$1.95,$2.83,$0.30,$1.31,,$0.00,$0.00,$0.00,$0.00,$0.00,$0.00,$0.00
7363316839583268881,darland.jason,0,0,100,"2,043",31,5,200,,1,1,1,1,1,1,1,,-1,-1,-1,-1,-1,-1,-1,,0,0,0,0,0,0,0,,$0.00,$0.00,$0.45,$9.19,$0.14,$0.02,$0.90,,$0.00,$0.00,$0.00,$0.00,$0.00,$0.00,$0.00
7363414198677979137,doseof.tayyy,"4,442","2,821","4,763","2,918",380,"3,087","1,285",,1,1,1,1,1,1,1,,-1,2,3,0,-1,2,-1,,0,0,0,0,0,0,0,,$19.99,$12.69,$21.43,$13.13,$1.71,$13.89,$5.78,,$0.00,$0.00,$0.00,$0.00,$0.00,$0.00,$0.00
7359679510746415120,coophewitt,0,269,"1,051",733,"1,191",147,686,,1,1,1,1,1,1,1,,-1,-1,-1,-1,-1,-1,-1,,0,0,0,0,0,0,0,,$0.00,$1.21,$4.73,$3.30,$5.36,$0.66,$3.09,,$0.00,$0.00,$0.00,$0.00,$0.00,$0.00,$0.00
7361660026877952017,x_dark_one_x,0,0,0,0,100,0,0,,1,1,1,1,1,1,1,,-1,-1,-1,-1,-1,-1,-1,,0,0,0,0,0,0,0,,$0.00,$0.00,$0.00,$0.00,$0.45,$0.00,$0.00,,$0.00,$0.00,$0.00,$0.00,$0.00,$0.00,$0.00
7359139652948754437,carmlllababy,0,0,0,0,501,0,0,,1,1,1,1,1,1,1,,-1,-1,-1,-1,-1,-1,-1,,0,0,0,0,0,0,0,,$0.00,$0.00,$0.00,$0.00,$2.25,$0.00,$0.00,,$0.00,$0.00,$0.00,$0.00,$0.00,$0.00,$0.00
7359139726131003398,real.estate.agent,0,0,148,685,0,0,"1,069",,1,1,1,1,1,1,1,,-1,-1,-1,-1,-1,-1,-1,,0,0,0,0,0,0,0,,$0.00,$0.00,$0.67,$3.08,$0.00,$0.00,$4.81,,$0.00,$0.00,$0.00,$0.00,$0.00,$0.00,$0.00
7363575522313682945,mgoldcreative,0,0,0,0,0,0,7,,1,1,1,1,1,1,1,,-1,-1,-1,-1,-1,-1,-1,,0,0,0,0,0,0,0,,$0.00,$0.00,$0.00,$0.00,$0.00,$0.00,$0.03,,$0.00,$0.00,$0.00,$0.00,$0.00,$0.00,$0.00
7363328581453398017,katiemarie.creates,0,0,0,0,0,0,0,,1,1,1,1,1,1,1,,-1,-1,-1,-1,-1,-1,-1,,0,0,0,0,0,0,0,,$0.00,$0.00,$0.00,$0.00,$0.00,$0.00,$0.00,,$0.00,$0.00,$0.00,$0.00,$0.00,$0.00,$0.00
7359694020223795217,#N/A,,,,,,,3,,,,,,,,1,,,,,,,,-1,,0,0,0,0,0,0,0,,$0.00,$0.00,$0.00,$0.00,$0.00,$0.00,$0.01,,,$0.00,$0.00,$0.00,$0.00,$0.00,$0.00
7359139697056317446,lady.lemonade1,0,0,0,0,0,0,0,,1,1,1,1,1,1,1,,-1,-1,-1,-1,-1,-1,-1,,0,0,0,0,0,0,0,,$0.00,$0.00,$0.00,$0.00,$0.00,$0.00,$0.00,,$0.00,$0.00,$0.00,$0.00,$0.00,$0.00,$0.00
7359430506221486096,brookstravels,0,0,0,0,0,0,0,,1,1,1,1,1,1,1,,-1,-1,-1,-1,-1,-1,-1,,0,0,0,0,0,0,0,,$0.00,$0.00,$0.00,$0.00,$0.00,$0.00,$0.00,,$0.00,$0.00,$0.00,$0.00,$0.00,$0.00,$0.00
7359139487475171333,breydonwhite,0,0,0,0,0,0,0,,1,1,1,1,1,1,1,,-1,-1,-1,-1,-1,-1,-1,,0,0,0,0,0,0,0,,$0.00,$0.00,$0.00,$0.00,$0.00,$0.00,$0.00,,$0.00,$0.00,$0.00,$0.00,$0.00,$0.00,$0.00
7368626525710794769,daisy_dew4,"1,694,932","2,684,924","3,711,770","2,595,071","1,528,466","515,308","905,856",,7,7,8,7,6,5,5,,-1,5,5,5,5,5,5,,"11,000",0,"113,000",0,0,0,0,,"$7,627.19","$12,082.16","$16,702.97","$11,677.82","$6,878.10","$2,318.89","$4,076.35",,$0.00,$0.00,$927.94,$648.77,$0.00,$0.00,$0.00
7364134731081924609,modern_ragnar_1.0,"1,544","20,012","33,810","38,512","14,227","6,907","7,215",,1,1,1,1,1,1,1,,-1,3,5,5,1,2,-1,,0,0,0,0,0,0,0,,$6.95,$90.05,$152.15,$173.30,$64.02,$31.08,$32.47,,$0.00,$0.00,$0.00,$0.00,$0.00,$0.00,$0.00
7371646533651005456,sayeh2002,0,0,0,0,0,0,0,,1,1,1,1,1,1,1,,-1,-1,-1,-1,-1,-1,-1,,0,0,0,0,0,0,0,,$0.00,$0.00,$0.00,$0.00,$0.00,$0.00,$0.00,,$0.00,$0.00,$0.00,$0.00,$0.00,$0.00,$0.00
7359139753872097285,raatheone,0,0,0,0,0,0,0,,1,1,1,1,1,1,1,,-1,-1,-1,-1,-1,-1,-1,,0,0,0,0,0,0,0,,$0.00,$0.00,$0.00,$0.00,$0.00,$0.00,$0.00,,$0.00,$0.00,$0.00,$0.00,$0.00,$0.00,$0.00
7371387539011371009,kieranroyce,0,0,0,716,0,0,0,,1,1,1,1,1,1,1,,-1,-1,-1,-1,-1,-1,-1,,0,0,0,0,0,0,0,,$0.00,$0.00,$0.00,$3.22,$0.00,$0.00,$0.00,,$0.00,$0.00,$0.00,$0.00,$0.00,$0.00,$0.00
7363815617020936193,dallrulz,0,0,0,0,0,0,0,,1,1,1,1,1,1,1,,-1,-1,-1,-1,-1,-1,-1,,0,0,0,0,0,0,0,,$0.00,$0.00,$0.00,$0.00,$0.00,$0.00,$0.00,,$0.00,$0.00,$0.00,$0.00,$0.00,$0.00,$0.00
7369837133156352017,crazytrainfizzness,0,0,0,0,0,0,0,,1,1,1,1,1,1,1,,-1,-1,-1,-1,-1,-1,-1,,0,0,0,0,0,0,0,,$0.00,$0.00,$0.00,$0.00,$0.00,$0.00,$0.00,,$0.00,$0.00,$0.00,$0.00,$0.00,$0.00,$0.00
7369789931272683537,kittyliciouslashes,0,"1,455",0,"4,269",,0,0,,1,1,1,1,,1,1,,-1,-1,-1,-1,,-1,-1,,0,0,0,0,0,0,0,,$0.00,$6.55,$0.00,$19.21,$0.00,$0.00,$0.00,,$0.00,$0.00,$0.00,$0.00,$0.00,$0.00,$0.00
7368326124058771457,ag_humphries,0,0,0,0,5,0,0,,1,1,1,1,1,1,1,,-1,-1,-1,-1,-1,-1,-1,,0,0,0,0,0,0,0,,$0.00,$0.00,$0.00,$0.00,$0.02,$0.00,$0.00,,$0.00,$0.00,$0.00,$0.00,$0.00,$0.00,$0.00
7364254871526359057,katealllison,0,0,0,0,0,0,202,,1,1,1,1,1,1,1,,-1,-1,-1,-1,-1,-1,-1,,0,0,0,0,0,0,0,,$0.00,$0.00,$0.00,$0.00,$0.00,$0.00,$0.91,,$0.00,$0.00,$0.00,$0.00,$0.00,$0.00,$0.00
7367107210025156624,indiamckenzie4,0,0,0,0,0,0,0,,1,1,1,1,1,1,1,,-1,-1,-1,-1,-1,-1,-1,,0,0,0,0,0,0,0,,$0.00,$0.00,$0.00,$0.00,$0.00,$0.00,$0.00,,$0.00,$0.00,$0.00,$0.00,$0.00,$0.00,$0.00
7367590798294089744,foster_girl7,0,0,0,0,0,0,0,,1,1,1,1,1,1,1,,-1,-1,-1,-1,-1,-1,-1,,0,0,0,0,0,0,0,,$0.00,$0.00,$0.00,$0.00,$0.00,$0.00,$0.00,,$0.00,$0.00,$0.00,$0.00,$0.00,$0.00,$0.00
7371144282998095888,annikaklarissa,0,0,0,0,0,0,0,,1,1,1,1,1,1,1,,-1,-1,-1,-1,-1,-1,-1,,0,0,0,0,0,0,0,,$0.00,$0.00,$0.00,$0.00,$0.00,$0.00,$0.00,,$0.00,$0.00,$0.00,$0.00,$0.00,$0.00,$0.00
7367578011811627024,cityboiup,0,0,0,0,0,0,0,,1,1,1,1,1,1,1,,-1,-1,-1,-1,-1,-1,-1,,0,0,0,0,0,0,0,,$0.00,$0.00,$0.00,$0.00,$0.00,$0.00,$0.00,,$0.00,$0.00,$0.00,$0.00,$0.00,$0.00,$0.00
7363815298996420624,ogtittymilk,0,0,0,0,0,0,0,,1,1,1,1,1,1,1,,-1,-1,-1,-1,-1,-1,-1,,0,0,0,0,0,0,0,,$0.00,$0.00,$0.00,$0.00,$0.00,$0.00,$0.00,,$0.00,$0.00,$0.00,$0.00,$0.00,$0.00,$0.00
7367054125370228752,trnd.products,0,0,0,0,0,0,0,,1,1,1,1,1,1,1,,-1,-1,-1,-1,-1,-1,-1,,0,0,0,0,0,0,0,,$0.00,$0.00,$0.00,$0.00,$0.00,$0.00,$0.00,,$0.00,$0.00,$0.00,$0.00,$0.00,$0.00,$0.00
7379128586931929104,kingeloteroman,9,348,337,"1,226","4,600","9,227","6,405",,1,1,1,1,1,1,1,,-1,1,1,3,5,5,5,,0,0,0,0,0,0,0,,$0.04,$1.57,$1.52,$5.52,$20.70,$41.52,$28.82,,$0.00,$0.00,$0.00,$0.00,$0.00,$0.00,$0.00
7375048727318446081,samschofield41,0,"6,183","241,349","30,046",894,"2,895","9,183",,1,1,3,1,1,1,1,,-1,-1,5,3,0,1,2,,0,0,0,0,0,0,0,,$0.00,$27.82,"$1,086.07",$135.21,$4.02,$13.03,$41.32,,$0.00,$0.00,$0.00,$0.00,$0.00,$0.00,$0.00
7379451629730299905,thesequelscream,0,0,0,0,0,0,12,,1,1,1,1,1,1,1,,-1,-1,-1,-1,-1,-1,-1,,0,0,0,0,0,0,0,,$0.00,$0.00,$0.00,$0.00,$0.00,$0.00,$0.05,,$0.00,$0.00,$0.00,$0.00,$0.00,$0.00,$0.00
7359135262674452485,nantsinthepants,0,0,107,556,0,"1,339",681,,1,1,1,1,1,1,1,,-1,-1,-1,-1,-1,-1,-1,,0,0,0,0,0,0,0,,$0.00,$0.00,$0.48,$2.50,$0.00,$6.03,$3.06,,$0.00,$0.00,$0.00,$0.00,$0.00,$0.00,$0.00
7359135422100013061,kittydollface,15,126,592,5,0,0,0,,1,1,1,1,1,1,1,,-1,-1,-1,-1,-1,-1,-1,,0,0,0,0,0,0,0,,$0.07,$0.57,$2.66,$0.02,$0.00,$0.00,$0.00,,$0.00,$0.00,$0.00,$0.00,$0.00,$0.00,$0.00
7385256657963499537,sammirios_,0,"1,466","2,300",4,78,"6,790","3,780",,1,1,1,1,1,1,1,,-1,-1,-1,-1,-1,-1,-1,,0,0,0,0,0,0,0,,$0.00,$6.60,$10.35,$0.02,$0.35,$30.56,$17.01,,$0.00,$0.00,$0.00,$0.00,$0.00,$0.00,$0.00
7381314181145935889,amandamleon,0,0,1,63,"2,745",0,0,,1,1,1,1,1,1,1,,-1,-1,-1,-1,-1,-1,-1,,0,0,0,0,0,0,0,,$0.00,$0.00,$0.00,$0.28,$12.35,$0.00,$0.00,,$0.00,$0.00,$0.00,$0.00,$0.00,$0.00,$0.00
7384899651138404353,kimmylexiek,0,0,6,0,0,0,7,,1,1,1,1,1,1,1,,-1,-1,-1,-1,-1,-1,-1,,0,0,0,0,0,0,0,,$0.00,$0.00,$0.03,$0.00,$0.00,$0.00,$0.03,,$0.00,$0.00,$0.00,$0.00,$0.00,$0.00,$0.00
7377491607463018512,killbunkmusic,0,0,0,0,0,0,0,,1,1,1,1,1,1,1,,-1,-1,-1,-1,-1,-1,-1,,0,0,0,0,0,0,0,,$0.00,$0.00,$0.00,$0.00,$0.00,$0.00,$0.00,,$0.00,$0.00,$0.00,$0.00,$0.00,$0.00,$0.00
7359137468693872645,shedofficials,"7,306","43,839","64,444","9,481","67,521","58,363",,,1,1,1,1,1,1,,,-1,3,4,-1,5,4,,,0,0,0,0,0,0,0,,$32.88,$197.28,$290.00,$42.66,$303.84,$262.63,$0.00,,$0.00,$0.00,$0.00,$0.00,$0.00,$0.00,$0.00
7359135857971920902,musicalnugget,"104,276","634,987","789,429","534,598","2,354,511","597,235","375,108",,2,5,5,5,7,5,4,,-1,3,3,1,3,3,3,,0,0,0,0,0,0,0,,$469.24,"$2,857.44","$3,552.43","$2,405.69","$10,595.30","$2,687.56","$1,687.99",,$0.00,$0.00,$0.00,$0.00,$0.00,$0.00,$0.00
7391102885259690001,riahx2x,0,28,107,"73,390","10,756","38,325","36,304",,1,1,1,1,1,1,1,,-1,-1,-1,-1,-1,4,4,,0,0,0,0,0,0,0,,$0.00,$0.13,$0.48,$330.26,$48.40,$172.46,$163.37,,$0.00,$0.00,$0.00,$0.00,$0.00,$0.00,$0.00
7386895531936727041,foreveryapping,58,"10,667","26,570","31,812","51,990","18,596","31,420",,1,1,1,1,1,1,1,,-1,1,1,2,4,1,4,,0,0,0,0,0,0,0,,$0.26,$48.00,$119.57,$143.15,$233.96,$83.68,$141.39,,$0.00,$0.00,$0.00,$0.00,$0.00,$0.00,$0.00
7389049411298574352,gfmusic27,0,"1,175",0,1,0,11,0,,1,1,1,1,1,1,1,,-1,-1,-1,-1,-1,-1,-1,,0,0,0,0,0,0,0,,$0.00,$5.29,$0.00,$0.00,$0.00,$0.05,$0.00,,$0.00,$0.00,$0.00,$0.00,$0.00,$0.00,$0.00
7390780180744355841,talkwithyourfingers,0,669,"1,939","13,890","1,863","4,240","8,761",,1,1,1,1,1,1,1,,-1,-1,-1,-1,-1,-1,-1,,0,0,0,0,0,0,0,,$0.00,$3.01,$8.73,$62.51,$8.38,$19.08,$39.42,,$0.00,$0.00,$0.00,$0.00,$0.00,$0.00,$0.00
7389722430337728528,daltonharris_,0,0,0,0,101,0,0,,1,1,1,1,1,1,1,,-1,-1,-1,-1,-1,-1,-1,,0,0,0,0,0,0,0,,$0.00,$0.00,$0.00,$0.00,$0.45,$0.00,$0.00,,$0.00,$0.00,$0.00,$0.00,$0.00,$0.00,$0.00
7391918697927032848,owlympian4,0,0,0,0,0,6,6,,1,1,1,1,1,1,1,,-1,-1,-1,-1,-1,-1,-1,,0,0,0,0,0,0,0,,$0.00,$0.00,$0.00,$0.00,$0.00,$0.03,$0.03,,$0.00,$0.00,$0.00,$0.00,$0.00,$0.00,$0.00
7389887665182818321,due.4a.win_,0,0,0,0,0,0,0,,1,1,1,1,1,1,1,,-1,-1,-1,-1,-1,-1,-1,,0,0,0,0,0,0,0,,$0.00,$0.00,$0.00,$0.00,$0.00,$0.00,$0.00,,$0.00,$0.00,$0.00,$0.00,$0.00,$0.00,$0.00
7393099990975004689,savi_trends,0,0,0,0,0,0,0,,1,1,1,1,1,1,1,,-1,-1,-1,-1,-1,-1,-1,,0,0,0,0,0,0,0,,$0.00,$0.00,$0.00,$0.00,$0.00,$0.00,$0.00,,$0.00,$0.00,$0.00,$0.00,$0.00,$0.00,$0.00
7386880141139427344,janettlyy,0,0,0,2,0,0,46,,1,1,1,1,1,1,1,,-1,-1,-1,-1,-1,-1,-1,,0,0,0,0,0,0,0,,$0.00,$0.00,$0.00,$0.01,$0.00,$0.00,$0.21,,$0.00,$0.00,$0.00,$0.00,$0.00,$0.00,$0.00
7397914860576587792,layeredfanatic6,0,0,0,0,0,0,0,,1,1,1,1,1,1,1,,-1,-1,-1,-1,-1,-1,-1,,0,0,0,0,0,0,0,,$0.00,$0.00,$0.00,$0.00,$0.00,$0.00,$0.00,,$0.00,$0.00,$0.00,$0.00,$0.00,$0.00,$0.00
7391292864048676880,b.angelofficial,0,0,0,0,0,0,0,,1,1,1,1,1,1,1,,-1,-1,-1,-1,-1,-1,-1,,0,0,0,0,0,0,0,,$0.00,$0.00,$0.00,$0.00,$0.00,$0.00,$0.00,,$0.00,$0.00,$0.00,$0.00,$0.00,$0.00,$0.00
7387412064681213969,blakenwake,0,0,0,0,0,0,0,,1,1,1,1,1,1,1,,-1,-1,-1,-1,-1,-1,-1,,0,0,0,0,0,0,0,,$0.00,$0.00,$0.00,$0.00,$0.00,$0.00,$0.00,,$0.00,$0.00,$0.00,$0.00,$0.00,$0.00,$0.00
7389792998080561153,dopeyblendz,0,0,0,0,0,0,0,,1,1,1,1,1,1,1,,-1,-1,-1,-1,-1,-1,-1,,0,0,0,0,0,0,0,,$0.00,$0.00,$0.00,$0.00,$0.00,$0.00,$0.00,,$0.00,$0.00,$0.00,$0.00,$0.00,$0.00,$0.00
7389889718487531521,iamcaseyclare,0,0,0,0,0,0,0,,1,1,1,1,1,1,1,,-1,-1,-1,-1,-1,-1,-1,,0,0,0,0,0,0,0,,$0.00,$0.00,$0.00,$0.00,$0.00,$0.00,$0.00,,$0.00,$0.00,$0.00,$0.00,$0.00,$0.00,$0.00
7391186570117890065,elizabeth.grego,0,0,0,0,0,0,0,,1,1,1,1,1,1,1,,-1,-1,-1,-1,-1,-1,-1,,0,0,0,0,0,0,0,,$0.00,$0.00,$0.00,$0.00,$0.00,$0.00,$0.00,,$0.00,$0.00,$0.00,$0.00,$0.00,$0.00,$0.00
7405584046161412113,tbone_ga,"25,695","126,637","112,162","106,626","91,714","163,633","146,979",,1,2,2,2,1,2,2,,-1,4,5,5,4,3,3,,0,0,0,0,0,0,0,,$115.63,$569.87,$504.73,$479.82,$412.71,$736.35,$661.41,,$0.00,$0.00,$0.00,$0.00,$0.00,$0.00,$0.00
7402863261353312273,fatalparadox11877,0,207,0,1,36,175,42,,1,1,1,1,1,1,1,,-1,-1,-1,-1,-1,2,-1,,0,0,0,0,0,0,0,,$0.00,$0.93,$0.00,$0.00,$0.16,$0.79,$0.19,,$0.00,$0.00,$0.00,$0.00,$0.00,$0.00,$0.00
7359135084660129797,jordan_shier,0,0,5,207,0,40,6,,1,1,1,1,1,1,1,,-1,-1,-1,-1,-1,-1,-1,,0,0,0,0,0,0,0,,$0.00,$0.00,$0.02,$0.93,$0.00,$0.18,$0.03,,$0.00,$0.00,$0.00,$0.00,$0.00,$0.00,$0.00
7359139443036389382,hotsenorita2,7,613,102,993,614,"1,230",203,,1,1,1,1,1,1,1,,-1,1,1,-1,3,3,2,,0,0,0,0,0,0,0,,$0.03,$2.76,$0.46,$4.47,$2.76,$5.54,$0.91,,$0.00,$0.00,$0.00,$0.00,$0.00,$0.00,$0.00
7398369743926804497,ryanrevard,808,"12,286","5,621","5,505","12,513","38,913","17,946",,1,1,1,1,1,1,1,,-1,1,-1,-1,-1,1,-1,,0,0,0,0,0,0,0,,$3.64,$55.29,$25.29,$24.77,$56.31,$175.11,$80.76,,$0.00,$0.00,$0.00,$0.00,$0.00,$0.00,$0.00
7401303186457444368,codenamekodi,104,"9,118","4,242","5,595","33,272","14,771","11,202",,1,1,1,1,1,1,1,,-1,-1,-1,-1,-1,0,-1,,0,0,0,0,0,0,0,,$0.47,$41.03,$19.09,$25.18,$149.72,$66.47,$50.41,,$0.00,$0.00,$0.00,$0.00,$0.00,$0.00,$0.00
7359135918558576646,amyluwho982,406,"1,671","2,313","6,216",715,"3,193","4,284",,1,1,1,1,1,1,1,,-1,2,1,3,1,1,1,,0,0,0,0,0,0,0,,$1.83,$7.52,$10.41,$27.97,$3.22,$14.37,$19.28,,$0.00,$0.00,$0.00,$0.00,$0.00,$0.00,$0.00
7359139528692662278,#N/A,0,"4,860","2,959",810,969,"2,838","29,289",,1,1,1,1,1,1,1,,-1,-1,-1,-1,-1,-1,0,,0,0,0,0,0,0,0,,$0.00,$21.87,$13.32,$3.65,$4.36,$12.77,$131.80,,,$0.00,$0.00,$0.00,$0.00,$0.00,$0.00
7405592604387246096,hunterreesepena,0,0,0,250,"4,702",1,205,,1,1,1,1,1,1,1,,-1,-1,-1,-1,-1,-1,-1,,0,0,0,0,0,0,0,,$0.00,$0.00,$0.00,$1.13,$21.16,$0.00,$0.92,,$0.00,$0.00,$0.00,$0.00,$0.00,$0.00,$0.00
7404186556812214289,#N/A,,,,"1,890",498,0,0,,,,,1,1,1,1,,,,,-1,-1,-1,-1,,0,0,0,0,0,0,0,,$0.00,$0.00,$0.00,$8.51,$2.24,$0.00,$0.00,,,$0.00,$0.00,$0.00,$0.00,$0.00,$0.00
7403953558330032145,annaaweartist,631,"36,744",275,"22,920","13,495","13,925","1,001",,1,1,1,1,1,1,1,,-1,1,-1,-1,-1,-1,-1,,0,0,0,0,0,0,0,,$2.84,$165.35,$1.24,$103.14,$60.73,$62.66,$4.50,,$0.00,$0.00,$0.00,$0.00,$0.00,$0.00,$0.00
7398434150094553105,az.babe,0,0,0,0,0,0,0,,1,1,1,1,1,1,1,,-1,-1,-1,-1,-1,-1,-1,,0,0,0,0,0,0,0,,$0.00,$0.00,$0.00,$0.00,$0.00,$0.00,$0.00,,$0.00,$0.00,$0.00,$0.00,$0.00,$0.00,$0.00
7401316826170277905,mariah_rodrice,0,0,0,0,0,13,0,,1,1,1,1,1,1,1,,-1,-1,-1,-1,-1,-1,-1,,0,0,0,0,0,0,0,,$0.00,$0.00,$0.00,$0.00,$0.00,$0.06,$0.00,,$0.00,$0.00,$0.00,$0.00,$0.00,$0.00,$0.00
7402356102475694081,dr.labrasca,0,1,48,356,2,13,18,,1,1,1,1,1,1,1,,-1,-1,-1,-1,-1,-1,-1,,0,0,0,0,0,0,0,,$0.00,$0.00,$0.22,$1.60,$0.01,$0.06,$0.08,,$0.00,$0.00,$0.00,$0.00,$0.00,$0.00,$0.00
7398345100306366480,sociopeep,0,0,0,0,0,0,0,,1,1,1,1,1,1,1,,-1,-1,-1,-1,-1,-1,-1,,0,0,0,0,0,0,0,,$0.00,$0.00,$0.00,$0.00,$0.00,$0.00,$0.00,,$0.00,$0.00,$0.00,$0.00,$0.00,$0.00,$0.00
7359135905594114054,shyannesmusic,0,0,168,0,0,0,0,,1,1,1,1,1,1,1,,-1,-1,-1,-1,-1,-1,-1,,0,0,0,0,0,0,0,,$0.00,$0.00,$0.76,$0.00,$0.00,$0.00,$0.00,,$0.00,$0.00,$0.00,$0.00,$0.00,$0.00,$0.00
7401098349325107217,theonlyjoxo,0,0,0,0,0,0,0,,1,1,1,1,1,1,1,,-1,-1,-1,-1,-1,-1,-1,,0,0,0,0,0,0,0,,$0.00,$0.00,$0.00,$0.00,$0.00,$0.00,$0.00,,$0.00,$0.00,$0.00,$0.00,$0.00,$0.00,$0.00
7359135262670159878,.thefittestrealtor,0,0,0,0,0,0,0,,1,1,1,1,1,1,1,,-1,-1,-1,-1,-1,-1,-1,,0,0,0,0,0,0,0,,$0.00,$0.00,$0.00,$0.00,$0.00,$0.00,$0.00,,$0.00,$0.00,$0.00,$0.00,$0.00,$0.00,$0.00
7402978703376105488,manaquinn777,0,0,0,0,0,0,0,,1,1,1,1,1,1,1,,-1,-1,-1,-1,-1,-1,-1,,0,0,0,0,0,0,0,,$0.00,$0.00,$0.00,$0.00,$0.00,$0.00,$0.00,,$0.00,$0.00,$0.00,$0.00,$0.00,$0.00,$0.00
7417960855335354369,#N/A,,,,,,"661,467","1,862,404",,,,,,,5,7,,,,,,,2,5,,0,0,0,0,0,0,0,,$0.00,$0.00,$0.00,$0.00,$0.00,"$2,976.60","$8,380.82",,,$0.00,$0.00,$0.00,$0.00,$0.00,$465.60
7409743090665242641,#N/A,,,,,,"185,659","1,310,166",,,,,,,2,6,,,,,,,-1,5,,0,0,0,0,0,0,0,,$0.00,$0.00,$0.00,$0.00,$0.00,$835.47,"$5,895.75",,,$0.00,$0.00,$0.00,$0.00,$0.00,$327.54
7415856990070751233,zezecod,"1,633","29,759",0,0,0,"26,343","55,164",,1,1,1,1,1,1,1,,-1,1,-1,-1,-1,2,3,,0,0,0,0,0,0,0,,$7.35,$133.92,$0.00,$0.00,$0.00,$118.54,$248.24,,$0.00,$0.00,$0.00,$0.00,$0.00,$0.00,$0.00
7409457835299356689,boundmanlove,0,0,27,149,"1,604","1,839",0,,1,1,1,1,1,1,1,,-1,-1,-1,-1,0,2,-1,,0,0,0,0,0,0,0,,$0.00,$0.00,$0.12,$0.67,$7.22,$8.28,$0.00,,$0.00,$0.00,$0.00,$0.00,$0.00,$0.00,$0.00
7416879681435238401,nadjakuzmanich2,0,0,0,0,0,0,0,,1,1,1,1,1,1,1,,-1,-1,-1,-1,-1,-1,-1,,0,0,0,0,0,0,0,,$0.00,$0.00,$0.00,$0.00,$0.00,$0.00,$0.00,,$0.00,$0.00,$0.00,$0.00,$0.00,$0.00,$0.00
7413973179343011857,ellezworld__,0,0,0,0,0,0,0,,1,1,1,1,1,1,1,,-1,-1,-1,-1,-1,-1,-1,,0,0,0,0,0,0,0,,$0.00,$0.00,$0.00,$0.00,$0.00,$0.00,$0.00,,$0.00,$0.00,$0.00,$0.00,$0.00,$0.00,$0.00
7412792043950374913,staychillwill,0,0,0,0,1,0,0,,1,1,1,1,1,1,1,,-1,-1,-1,-1,-1,-1,-1,,0,0,0,0,0,0,0,,$0.00,$0.00,$0.00,$0.00,$0.00,$0.00,$0.00,,$0.00,$0.00,$0.00,$0.00,$0.00,$0.00,$0.00
7416508596743176193,kingchrxstine,0,0,0,0,0,0,0,,1,1,1,1,1,1,1,,-1,-1,-1,-1,-1,-1,-1,,0,0,0,0,0,0,0,,$0.00,$0.00,$0.00,$0.00,$0.00,$0.00,$0.00,,$0.00,$0.00,$0.00,$0.00,$0.00,$0.00,$0.00
7413595587108405265,child_king77777,0,0,0,0,0,0,0,,1,1,1,1,1,1,1,,-1,-1,-1,-1,-1,-1,-1,,0,0,0,0,0,0,0,,$0.00,$0.00,$0.00,$0.00,$0.00,$0.00,$0.00,,$0.00,$0.00,$0.00,$0.00,$0.00,$0.00,$0.00
7359134706153127941,lil.mishr00m,0,0,0,106,0,0,0,,1,1,1,1,1,1,1,,-1,-1,-1,-1,-1,-1,-1,,0,0,0,0,0,0,0,,$0.00,$0.00,$0.00,$0.48,$0.00,$0.00,$0.00,,$0.00,$0.00,$0.00,$0.00,$0.00,$0.00,$0.00
7413973748551909393,idaffne,0,0,170,1,0,0,1,,1,1,1,1,1,1,1,,-1,-1,-1,-1,-1,-1,-1,,0,0,0,0,0,0,0,,$0.00,$0.00,$0.77,$0.00,$0.00,$0.00,$0.00,,$0.00,$0.00,$0.00,$0.00,$0.00,$0.00,$0.00
7359135748278190085,troydewberrymusic,0,0,0,0,0,0,0,,1,1,1,1,1,1,1,,-1,-1,-1,-1,-1,-1,-1,,0,0,0,0,0,0,0,,$0.00,$0.00,$0.00,$0.00,$0.00,$0.00,$0.00,,$0.00,$0.00,$0.00,$0.00,$0.00,$0.00,$0.00
7415066153170518032,pannell.emma,0,0,0,0,0,0,0,,1,1,1,1,1,1,1,,-1,-1,-1,-1,-1,-1,-1,,0,0,0,0,0,0,0,,$0.00,$0.00,$0.00,$0.00,$0.00,$0.00,$0.00,,$0.00,$0.00,$0.00,$0.00,$0.00,$0.00,$0.00
7418364129158791185,linedancerbrooke,0,0,0,0,0,0,0,,1,1,1,1,1,1,1,,-1,-1,-1,-1,-1,-1,-1,,0,0,0,0,0,0,0,,$0.00,$0.00,$0.00,$0.00,$0.00,$0.00,$0.00,,$0.00,$0.00,$0.00,$0.00,$0.00,$0.00,$0.00
7409460148344733713,sonika.vaid,0,0,0,0,0,0,0,,1,1,1,1,1,1,1,,-1,-1,-1,-1,-1,-1,-1,,0,0,0,0,0,0,0,,$0.00,$0.00,$0.00,$0.00,$0.00,$0.00,$0.00,,$0.00,$0.00,$0.00,$0.00,$0.00,$0.00,$0.00
7424945523473514497,v3lueta,11,164,"1,003",64,98,348,805,,1,1,1,1,1,1,1,,-1,-1,-1,-1,-1,-1,2,,0,0,0,0,0,0,0,,$0.05,$0.74,$4.51,$0.29,$0.44,$1.57,$3.62,,$0.00,$0.00,$0.00,$0.00,$0.00,$0.00,$0.00
7426443199394185233,jarajj1,0,337,"1,478",556,151,"1,340","1,300",,1,1,1,1,1,1,1,,-1,-1,-1,-1,-1,-1,-1,,0,0,0,0,0,0,0,,$0.00,$1.52,$6.65,$2.50,$0.68,$6.03,$5.85,,$0.00,$0.00,$0.00,$0.00,$0.00,$0.00,$0.00
7425644891335819265,amberlmccrea,0,502,578,"7,838",125,13,42,,1,1,1,1,1,1,1,,-1,-1,-1,-1,-1,-1,-1,,0,0,0,0,0,0,0,,$0.00,$2.26,$2.60,$35.27,$0.56,$0.06,$0.19,,$0.00,$0.00,$0.00,$0.00,$0.00,$0.00,$0.00
7421067575049601041,yayarodz007,106,151,60,"1,274",528,856,64,,1,1,1,1,1,1,1,,-1,-1,-1,-1,-1,-1,-1,,0,0,0,0,0,0,0,,$0.48,$0.68,$0.27,$5.73,$2.38,$3.85,$0.29,,$0.00,$0.00,$0.00,$0.00,$0.00,$0.00,$0.00
7426527818483236880,hotworkmusic,0,0,0,0,0,0,0,,1,1,1,1,1,1,1,,-1,-1,-1,-1,-1,-1,-1,,0,0,0,0,0,0,0,,$0.00,$0.00,$0.00,$0.00,$0.00,$0.00,$0.00,,$0.00,$0.00,$0.00,$0.00,$0.00,$0.00,$0.00
7421729618517835777,thatblondeodell21,0,10,0,7,3,"2,085",8,,1,1,1,1,1,1,1,,-1,-1,-1,-1,-1,-1,-1,,0,0,0,0,0,0,0,,$0.00,$0.05,$0.00,$0.03,$0.01,$9.38,$0.04,,$0.00,$0.00,$0.00,$0.00,$0.00,$0.00,$0.00
7430962860202901505,maggieharmonnn,0,0,7,1,1,2,222,,1,1,1,1,1,1,1,,-1,-1,-1,-1,-1,-1,-1,,0,0,0,0,0,0,0,,$0.00,$0.00,$0.03,$0.00,$0.00,$0.01,$1.00,,$0.00,$0.00,$0.00,$0.00,$0.00,$0.00,$0.00
7423969750620848129,#N/A,,,0,0,0,116,0,,,,1,1,1,1,1,,,,-1,-1,-1,-1,-1,,0,0,0,0,0,0,0,,$0.00,$0.00,$0.00,$0.00,$0.00,$0.52,$0.00,,,$0.00,$0.00,$0.00,$0.00,$0.00,$0.00
7421703951864643601,typicaljulieth,0,0,0,0,0,0,0,,1,1,1,1,1,1,1,,-1,-1,-1,-1,-1,-1,-1,,0,0,0,0,0,0,0,,$0.00,$0.00,$0.00,$0.00,$0.00,$0.00,$0.00,,$0.00,$0.00,$0.00,$0.00,$0.00,$0.00,$0.00
7430612680660189200,hazel_b_music,0,0,0,0,0,0,0,,1,1,1,1,1,1,1,,-1,-1,-1,-1,-1,-1,-1,,0,0,0,0,0,0,0,,$0.00,$0.00,$0.00,$0.00,$0.00,$0.00,$0.00,,$0.00,$0.00,$0.00,$0.00,$0.00,$0.00,$0.00
7421845838604828688,nlmbmeeky,0,0,"7,003","1,000","1,275","5,613",0,,1,1,1,1,1,1,1,,-1,-1,-1,-1,-1,-1,-1,,0,0,0,0,0,0,0,,$0.00,$0.00,$31.51,$4.50,$5.74,$25.26,$0.00,,$0.00,$0.00,$0.00,$0.00,$0.00,$0.00,$0.00
7425785766560858113,#N/A,,,0,0,0,0,0,,,,1,1,1,1,1,,,,-1,-1,-1,-1,-1,,0,0,0,0,0,0,0,,$0.00,$0.00,$0.00,$0.00,$0.00,$0.00,$0.00,,,$0.00,$0.00,$0.00,$0.00,$0.00,$0.00
7421759652805001217,_itskendalll,0,0,0,0,0,0,0,,1,1,1,1,1,1,1,,-1,-1,-1,-1,-1,-1,-1,,0,0,0,0,0,0,0,,$0.00,$0.00,$0.00,$0.00,$0.00,$0.00,$0.00,,$0.00,$0.00,$0.00,$0.00,$0.00,$0.00,$0.00
7433607263870517264,alexaraeemusic,"228,455","2,112,112","1,916,266","4,136,713","2,528,387","1,953,449","2,146,263",,3,7,7,8,7,7,7,,-1,3,3,4,5,5,4,,0,"20,000","35,000","70,000",0,"1,000",0,,"$1,028.05","$9,504.50","$8,623.20","$18,615.21","$11,377.74","$8,790.52","$9,658.18",,$0.00,$0.00,$0.00,"$1,034.18",$632.10,$488.36,$536.57
7435830178007449617,its_gigi_babi,"2,561","28,558","15,570","14,451","29,054","30,582","67,544",,1,1,1,1,1,1,1,,-1,5,5,2,3,4,3,,0,0,0,0,0,0,0,,$11.52,$128.51,$70.07,$65.03,$130.74,$137.62,$303.95,,$0.00,$0.00,$0.00,$0.00,$0.00,$0.00,$0.00
7370643117634224145,beautiful_soul_25,83,"9,085","19,698","25,363","12,402","11,334","13,403",,1,1,1,1,1,1,1,,-1,1,3,3,2,2,-1,,0,0,0,0,0,0,0,,$0.37,$40.88,$88.64,$114.13,$55.81,$51.00,$60.31,,$0.00,$0.00,$0.00,$0.00,$0.00,$0.00,$0.00
7433137488866164753,iluvgg_,229,"9,879","45,982",259,21,"2,055",25,,1,1,1,1,1,1,1,,-1,-1,1,-1,-1,-1,-1,,0,0,0,0,0,0,0,,$1.03,$44.46,$206.92,$1.17,$0.09,$9.25,$0.11,,$0.00,$0.00,$0.00,$0.00,$0.00,$0.00,$0.00
7433142229734293521,brookeventre,0,107,6,0,0,914,22,,1,1,1,1,1,1,1,,-1,-1,-1,-1,-1,-1,-1,,0,0,0,0,0,0,0,,$0.00,$0.48,$0.03,$0.00,$0.00,$4.11,$0.10,,$0.00,$0.00,$0.00,$0.00,$0.00,$0.00,$0.00
7438031460512055313,99boopyboopy,0,"11,024",0,0,"2,242",4,0,,1,1,1,1,1,1,1,,-1,-1,-1,-1,-1,-1,-1,,0,0,0,0,0,0,0,,$0.00,$49.61,$0.00,$0.00,$10.09,$0.02,$0.00,,$0.00,$0.00,$0.00,$0.00,$0.00,$0.00,$0.00
7433891077771476993,ohandblue,0,0,773,8,1,"1,289",1,,1,1,1,1,1,1,1,,-1,-1,-1,-1,-1,-1,-1,,0,0,0,0,0,0,0,,$0.00,$0.00,$3.48,$0.04,$0.00,$5.80,$0.00,,$0.00,$0.00,$0.00,$0.00,$0.00,$0.00,$0.00
7437320426143055889,sunshinebloomed,28,"6,701",388,0,0,"10,014","6,299",,1,1,1,1,1,1,1,,-1,-1,-1,-1,-1,0,0,,0,0,0,0,0,0,0,,$0.13,$30.15,$1.75,$0.00,$0.00,$45.06,$28.35,,$0.00,$0.00,$0.00,$0.00,$0.00,$0.00,$0.00
7439216255036293121,crystaldawson83,0,0,0,200,0,0,0,,1,1,1,1,1,1,1,,-1,-1,-1,-1,-1,-1,-1,,0,0,0,0,0,0,0,,$0.00,$0.00,$0.00,$0.90,$0.00,$0.00,$0.00,,$0.00,$0.00,$0.00,$0.00,$0.00,$0.00,$0.00
7436461793502855184,kayleecapo,0,213,485,"2,926",248,"7,374",0,,1,1,1,1,1,1,1,,-1,-1,-1,-1,-1,-1,-1,,0,0,0,0,0,0,0,,$0.00,$0.96,$2.18,$13.17,$1.12,$33.18,$0.00,,$0.00,$0.00,$0.00,$0.00,$0.00,$0.00,$0.00
7439788214732275729,222xbrii,0,0,0,0,0,0,0,,1,1,1,1,1,1,1,,-1,-1,-1,-1,-1,-1,-1,,0,0,0,0,0,0,0,,$0.00,$0.00,$0.00,$0.00,$0.00,$0.00,$0.00,,$0.00,$0.00,$0.00,$0.00,$0.00,$0.00,$0.00
7433257890686959633,wizardfroglive,0,0,0,0,0,0,0,,1,1,1,1,1,1,1,,-1,-1,-1,-1,-1,-1,-1,,0,0,0,0,0,0,0,,$0.00,$0.00,$0.00,$0.00,$0.00,$0.00,$0.00,,$0.00,$0.00,$0.00,$0.00,$0.00,$0.00,$0.00
7439971569637523457,ioninspire,0,0,0,0,0,0,0,,1,1,1,1,1,1,1,,-1,-1,-1,-1,-1,-1,-1,,0,0,0,0,0,0,0,,$0.00,$0.00,$0.00,$0.00,$0.00,$0.00,$0.00,,$0.00,$0.00,$0.00,$0.00,$0.00,$0.00,$0.00
7437289440479035409,tcklex,0,0,0,0,0,173,0,,1,1,1,1,1,1,1,,-1,-1,-1,-1,-1,-1,-1,,0,0,0,0,0,0,0,,$0.00,$0.00,$0.00,$0.00,$0.00,$0.78,$0.00,,$0.00,$0.00,$0.00,$0.00,$0.00,$0.00,$0.00
7432097339386413072,becomingamillionairegirl,0,0,0,0,0,0,0,,1,1,1,1,1,1,1,,-1,-1,-1,-1,-1,-1,-1,,0,0,0,0,0,0,0,,$0.00,$0.00,$0.00,$0.00,$0.00,$0.00,$0.00,,$0.00,$0.00,$0.00,$0.00,$0.00,$0.00,$0.00
7437290180924407825,xoxobee30,0,0,0,0,0,0,0,,1,1,1,1,1,1,1,,-1,-1,-1,-1,-1,-1,-1,,0,0,0,0,0,0,0,,$0.00,$0.00,$0.00,$0.00,$0.00,$0.00,$0.00,,$0.00,$0.00,$0.00,$0.00,$0.00,$0.00,$0.00
7436151930373685265,_.anastasiamichelle,0,0,0,0,0,0,0,,1,1,1,1,1,1,1,,-1,-1,-1,-1,-1,-1,-1,,0,0,0,0,0,0,0,,$0.00,$0.00,$0.00,$0.00,$0.00,$0.00,$0.00,,$0.00,$0.00,$0.00,$0.00,$0.00,$0.00,$0.00
7438813614556938257,jenny.mccown,0,10,0,0,0,0,0,,1,1,1,1,1,1,1,,-1,-1,-1,-1,-1,-1,-1,,0,0,0,0,0,0,0,,$0.00,$0.05,$0.00,$0.00,$0.00,$0.00,$0.00,,$0.00,$0.00,$0.00,$0.00,$0.00,$0.00,$0.00
7451090481020321808,growandglowasmr,"134,511","583,764","449,145","511,937","397,720","495,596","638,893",,2,5,4,5,4,4,5,,-1,5,5,5,5,5,5,,0,0,0,0,0,0,0,,$605.30,"$2,626.94","$2,021.15","$2,303.72","$1,789.74","$2,230.18","$2,875.02",,$0.00,$0.00,$0.00,$0.00,$0.00,$0.00,$0.00
7454359110578864145,alliemsx,"72,425","388,104","675,469","666,980","515,264","649,256","450,008",,1,4,5,5,5,5,4,,-1,5,4,5,5,5,5,,0,0,0,0,0,0,0,,$325.91,"$1,746.47","$3,039.61","$3,001.41","$2,318.69","$2,921.65","$2,025.04",,$0.00,$0.00,$0.00,$0.00,$0.00,$0.00,$0.00
7449907460980310033,#N/A,,,"16,517","25,652","53,155","95,717","87,131",,,,1,1,1,1,1,,,,5,5,5,5,5,,0,0,0,0,0,0,0,,$0.00,$0.00,$74.33,$115.43,$239.20,$430.73,$392.09,,,$0.00,$0.00,$0.00,$0.00,$0.00,$0.00
7451027162578255889,#N/A,,,832,201,294,"26,552","8,526",,,,1,1,1,1,1,,,,-1,-1,-1,2,-1,,0,0,0,0,0,0,0,,$0.00,$0.00,$3.74,$0.90,$1.32,$119.48,$38.37,,,$0.00,$0.00,$0.00,$0.00,$0.00,$0.00
7444838821734268929,fishon053,"13,038","66,579","50,104","53,851","65,698","184,074","215,871",,1,1,1,1,1,2,3,,-1,2,2,-1,2,4,4,,0,0,0,0,0,"5,000",0,,$58.67,$299.61,$225.47,$242.33,$295.64,$828.33,$971.42,,$0.00,$0.00,$0.00,$0.00,$0.00,$0.00,$0.00
7444829624510529537,monanightmare,136,"1,597","4,955","2,506",848,777,92,,1,1,1,1,1,1,1,,-1,1,3,2,2,2,1,,0,0,0,0,0,0,0,,$0.61,$7.19,$22.30,$11.28,$3.82,$3.50,$0.41,,$0.00,$0.00,$0.00,$0.00,$0.00,$0.00,$0.00
7451459387350319120,its_ur_gurl420,0,37,132,265,"1,479","4,809","1,193",,1,1,1,1,1,1,1,,-1,0,0,2,4,5,-1,,0,0,0,0,0,0,0,,$0.00,$0.17,$0.59,$1.19,$6.66,$21.64,$5.37,,$0.00,$0.00,$0.00,$0.00,$0.00,$0.00,$0.00
7451019704396906497,likeromeo,0,2,813,10,167,"1,020","1,917",,1,1,1,1,1,1,1,,-1,-1,-1,-1,-1,-1,-1,,0,0,0,0,0,0,0,,$0.00,$0.01,$3.66,$0.05,$0.75,$4.59,$8.63,,$0.00,$0.00,$0.00,$0.00,$0.00,$0.00,$0.00
7443598415260401680,1250dream,248,"3,129","2,296","3,700","3,979","4,538","4,009",,1,1,1,1,1,1,1,,-1,-1,-1,-1,-1,1,-1,,0,0,0,0,0,0,0,,$1.12,$14.08,$10.33,$16.65,$17.91,$20.42,$18.04,,$0.00,$0.00,$0.00,$0.00,$0.00,$0.00,$0.00
7359138741682143237,kieara_0712,0,"4,655","7,755","7,788","1,475",0,29,,1,1,1,1,1,1,1,,-1,1,1,1,1,-1,-1,,0,0,0,0,0,0,0,,$0.00,$20.95,$34.90,$35.05,$6.64,$0.00,$0.13,,$0.00,$0.00,$0.00,$0.00,$0.00,$0.00,$0.00
7450994065371365393,tastydan,0,0,0,0,0,0,0,,1,1,1,1,1,1,1,,-1,-1,-1,-1,-1,-1,-1,,0,0,0,0,0,0,0,,$0.00,$0.00,$0.00,$0.00,$0.00,$0.00,$0.00,,$0.00,$0.00,$0.00,$0.00,$0.00,$0.00,$0.00
7443598365138665488,gigiinextdoor,0,"1,603","1,704",0,0,0,0,,1,1,1,1,1,1,1,,-1,1,-1,-1,-1,-1,-1,,0,0,0,0,0,0,0,,$0.00,$7.21,$7.67,$0.00,$0.00,$0.00,$0.00,,$0.00,$0.00,$0.00,$0.00,$0.00,$0.00,$0.00
7451762103951589377,,,,,,,,0,,,,,,,,1,,,,,,,,-1,,0,0,0,0,0,0,0,,$0.00,$0.00,$0.00,$0.00,$0.00,$0.00,$0.00,,,$0.00,$0.00,$0.00,$0.00,$0.00,$0.00
7446625208414371841,d.russss,0,0,0,0,0,0,0,,1,1,1,1,1,1,1,,-1,-1,-1,-1,-1,-1,-1,,0,0,0,0,0,0,0,,$0.00,$0.00,$0.00,$0.00,$0.00,$0.00,$0.00,,$0.00,$0.00,$0.00,$0.00,$0.00,$0.00,$0.00
7453999269905842192,soulspiritandlove,0,0,0,0,0,0,0,,1,1,1,1,1,1,1,,-1,-1,-1,-1,-1,-1,-1,,0,0,0,0,0,0,0,,$0.00,$0.00,$0.00,$0.00,$0.00,$0.00,$0.00,,$0.00,$0.00,$0.00,$0.00,$0.00,$0.00,$0.00
7443230776042471441,letter2brazy,0,0,0,0,0,0,0,,1,1,1,1,1,1,1,,-1,-1,-1,-1,-1,-1,-1,,0,0,0,0,0,0,0,,$0.00,$0.00,$0.00,$0.00,$0.00,$0.00,$0.00,,$0.00,$0.00,$0.00,$0.00,$0.00,$0.00,$0.00
7449640519917158417,chuckshadow,0,49,129,14,607,846,18,,1,1,1,1,1,1,1,,-1,-1,-1,-1,-1,-1,-1,,0,0,0,0,0,0,0,,$0.00,$0.22,$0.58,$0.06,$2.73,$3.81,$0.08,,$0.00,$0.00,$0.00,$0.00,$0.00,$0.00,$0.00
7451043187663110161,makeawish11eleven,0,0,0,0,0,0,0,,1,1,1,1,1,1,1,,-1,-1,-1,-1,-1,-1,-1,,0,0,0,0,0,0,0,,$0.00,$0.00,$0.00,$0.00,$0.00,$0.00,$0.00,,$0.00,$0.00,$0.00,$0.00,$0.00,$0.00,$0.00
7455857931691507713,sebastianadamick,0,850,"1,990","2,472","3,648","9,459","2,003",,1,1,1,1,1,1,1,,-1,-1,-1,-1,-1,0,0,,0,0,0,0,0,0,0,,$0.00,$3.83,$8.96,$11.12,$16.42,$42.57,$9.01,,$0.00,$0.00,$0.00,$0.00,$0.00,$0.00,$0.00
7460667880711995408,penny_carillo,594,"3,120","6,967","4,994","10,664","13,411","7,362",,1,1,1,1,1,1,1,,-1,3,1,3,2,3,2,,0,0,0,0,0,0,0,,$2.67,$14.04,$31.35,$22.47,$47.99,$60.35,$33.13,,$0.00,$0.00,$0.00,$0.00,$0.00,$0.00,$0.00
7459183456464044048,girldaddy20,0,0,0,"2,871",0,0,0,,1,1,1,1,1,1,1,,-1,-1,-1,-1,-1,-1,-1,,0,0,0,0,0,0,0,,$0.00,$0.00,$0.00,$12.92,$0.00,$0.00,$0.00,,$0.00,$0.00,$0.00,$0.00,$0.00,$0.00,$0.00
7463636777518088193,itsbriannablake,0,0,"5,158",448,"2,868",0,"7,847",,1,1,1,1,1,1,1,,-1,-1,-1,-1,-1,-1,-1,,0,0,0,0,0,0,0,,$0.00,$0.00,$23.21,$2.02,$12.91,$0.00,$35.31,,$0.00,$0.00,$0.00,$0.00,$0.00,$0.00,$0.00
7454734552142118928,thewhisperfaerieasmr,0,0,0,0,0,0,0,,1,1,1,1,1,1,1,,-1,-1,-1,-1,-1,-1,-1,,0,0,0,0,0,0,0,,$0.00,$0.00,$0.00,$0.00,$0.00,$0.00,$0.00,,$0.00,$0.00,$0.00,$0.00,$0.00,$0.00,$0.00
7454734609608146945,corruptedcodytv1,11,"6,244","3,102",207,"1,871",25,152,,1,1,1,1,1,1,1,,-1,1,1,-1,-1,-1,-1,,0,0,0,0,0,0,0,,$0.05,$28.10,$13.96,$0.93,$8.42,$0.11,$0.68,,$0.00,$0.00,$0.00,$0.00,$0.00,$0.00,$0.00
7457401443486826512,_kristie032,"3,021","3,511","57,343","3,324","5,794","8,359","1,671",,1,1,1,1,1,1,1,,-1,-1,0,-1,-1,-1,-1,,0,0,0,0,0,0,0,,$13.59,$15.80,$258.04,$14.96,$26.07,$37.62,$7.52,,$0.00,$0.00,$0.00,$0.00,$0.00,$0.00,$0.00
7464045881944326160,lexiliynn,0,0,0,0,102,102,115,,1,1,1,1,1,1,1,,-1,-1,-1,-1,-1,-1,-1,,0,0,0,0,0,0,0,,$0.00,$0.00,$0.00,$0.00,$0.46,$0.46,$0.52,,$0.00,$0.00,$0.00,$0.00,$0.00,$0.00,$0.00
7457014893879754769,nekosnowlily,0,0,0,27,0,109,"1,011",,1,1,1,1,1,1,1,,-1,-1,-1,-1,-1,-1,-1,,0,0,0,0,0,0,0,,$0.00,$0.00,$0.00,$0.12,$0.00,$0.49,$4.55,,$0.00,$0.00,$0.00,$0.00,$0.00,$0.00,$0.00
7455479714787147792,_devababy,0,0,0,0,0,"4,272",0,,1,1,1,1,1,1,1,,-1,-1,-1,-1,-1,-1,-1,,0,0,0,0,0,0,0,,$0.00,$0.00,$0.00,$0.00,$0.00,$19.22,$0.00,,$0.00,$0.00,$0.00,$0.00,$0.00,$0.00,$0.00
7359135855132311557,wegoode1,432,462,"4,542",199,0,0,0,,1,1,1,1,1,1,1,,-1,-1,-1,-1,-1,-1,-1,,0,0,0,0,0,0,0,,$1.94,$2.08,$20.44,$0.90,$0.00,$0.00,$0.00,,$0.00,$0.00,$0.00,$0.00,$0.00,$0.00,$0.00
7460667852887162896,sarahnichole2015,0,0,0,0,0,0,1,,1,1,1,1,1,1,1,,-1,-1,-1,-1,-1,-1,-1,,0,0,0,0,0,0,0,,$0.00,$0.00,$0.00,$0.00,$0.00,$0.00,$0.00,,$0.00,$0.00,$0.00,$0.00,$0.00,$0.00,$0.00
7454733148983820304,kristenn_wilson,0,0,0,0,0,2,0,,1,1,1,1,1,1,1,,-1,-1,-1,-1,-1,-1,-1,,0,0,0,0,0,0,0,,$0.00,$0.00,$0.00,$0.00,$0.00,$0.01,$0.00,,$0.00,$0.00,$0.00,$0.00,$0.00,$0.00,$0.00
7454733986905161745,coach_kmack,0,87,0,0,0,0,0,,1,1,1,1,1,1,1,,-1,-1,-1,-1,-1,-1,-1,,0,0,0,0,0,0,0,,$0.00,$0.39,$0.00,$0.00,$0.00,$0.00,$0.00,,$0.00,$0.00,$0.00,$0.00,$0.00,$0.00,$0.00
7457698867681984513,hayleyhelminski,0,1,7,0,0,0,0,,1,1,1,1,1,1,1,,-1,-1,-1,-1,-1,-1,-1,,0,0,0,0,0,0,0,,$0.00,$0.00,$0.03,$0.00,$0.00,$0.00,$0.00,,$0.00,$0.00,$0.00,$0.00,$0.00,$0.00,$0.00
7457781689205669905,leo_notdicapri0,2,0,26,0,0,0,0,,1,1,1,1,1,1,1,,-1,-1,-1,-1,-1,-1,-1,,0,0,0,0,0,0,0,,$0.01,$0.00,$0.12,$0.00,$0.00,$0.00,$0.00,,$0.00,$0.00,$0.00,$0.00,$0.00,$0.00,$0.00
7462507750791348240,kaybaby2141,0,0,0,0,0,0,0,,1,1,1,1,1,1,1,,-1,-1,-1,-1,-1,-1,-1,,0,0,0,0,0,0,0,,$0.00,$0.00,$0.00,$0.00,$0.00,$0.00,$0.00,,$0.00,$0.00,$0.00,$0.00,$0.00,$0.00,$0.00
7459202382103248912,matia.stoltz,0,0,0,0,0,0,0,,1,1,1,1,1,1,1,,-1,-1,-1,-1,-1,-1,-1,,0,0,0,0,0,0,0,,$0.00,$0.00,$0.00,$0.00,$0.00,$0.00,$0.00,,$0.00,$0.00,$0.00,$0.00,$0.00,$0.00,$0.00
7457713114239451153,meilebishop,0,0,0,0,0,"1,616",0,,1,1,1,1,1,1,1,,-1,-1,-1,-1,-1,-1,-1,,0,0,0,0,0,0,0,,$0.00,$0.00,$0.00,$0.00,$0.00,$7.27,$0.00,,$0.00,$0.00,$0.00,$0.00,$0.00,$0.00,$0.00
7459330346849697793,jah.osh,0,0,21,0,0,0,0,,1,1,1,1,1,1,1,,-1,-1,-1,-1,-1,-1,-1,,0,0,0,0,0,0,0,,$0.00,$0.00,$0.09,$0.00,$0.00,$0.00,$0.00,,$0.00,$0.00,$0.00,$0.00,$0.00,$0.00,$0.00
7459925345228144656,breachrepairersoutreach,0,0,"1,749","2,152",570,"5,679",0,,1,1,1,1,1,1,1,,-1,-1,-1,1,1,2,-1,,0,0,0,0,0,0,0,,$0.00,$0.00,$7.87,$9.68,$2.57,$25.56,$0.00,,$0.00,$0.00,$0.00,$0.00,$0.00,$0.00,$0.00
7461391827552256017,mochi.suka,0,0,0,0,0,0,0,,1,1,1,1,1,1,1,,-1,-1,-1,-1,-1,-1,-1,,0,0,0,0,0,0,0,,$0.00,$0.00,$0.00,$0.00,$0.00,$0.00,$0.00,,$0.00,$0.00,$0.00,$0.00,$0.00,$0.00,$0.00
7460976556916326401,moodyverse,0,0,0,0,0,0,0,,1,1,1,1,1,1,1,,-1,-1,-1,-1,-1,-1,-1,,0,0,0,0,0,0,0,,$0.00,$0.00,$0.00,$0.00,$0.00,$0.00,$0.00,,$0.00,$0.00,$0.00,$0.00,$0.00,$0.00,$0.00
7454731551385845777,immortallseer,0,0,0,0,0,17,"1,306",,1,1,1,1,1,1,1,,-1,-1,-1,-1,-1,-1,-1,,0,0,0,0,0,0,0,,$0.00,$0.00,$0.00,$0.00,$0.00,$0.08,$5.88,,$0.00,$0.00,$0.00,$0.00,$0.00,$0.00,$0.00
7359137902569455621,briarconerly,0,0,0,0,0,0,0,,1,1,1,1,1,1,1,,-1,-1,-1,-1,-1,-1,-1,,0,0,0,0,0,0,0,,$0.00,$0.00,$0.00,$0.00,$0.00,$0.00,$0.00,,$0.00,$0.00,$0.00,$0.00,$0.00,$0.00,$0.00
7457700597744205841,kystout0,0,0,0,0,0,0,0,,1,1,1,1,1,1,1,,-1,-1,-1,-1,-1,-1,-1,,0,0,0,0,0,0,0,,$0.00,$0.00,$0.00,$0.00,$0.00,$0.00,$0.00,,$0.00,$0.00,$0.00,$0.00,$0.00,$0.00,$0.00
7460027556662804496,b3autifuldisaster1,0,0,0,0,0,0,0,,1,1,1,1,1,1,1,,-1,-1,-1,-1,-1,-1,-1,,0,0,0,0,0,0,0,,$0.00,$0.00,$0.00,$0.00,$0.00,$0.00,$0.00,,$0.00,$0.00,$0.00,$0.00,$0.00,$0.00,$0.00
7461440310519021584,melissaeastwick,0,0,0,0,0,0,0,,1,1,1,1,1,1,1,,-1,-1,-1,-1,-1,-1,-1,,0,0,0,0,0,0,0,,$0.00,$0.00,$0.00,$0.00,$0.00,$0.00,$0.00,,$0.00,$0.00,$0.00,$0.00,$0.00,$0.00,$0.00
7416144195179593729,coffeeaddict8639,0,0,0,0,0,0,0,,1,1,1,1,1,1,1,,-1,-1,-1,-1,-1,-1,-1,,0,0,0,0,0,0,0,,$0.00,$0.00,$0.00,$0.00,$0.00,$0.00,$0.00,,$0.00,$0.00,$0.00,$0.00,$0.00,$0.00,$0.00
7459396293287247888,sasha_owens,0,1,0,150,200,328,0,,1,1,1,1,1,1,1,,-1,-1,-1,-1,-1,-1,-1,,0,0,0,0,0,0,0,,$0.00,$0.00,$0.00,$0.68,$0.90,$1.48,$0.00,,$0.00,$0.00,$0.00,$0.00,$0.00,$0.00,$0.00
7455853474904047617,carelessmariahh,0,0,0,0,0,0,0,,1,1,1,1,1,1,1,,-1,-1,-1,-1,-1,-1,-1,,0,0,0,0,0,0,0,,$0.00,$0.00,$0.00,$0.00,$0.00,$0.00,$0.00,,$0.00,$0.00,$0.00,$0.00,$0.00,$0.00,$0.00
7455525365369454608,zanemelz,0,0,0,0,0,0,0,,1,1,1,1,1,1,1,,-1,-1,-1,-1,-1,-1,-1,,0,0,0,0,0,0,0,,$0.00,$0.00,$0.00,$0.00,$0.00,$0.00,$0.00,,$0.00,$0.00,$0.00,$0.00,$0.00,$0.00,$0.00
7459554941531881473,thecupcakejake,0,0,0,0,0,0,0,,1,1,1,1,1,1,1,,-1,-1,-1,-1,-1,-1,-1,,0,0,0,0,0,0,0,,$0.00,$0.00,$0.00,$0.00,$0.00,$0.00,$0.00,,$0.00,$0.00,$0.00,$0.00,$0.00,$0.00,$0.00
7463741238701883408,zaptheboy,0,0,0,0,0,0,0,,1,1,1,1,1,1,1,,-1,-1,-1,-1,-1,-1,-1,,0,0,0,0,0,0,0,,$0.00,$0.00,$0.00,$0.00,$0.00,$0.00,$0.00,,$0.00,$0.00,$0.00,$0.00,$0.00,$0.00,$0.00
7474398331670626321,#N/A,,,"165,115","134,017","95,313","98,315","164,817",,,,2,2,1,1,2,,,,5,5,5,5,5,,0,0,0,0,0,0,0,,$0.00,$0.00,$743.02,$603.08,$428.91,$442.42,$741.68,,,$0.00,$0.00,$0.00,$0.00,$0.00,$0.00
7475913456957308945,pwettyderek,14,42,563,294,273,616,644,,1,1,1,1,1,1,1,,-1,5,5,5,5,5,5,,0,0,0,0,0,0,0,,$0.06,$0.19,$2.53,$1.32,$1.23,$2.77,$2.90,,$0.00,$0.00,$0.00,$0.00,$0.00,$0.00,$0.00
7359136220175237125,samuelciafaloni,"4,957","25,967","13,432","8,431","19,497","434,334","652,347",,1,1,1,1,1,4,5,,-1,2,0,-1,0,4,4,,0,0,0,0,0,"1,000",0,,$22.31,$116.85,$60.44,$37.94,$87.74,"$1,954.50","$2,935.56",,$0.00,$0.00,$0.00,$0.00,$0.00,$0.00,$0.00
7473189073168121873,bridgetryan,"1,130","177,726","101,004","42,354","89,779","96,349","297,316",,1,2,2,1,1,1,3,,-1,0,1,-1,1,0,2,,0,0,0,0,0,0,0,,$5.09,$799.77,$454.52,$190.59,$404.01,$433.57,"$1,337.92",,$0.00,$0.00,$0.00,$0.00,$0.00,$0.00,$0.00
7467472515904831489,backwoodscaiden,"1,336","83,275","165,363","185,068","86,838","108,130","143,478",,1,1,2,2,1,2,2,,-1,4,5,4,4,5,3,,0,0,0,"10,700",0,0,0,,$6.01,$374.74,$744.13,$832.81,$390.77,$486.59,$645.65,,$0.00,$0.00,$0.00,$0.00,$0.00,$0.00,$0.00
7467718585595723793,a_aronfish,0,0,"3,143",0,0,0,"1,575",,1,1,1,1,1,1,1,,-1,-1,-1,-1,-1,-1,-1,,0,0,0,0,0,0,0,,$0.00,$0.00,$14.14,$0.00,$0.00,$0.00,$7.09,,$0.00,$0.00,$0.00,$0.00,$0.00,$0.00,$0.00
7467455099565178896,medusawhispers,0,0,"4,557",0,0,0,0,,1,1,1,1,1,1,1,,-1,-1,-1,-1,-1,-1,-1,,0,0,0,0,0,0,0,,$0.00,$0.00,$20.51,$0.00,$0.00,$0.00,$0.00,,$0.00,$0.00,$0.00,$0.00,$0.00,$0.00,$0.00
7474398304470597633,nooneq8k,0,0,136,62,660,23,387,,1,1,1,1,1,1,1,,-1,-1,1,1,2,1,2,,0,0,0,0,0,0,0,,$0.00,$0.00,$0.61,$0.28,$2.97,$0.10,$1.74,,$0.00,$0.00,$0.00,$0.00,$0.00,$0.00,$0.00
7471151790571126785,#N/A,,,,,,,,,,,,,,,,,,,,,,,,,0,0,0,0,0,0,0,,$0.00,$0.00,$0.00,$0.00,$0.00,$0.00,$0.00,,,$0.00,$0.00,$0.00,$0.00,$0.00,$0.00
7471057955509682177,kinkyykenzzz,0,0,28,0,0,21,4,,1,1,1,1,1,1,1,,-1,-1,-1,-1,-1,-1,-1,,0,0,0,0,0,0,0,,$0.00,$0.00,$0.13,$0.00,$0.00,$0.09,$0.02,,$0.00,$0.00,$0.00,$0.00,$0.00,$0.00,$0.00
7468407393785806865,lil.bitt094,0,17,0,601,12,26,259,,1,1,1,1,1,1,1,,-1,-1,-1,-1,-1,-1,-1,,0,0,0,0,0,0,0,,$0.00,$0.08,$0.00,$2.70,$0.05,$0.12,$1.17,,$0.00,$0.00,$0.00,$0.00,$0.00,$0.00,$0.00
7472502126602862608,prettyinink1,0,0,0,0,0,0,0,,1,1,1,1,1,1,1,,-1,-1,-1,-1,-1,-1,-1,,0,0,0,0,0,0,0,,$0.00,$0.00,$0.00,$0.00,$0.00,$0.00,$0.00,,$0.00,$0.00,$0.00,$0.00,$0.00,$0.00,$0.00
7467026650593738769,sydneydixonmusic,0,0,8,0,0,0,0,,1,1,1,1,1,1,1,,-1,-1,-1,-1,-1,-1,-1,,0,0,0,0,0,0,0,,$0.00,$0.00,$0.04,$0.00,$0.00,$0.00,$0.00,,$0.00,$0.00,$0.00,$0.00,$0.00,$0.00,$0.00
7466236236080988161,walleye.1234,0,0,0,0,0,0,0,,1,1,1,1,1,1,1,,-1,-1,-1,-1,-1,-1,-1,,0,0,0,0,0,0,0,,$0.00,$0.00,$0.00,$0.00,$0.00,$0.00,$0.00,,$0.00,$0.00,$0.00,$0.00,$0.00,$0.00,$0.00
7359137837943357446,#N/A,,,,,0,0,0,,,,,,1,1,1,,,,,,-1,-1,-1,,0,0,0,0,0,0,0,,$0.00,$0.00,$0.00,$0.00,$0.00,$0.00,$0.00,,,$0.00,$0.00,$0.00,$0.00,$0.00,$0.00
7470316429330399248,#N/A,,,,0,0,0,0,,,,,1,1,1,1,,,,,-1,-1,-1,-1,,0,0,0,0,0,0,0,,$0.00,$0.00,$0.00,$0.00,$0.00,$0.00,$0.00,,,$0.00,$0.00,$0.00,$0.00,$0.00,$0.00
7468534081253359632,justjuni309,0,0,0,0,0,0,0,,1,1,1,1,1,1,1,,-1,-1,-1,-1,-1,-1,-1,,0,0,0,0,0,0,0,,$0.00,$0.00,$0.00,$0.00,$0.00,$0.00,$0.00,,$0.00,$0.00,$0.00,$0.00,$0.00,$0.00,$0.00
7466236257115570177,emilyanitaa,0,0,0,0,0,0,0,,1,1,1,1,1,1,1,,-1,-1,-1,-1,-1,-1,-1,,0,0,0,0,0,0,0,,$0.00,$0.00,$0.00,$0.00,$0.00,$0.00,$0.00,,$0.00,$0.00,$0.00,$0.00,$0.00,$0.00,$0.00
7469203327218221072,emmaisabelleparks,0,0,0,0,0,0,0,,1,1,1,1,1,1,1,,-1,-1,-1,-1,-1,-1,-1,,0,0,0,0,0,0,0,,$0.00,$0.00,$0.00,$0.00,$0.00,$0.00,$0.00,,$0.00,$0.00,$0.00,$0.00,$0.00,$0.00,$0.00
7475037566992039953,yesithebear,0,0,0,0,0,0,0,,1,1,1,1,1,1,1,,-1,-1,-1,-1,-1,-1,-1,,0,0,0,0,0,0,0,,$0.00,$0.00,$0.00,$0.00,$0.00,$0.00,$0.00,,$0.00,$0.00,$0.00,$0.00,$0.00,$0.00,$0.00
7433657413758304273,a.marie.911,"6,718","215,664","205,880","214,679","152,676","204,017","197,037",,1,3,3,3,2,3,2,,-1,3,5,4,4,4,3,,0,0,0,0,0,0,0,,$30.23,$970.49,$926.46,$966.06,$687.04,$918.08,$886.67,,$0.00,$0.00,$0.00,$0.00,$0.00,$0.00,$0.00
7359138931742474246,#N/A,,,,,,,,,,,,,,,,,,,,,,,,,0,0,0,0,0,0,0,,$0.00,$0.00,$0.00,$0.00,$0.00,$0.00,$0.00,,,$0.00,$0.00,$0.00,$0.00,$0.00,$0.00
7484330241842987025,heavenrnybaribaddie,0,25,0,128,27,24,27,,1,1,1,1,1,1,1,,-1,-1,-1,-1,-1,-1,-1,,0,0,0,0,0,0,0,,$0.00,$0.11,$0.00,$0.58,$0.12,$0.11,$0.12,,$0.00,$0.00,$0.00,$0.00,$0.00,$0.00,$0.00
7402976045227556880,lyvidyka,0,0,45,0,"2,891",0,"2,646",,1,1,1,1,1,1,1,,-1,-1,-1,-1,-1,-1,-1,,0,0,0,0,0,0,0,,$0.00,$0.00,$0.20,$0.00,$13.01,$0.00,$11.91,,$0.00,$0.00,$0.00,$0.00,$0.00,$0.00,$0.00
7359136568071979013,adubthewarriorprincess,0,0,207,"3,261","2,177","6,851",374,,1,1,1,1,1,1,1,,-1,-1,-1,-1,-1,1,-1,,0,0,0,0,0,0,0,,$0.00,$0.00,$0.93,$14.67,$9.80,$30.83,$1.68,,$0.00,$0.00,$0.00,$0.00,$0.00,$0.00,$0.00
7359137386623893509,stitchfamily626,0,0,0,0,35,0,0,,1,1,1,1,1,1,1,,-1,-1,-1,-1,-1,-1,-1,,0,0,0,0,0,0,0,,$0.00,$0.00,$0.00,$0.00,$0.16,$0.00,$0.00,,$0.00,$0.00,$0.00,$0.00,$0.00,$0.00,$0.00
7485160564730396673,serenityxo89,0,40,111,57,20,267,750,,1,1,1,1,1,1,1,,-1,-1,-1,-1,-1,-1,-1,,0,0,0,0,0,0,0,,$0.00,$0.18,$0.50,$0.26,$0.09,$1.20,$3.38,,$0.00,$0.00,$0.00,$0.00,$0.00,$0.00,$0.00
7480335399009746960,paulschofield_bass,384,667,606,65,0,742,187,,1,1,1,1,1,1,1,,-1,1,1,-1,-1,-1,0,,0,0,0,0,0,0,0,,$1.73,$3.00,$2.73,$0.29,$0.00,$3.34,$0.84,,$0.00,$0.00,$0.00,$0.00,$0.00,$0.00,$0.00
7435985741508870145,#N/A,,,,,,,,,,,,,,,,,,,,,,,,,0,0,0,0,0,0,0,,$0.00,$0.00,$0.00,$0.00,$0.00,$0.00,$0.00,,,$0.00,$0.00,$0.00,$0.00,$0.00,$0.00
7483247953637916688,montanafougere,847,5,731,176,0,652,0,,1,1,1,1,1,1,1,,-1,-1,-1,-1,-1,-1,-1,,0,0,0,0,0,0,0,,$3.81,$0.02,$3.29,$0.79,$0.00,$2.93,$0.00,,$0.00,$0.00,$0.00,$0.00,$0.00,$0.00,$0.00
7478855821783253008,gardeninggrant,0,0,462,370,0,0,2,,1,1,1,1,1,1,1,,-1,-1,-1,-1,-1,-1,-1,,0,0,0,0,0,0,0,,$0.00,$0.00,$2.08,$1.67,$0.00,$0.00,$0.01,,$0.00,$0.00,$0.00,$0.00,$0.00,$0.00,$0.00
7480337323796774913,hsumhsan,0,0,0,1,0,0,0,,1,1,1,1,1,1,1,,-1,-1,-1,-1,-1,-1,-1,,0,0,0,0,0,0,0,,$0.00,$0.00,$0.00,$0.00,$0.00,$0.00,$0.00,,$0.00,$0.00,$0.00,$0.00,$0.00,$0.00,$0.00
7480522011840725009,aftonsalas,0,0,0,316,0,0,0,,1,1,1,1,1,1,1,,-1,-1,-1,-1,-1,-1,-1,,0,0,0,0,0,0,0,,$0.00,$0.00,$0.00,$1.42,$0.00,$0.00,$0.00,,$0.00,$0.00,$0.00,$0.00,$0.00,$0.00,$0.00
7460310629711134737,#N/A,,,,,,,,,,,,,,,,,,,,,,,,,0,0,0,0,0,0,0,,$0.00,$0.00,$0.00,$0.00,$0.00,$0.00,$0.00,,,$0.00,$0.00,$0.00,$0.00,$0.00,$0.00
7481085896800976913,#N/A,,,,,,"1,221",0,,,,,,,1,1,,,,,,,-1,-1,,0,0,0,0,0,0,0,,$0.00,$0.00,$0.00,$0.00,$0.00,$5.49,$0.00,,,$0.00,$0.00,$0.00,$0.00,$0.00,$0.00
7476626840392646672,digicardzzz,0,0,0,0,0,0,0,,1,1,1,1,1,1,1,,-1,-1,-1,-1,-1,-1,-1,,0,0,0,0,0,0,0,,$0.00,$0.00,$0.00,$0.00,$0.00,$0.00,$0.00,,$0.00,$0.00,$0.00,$0.00,$0.00,$0.00,$0.00
7484066201136594945,irish.g00dby3,0,0,0,0,0,0,0,,1,1,1,1,1,1,1,,-1,-1,-1,-1,-1,-1,-1,,0,0,0,0,0,0,0,,$0.00,$0.00,$0.00,$0.00,$0.00,$0.00,$0.00,,$0.00,$0.00,$0.00,$0.00,$0.00,$0.00,$0.00
7485532583095369744,audreywelly,0,0,0,0,0,0,0,,1,1,1,1,1,1,1,,-1,-1,-1,-1,-1,-1,-1,,0,0,0,0,0,0,0,,$0.00,$0.00,$0.00,$0.00,$0.00,$0.00,$0.00,,$0.00,$0.00,$0.00,$0.00,$0.00,$0.00,$0.00
7477736666996834305,joshcorbett03,0,0,0,0,0,0,0,,1,1,1,1,1,1,1,,-1,-1,-1,-1,-1,-1,-1,,0,0,0,0,0,0,0,,$0.00,$0.00,$0.00,$0.00,$0.00,$0.00,$0.00,,$0.00,$0.00,$0.00,$0.00,$0.00,$0.00,$0.00
7476626950346309649,bincyclopedia,0,0,0,0,0,0,0,,1,1,1,1,1,1,1,,-1,-1,-1,-1,-1,-1,-1,,0,0,0,0,0,0,0,,$0.00,$0.00,$0.00,$0.00,$0.00,$0.00,$0.00,,$0.00,$0.00,$0.00,$0.00,$0.00,$0.00,$0.00
7431307183314485249,roxannedover1,0,0,0,0,0,0,0,,1,1,1,1,1,1,1,,-1,-1,-1,-1,-1,-1,-1,,0,0,0,0,0,0,0,,$0.00,$0.00,$0.00,$0.00,$0.00,$0.00,$0.00,,$0.00,$0.00,$0.00,$0.00,$0.00,$0.00,$0.00
7486530145088471056,courtelliottt,0,0,0,0,0,0,1,,1,1,1,1,1,1,1,,-1,-1,-1,-1,-1,-1,-1,,0,0,0,0,0,0,0,,$0.00,$0.00,$0.00,$0.00,$0.00,$0.00,$0.00,,$0.00,$0.00,$0.00,$0.00,$0.00,$0.00,$0.00
7497777597393190929,stefanielauryn415,"210,741","1,754,943","2,050,178","2,412,709","2,541,238","2,391,519","1,691,929",,3,7,7,7,7,7,7,,-1,2,4,4,5,5,5,,0,"13,000",0,"39,000","6,000","35,000","2,000",,$948.33,"$7,897.24","$9,225.80","$10,857.19","$11,435.57","$10,761.84","$7,613.68",,$0.00,$0.00,$512.54,$603.18,$635.31,$597.88,$722.98
7498149470513889297,sierralevesquemusic,"12,444","44,521","60,221","43,704","121,548","59,773","56,324",,1,1,1,1,2,1,1,,-1,-1,-1,-1,-1,-1,-1,,0,0,0,0,0,0,0,,$56.00,$200.34,$270.99,$196.67,$546.97,$268.98,$253.46,,$0.00,$0.00,$0.00,$0.00,$0.00,$0.00,$0.00
7490726688108724241,jjreefs,2,518,"1,005","1,458","1,165","1,693","4,481",,1,1,1,1,1,1,1,,-1,0,-1,1,-1,1,2,,0,0,0,0,0,0,0,,$0.01,$2.33,$4.52,$6.56,$5.24,$7.62,$20.16,,$0.00,$0.00,$0.00,$0.00,$0.00,$0.00,$0.00
7488407886146830337,mecheware1959,28,653,"2,677",656,658,976,548,,1,1,1,1,1,1,1,,-1,2,4,4,2,1,4,,0,0,0,0,0,0,0,,$0.13,$2.94,$12.05,$2.95,$2.96,$4.39,$2.47,,$0.00,$0.00,$0.00,$0.00,$0.00,$0.00,$0.00
7491102902766043137,oogieboogeyman,0,0,0,0,59,"6,645","37,886",,1,1,1,1,1,1,1,,-1,-1,-1,-1,-1,-1,-1,,0,0,0,0,0,0,0,,$0.00,$0.00,$0.00,$0.00,$0.27,$29.90,$170.49,,$0.00,$0.00,$0.00,$0.00,$0.00,$0.00,$0.00
7495549920183648257,the.bolter_32,0,631,"46,475",203,"6,069","27,265","3,314",,1,1,1,1,1,1,1,,-1,-1,-1,-1,0,2,-1,,0,0,0,0,0,0,0,,$0.00,$2.84,$209.14,$0.91,$27.31,$122.69,$14.91,,$0.00,$0.00,$0.00,$0.00,$0.00,$0.00,$0.00
7495246070599909392,commakaze,0,0,0,0,133,"1,856","2,920",,1,1,1,1,1,1,1,,-1,-1,-1,-1,-1,0,-1,,0,0,0,0,0,0,0,,$0.00,$0.00,$0.00,$0.00,$0.60,$8.35,$13.14,,$0.00,$0.00,$0.00,$0.00,$0.00,$0.00,$0.00
7359136478452088837,davehowardshow,0,"10,921","25,718","65,631","50,776","10,035","3,399",,1,1,1,1,1,1,1,,-1,-1,-1,-1,0,-1,-1,,0,0,0,0,0,0,0,,$0.00,$49.14,$115.73,$295.34,$228.49,$45.16,$15.30,,$0.00,$0.00,$0.00,$0.00,$0.00,$0.00,$0.00
7498425395025330192,,,,"1,892",332,"5,860","7,443","34,592",,,,1,1,1,1,1,,,,-1,-1,-1,-1,-1,,0,0,0,0,0,0,0,,$0.00,$0.00,$8.51,$1.49,$26.37,$33.49,$155.66,,,$0.00,$0.00,$0.00,$0.00,$0.00,$0.00
7497406457571328001,#N/A,,,,,,0,0,,,,,,,1,1,,,,,,,-1,-1,,0,0,0,0,0,0,0,,$0.00,$0.00,$0.00,$0.00,$0.00,$0.00,$0.00,,,$0.00,$0.00,$0.00,$0.00,$0.00,$0.00
7493406574925348880,vcvdog,0,0,0,0,0,0,0,,1,1,1,1,1,1,1,,-1,-1,-1,-1,-1,-1,-1,,0,0,0,0,0,0,0,,$0.00,$0.00,$0.00,$0.00,$0.00,$0.00,$0.00,,$0.00,$0.00,$0.00,$0.00,$0.00,$0.00,$0.00
7496160474296483841,#N/A,,,,0,0,0,0,,,,,1,1,1,1,,,,,-1,-1,-1,-1,,0,0,0,0,0,0,0,,$0.00,$0.00,$0.00,$0.00,$0.00,$0.00,$0.00,,,$0.00,$0.00,$0.00,$0.00,$0.00,$0.00
7488155778486992897,itsdashira,0,0,0,0,0,0,0,,1,1,1,1,1,1,1,,-1,-1,-1,-1,-1,-1,-1,,0,0,0,0,0,0,0,,$0.00,$0.00,$0.00,$0.00,$0.00,$0.00,$0.00,,$0.00,$0.00,$0.00,$0.00,$0.00,$0.00,$0.00
7488604412659843089,billyvena,0,0,0,0,0,0,0,,1,1,1,1,1,1,1,,-1,-1,-1,-1,-1,-1,-1,,0,0,0,0,0,0,0,,$0.00,$0.00,$0.00,$0.00,$0.00,$0.00,$0.00,,$0.00,$0.00,$0.00,$0.00,$0.00,$0.00,$0.00
7493731746362605584,wilsonfurula,0,0,0,0,0,0,0,,1,1,1,1,1,1,1,,-1,-1,-1,-1,-1,-1,-1,,0,0,0,0,0,0,0,,$0.00,$0.00,$0.00,$0.00,$0.00,$0.00,$0.00,,$0.00,$0.00,$0.00,$0.00,$0.00,$0.00,$0.00
7488222207651381249,abbydames,0,0,276,19,129,153,63,,1,1,1,1,1,1,1,,-1,-1,-1,-1,-1,-1,-1,,0,0,0,0,0,0,0,,$0.00,$0.00,$1.24,$0.09,$0.58,$0.69,$0.28,,$0.00,$0.00,$0.00,$0.00,$0.00,$0.00,$0.00
7488499378634637329,stainedbykane6,0,0,0,0,0,0,0,,1,1,1,1,1,1,1,,-1,-1,-1,-1,-1,-1,-1,,0,0,0,0,0,0,0,,$0.00,$0.00,$0.00,$0.00,$0.00,$0.00,$0.00,,$0.00,$0.00,$0.00,$0.00,$0.00,$0.00,$0.00
7495179645394944016,laynieyork,0,0,0,0,0,0,0,,1,1,1,1,1,1,1,,-1,-1,-1,-1,-1,-1,-1,,0,0,0,0,0,0,0,,$0.00,$0.00,$0.00,$0.00,$0.00,$0.00,$0.00,,$0.00,$0.00,$0.00,$0.00,$0.00,$0.00,$0.00
7489934126737539073,leticiacm97,0,0,0,0,0,0,0,,1,1,1,1,1,1,1,,-1,-1,-1,-1,-1,-1,-1,,0,0,0,0,0,0,0,,$0.00,$0.00,$0.00,$0.00,$0.00,$0.00,$0.00,,$0.00,$0.00,$0.00,$0.00,$0.00,$0.00,$0.00
7507826762513154064,natures_kill,103,"1,612",149,106,539,"2,504",993,,1,1,1,1,1,1,1,,-1,3,5,5,4,5,4,,0,0,0,0,0,0,0,,$0.46,$7.25,$0.67,$0.48,$2.43,$11.27,$4.47,,$0.00,$0.00,$0.00,$0.00,$0.00,$0.00,$0.00
7507053838655078417,mrsbryan27,9,41,158,64,646,251,685,,1,1,1,1,1,1,1,,-1,-1,2,1,5,4,3,,0,0,0,0,0,0,0,,$0.04,$0.18,$0.71,$0.29,$2.91,$1.13,$3.08,,$0.00,$0.00,$0.00,$0.00,$0.00,$0.00,$0.00
7507054085481431056,_mrs.robinson_,0,0,0,0,1,268,"1,065",,1,1,1,1,1,1,1,,-1,-1,-1,-1,-1,4,3,,0,0,0,0,0,0,0,,$0.00,$0.00,$0.00,$0.00,$0.00,$1.21,$4.79,,$0.00,$0.00,$0.00,$0.00,$0.00,$0.00,$0.00
7504020275906740240,thecontroversialblonde,11,"6,537",667,"2,206",383,"6,315","8,007",,1,1,1,1,1,1,1,,-1,-1,-1,-1,-1,-1,-1,,0,0,0,0,0,0,0,,$0.05,$29.42,$3.00,$9.93,$1.72,$28.42,$36.03,,$0.00,$0.00,$0.00,$0.00,$0.00,$0.00,$0.00
7505245178995884033,alaskanbassgal,0,0,0,0,0,0,428,,1,1,1,1,1,1,1,,-1,-1,-1,-1,-1,-1,-1,,0,0,0,0,0,0,0,,$0.00,$0.00,$0.00,$0.00,$0.00,$0.00,$1.93,,$0.00,$0.00,$0.00,$0.00,$0.00,$0.00,$0.00
7503687878057295873,brick2424,0,0,0,0,46,256,0,,1,1,1,1,1,1,1,,-1,-1,-1,-1,-1,-1,-1,,0,0,0,0,0,0,0,,$0.00,$0.00,$0.00,$0.00,$0.21,$1.15,$0.00,,$0.00,$0.00,$0.00,$0.00,$0.00,$0.00,$0.00
7499632144470507521,afternoon_dream007,0,5,0,0,0,0,121,,1,1,1,1,1,1,1,,-1,-1,-1,-1,-1,-1,-1,,0,0,0,0,0,0,0,,$0.00,$0.02,$0.00,$0.00,$0.00,$0.00,$0.54,,$0.00,$0.00,$0.00,$0.00,$0.00,$0.00,$0.00
7497079059470549009,#N/A,,,,,,,,,,,,,,,,,,,,,,,,,0,0,0,0,0,0,0,,$0.00,$0.00,$0.00,$0.00,$0.00,$0.00,$0.00,,,$0.00,$0.00,$0.00,$0.00,$0.00,$0.00
7501859248616341520,barrybee313,0,93,0,1,1,0,478,,1,1,1,1,1,1,1,,-1,-1,-1,-1,-1,-1,-1,,0,0,0,0,0,0,0,,$0.00,$0.42,$0.00,$0.00,$0.00,$0.00,$2.15,,$0.00,$0.00,$0.00,$0.00,$0.00,$0.00,$0.00
7359137538281406470,chrisart315,0,0,0,62,0,0,0,,1,1,1,1,1,1,1,,-1,-1,-1,-1,-1,-1,-1,,0,0,0,0,0,0,0,,$0.00,$0.00,$0.00,$0.28,$0.00,$0.00,$0.00,,$0.00,$0.00,$0.00,$0.00,$0.00,$0.00,$0.00
7505500794389692432,digitallizardmama,0,0,0,0,0,0,0,,1,1,1,1,1,1,1,,-1,-1,-1,-1,-1,-1,-1,,0,0,0,0,0,0,0,,$0.00,$0.00,$0.00,$0.00,$0.00,$0.00,$0.00,,$0.00,$0.00,$0.00,$0.00,$0.00,$0.00,$0.00
7359137184366034949,fishingwithollie1,0,0,"1,391",0,0,0,0,,1,1,1,1,1,1,1,,-1,-1,-1,-1,-1,-1,-1,,0,0,0,0,0,0,0,,$0.00,$0.00,$6.26,$0.00,$0.00,$0.00,$0.00,,$0.00,$0.00,$0.00,$0.00,$0.00,$0.00,$0.00
7508653795619160065,wadeclark16,1,0,0,0,0,0,0,,1,1,1,1,1,1,1,,-1,-1,-1,-1,-1,-1,-1,,0,0,0,0,0,0,0,,$0.00,$0.00,$0.00,$0.00,$0.00,$0.00,$0.00,,$0.00,$0.00,$0.00,$0.00,$0.00,$0.00,$0.00
7506768163925721104,onthatsince94,0,0,0,0,0,0,0,,1,1,1,1,1,1,1,,-1,-1,-1,-1,-1,-1,-1,,0,0,0,0,0,0,0,,$0.00,$0.00,$0.00,$0.00,$0.00,$0.00,$0.00,,$0.00,$0.00,$0.00,$0.00,$0.00,$0.00,$0.00
7507056126609883153,#N/A,,,,,,,0,,,,,,,,1,,,,,,,,-1,,0,0,0,0,0,0,0,,$0.00,$0.00,$0.00,$0.00,$0.00,$0.00,$0.00,,,$0.00,$0.00,$0.00,$0.00,$0.00,$0.00
7505481473814937617,,,,,,,0,0,,,,,,,1,1,,,,,,,-1,-1,,0,0,0,0,0,0,0,,$0.00,$0.00,$0.00,$0.00,$0.00,$0.00,$0.00,,,$0.00,$0.00,$0.00,$0.00,$0.00,$0.00
7502229937454268432,ezay_life1,0,0,0,0,0,0,0,,1,1,1,1,1,1,1,,-1,-1,-1,-1,-1,-1,-1,,0,0,0,0,0,0,0,,$0.00,$0.00,$0.00,$0.00,$0.00,$0.00,$0.00,,$0.00,$0.00,$0.00,$0.00,$0.00,$0.00,$0.00
7499269427771457553,inluvwithpnw,0,0,0,0,0,0,0,,1,1,1,1,1,1,1,,-1,-1,-1,-1,-1,-1,-1,,0,0,0,0,0,0,0,,$0.00,$0.00,$0.00,$0.00,$0.00,$0.00,$0.00,,$0.00,$0.00,$0.00,$0.00,$0.00,$0.00,$0.00
7504167381380497409,#N/A,,,,,,,0,,,,,,,,1,,,,,,,,-1,,0,0,0,0,0,0,0,,$0.00,$0.00,$0.00,$0.00,$0.00,$0.00,$0.00,,,$0.00,$0.00,$0.00,$0.00,$0.00,$0.00
7509307358300930065,postheartcore,0,0,0,0,2,0,0,,1,1,1,1,1,1,1,,-1,-1,-1,-1,-1,-1,-1,,0,0,0,0,0,0,0,,$0.00,$0.00,$0.00,$0.00,$0.01,$0.00,$0.00,,$0.00,$0.00,$0.00,$0.00,$0.00,$0.00,$0.00
7517471096153718800,imamberleybriana,2,"21,733","1,333","2,419",110,"3,541","47,378",,1,1,1,1,1,1,1,,-1,-1,-1,-1,-1,-1,2,,0,0,0,0,0,0,0,,$0.01,$97.80,$6.00,$10.89,$0.50,$15.93,$213.20,,$0.00,$0.00,$0.00,$0.00,$0.00,$0.00,$0.00
7510767609743343632,arivassallo914,"5,388","41,354","57,534","12,088","3,314","4,452","3,979",,1,1,1,1,1,1,1,,-1,3,2,2,2,3,2,,0,0,0,0,0,0,0,,$24.25,$186.09,$258.90,$54.40,$14.91,$20.03,$17.91,,$0.00,$0.00,$0.00,$0.00,$0.00,$0.00,$0.00
7510768475086897168,frimzayy,0,"2,219",2,121,412,"2,719",256,,1,1,1,1,1,1,1,,-1,-1,-1,-1,-1,-1,-1,,0,0,0,0,0,0,0,,$0.00,$9.99,$0.01,$0.54,$1.85,$12.24,$1.15,,$0.00,$0.00,$0.00,$0.00,$0.00,$0.00,$0.00
7516667825638064129,just_kymie,0,0,5,0,0,1,13,,1,1,1,1,1,1,1,,-1,-1,-1,-1,-1,-1,-1,,0,0,0,0,0,0,0,,$0.00,$0.00,$0.02,$0.00,$0.00,$0.00,$0.06,,$0.00,$0.00,$0.00,$0.00,$0.00,$0.00,$0.00
7517444538256850945,trippedz2xx,0,0,2,3,25,22,"1,031",,1,1,1,1,1,1,1,,-1,-1,-1,-1,-1,-1,0,,0,0,0,0,0,0,0,,$0.00,$0.00,$0.01,$0.01,$0.11,$0.10,$4.64,,$0.00,$0.00,$0.00,$0.00,$0.00,$0.00,$0.00
7519300322448310289,barrywhit3,0,0,1,0,0,0,0,,1,1,1,1,1,1,1,,-1,-1,-1,-1,-1,-1,-1,,0,0,0,0,0,0,0,,$0.00,$0.00,$0.00,$0.00,$0.00,$0.00,$0.00,,$0.00,$0.00,$0.00,$0.00,$0.00,$0.00,$0.00
7515218343071088657,ailipsbeauty0,0,535,369,"1,295","2,506",904,"2,600",,1,1,1,1,1,1,1,,-1,-1,-1,-1,0,2,0,,0,0,0,0,0,0,0,,$0.00,$2.41,$1.66,$5.83,$11.28,$4.07,$11.70,,$0.00,$0.00,$0.00,$0.00,$0.00,$0.00,$0.00
7514535922558369809,high_off_jazz,0,0,1,0,5,6,87,,1,1,1,1,1,1,1,,-1,-1,-1,-1,-1,-1,-1,,0,0,0,0,0,0,0,,$0.00,$0.00,$0.00,$0.00,$0.02,$0.03,$0.39,,$0.00,$0.00,$0.00,$0.00,$0.00,$0.00,$0.00
7359138276898603013,deklangill,0,277,"1,641",57,"1,860",10,0,,1,1,1,1,1,1,1,,-1,-1,-1,-1,-1,-1,-1,,0,0,0,0,0,0,0,,$0.00,$1.25,$7.38,$0.26,$8.37,$0.05,$0.00,,$0.00,$0.00,$0.00,$0.00,$0.00,$0.00,$0.00
7516705469575086096,zacairy,0,0,0,0,0,0,0,,1,1,1,1,1,1,1,,-1,-1,-1,-1,-1,-1,-1,,0,0,0,0,0,0,0,,$0.00,$0.00,$0.00,$0.00,$0.00,$0.00,$0.00,,$0.00,$0.00,$0.00,$0.00,$0.00,$0.00,$0.00
7513363198867914753,queenofhearts0069_,0,0,20,0,0,0,29,,1,1,1,1,1,1,1,,-1,-1,-1,-1,-1,-1,-1,,0,0,0,0,0,0,0,,$0.00,$0.00,$0.09,$0.00,$0.00,$0.00,$0.13,,$0.00,$0.00,$0.00,$0.00,$0.00,$0.00,$0.00
7515236092191195153,lunawolf4595,0,0,28,"1,308",1,0,"3,000",,1,1,1,1,1,1,1,,-1,-1,0,2,-1,-1,-1,,0,0,0,0,0,0,0,,$0.00,$0.00,$0.13,$5.89,$0.00,$0.00,$13.50,,$0.00,$0.00,$0.00,$0.00,$0.00,$0.00,$0.00
7510771128055398417,knzsvisuals,0,0,113,0,938,0,0,,1,1,1,1,1,1,1,,-1,-1,-1,-1,-1,-1,-1,,0,0,0,0,0,0,0,,$0.00,$0.00,$0.51,$0.00,$4.22,$0.00,$0.00,,$0.00,$0.00,$0.00,$0.00,$0.00,$0.00,$0.00
7514927122901647377,rossauceacademy,0,0,0,0,0,0,0,,1,1,1,1,1,1,1,,-1,-1,-1,-1,-1,-1,-1,,0,0,0,0,0,0,0,,$0.00,$0.00,$0.00,$0.00,$0.00,$0.00,$0.00,,$0.00,$0.00,$0.00,$0.00,$0.00,$0.00,$0.00
7511412626723946512,karen.ortiz88,0,0,0,0,0,0,0,,1,1,1,1,1,1,1,,-1,-1,-1,-1,-1,-1,-1,,0,0,0,0,0,0,0,,$0.00,$0.00,$0.00,$0.00,$0.00,$0.00,$0.00,,$0.00,$0.00,$0.00,$0.00,$0.00,$0.00,$0.00
7514738228092649488,itsknotsnot,0,0,0,0,0,0,0,,1,1,1,1,1,1,1,,-1,-1,-1,-1,-1,-1,-1,,0,0,0,0,0,0,0,,$0.00,$0.00,$0.00,$0.00,$0.00,$0.00,$0.00,,$0.00,$0.00,$0.00,$0.00,$0.00,$0.00,$0.00
7527933905626988561,shanellexnikole,"395,172","327,087","313,778","68,366","146,651","599,919","602,290",,4,4,4,1,2,5,5,,-1,1,1,-1,1,4,3,,0,0,0,0,0,0,0,,"$1,778.27","$1,471.89","$1,412.00",$307.65,$659.93,"$2,699.64","$2,710.31",,$0.00,$0.00,$0.00,$0.00,$0.00,$0.00,$0.00
7527045326104985617,jordananthonymusic,"1,385","646,536","1,022,050","1,188,017","600,371","291,849","298,270",,1,5,6,6,5,3,3,,-1,-1,1,1,1,0,0,,0,0,"10,000",0,0,0,0,,$6.23,"$2,909.41","$4,599.23","$5,346.08","$2,701.67","$1,313.32","$1,342.22",,$0.00,$0.00,$0.00,$0.00,$0.00,$0.00,$0.00
7524495263340298257,#N/A,,,"4,753","9,620","12,159","5,325","12,243",,,,1,1,1,1,1,,,,2,2,1,2,4,,0,0,0,0,0,0,0,,$0.00,$0.00,$21.39,$43.29,$54.72,$23.96,$55.09,,,$0.00,$0.00,$0.00,$0.00,$0.00,$0.00
7522981364623441936,,,"2,076","4,500","3,653","2,354","10,652","18,597",,,1,1,1,1,1,1,,,-1,-1,-1,-1,0,1,,0,0,0,0,0,0,0,,$0.00,$9.34,$20.25,$16.44,$10.59,$47.93,$83.69,,,$0.00,$0.00,$0.00,$0.00,$0.00,$0.00
7359137468723200006,#N/A,,,,,,,,,,,,,,,,,,,,,,,,,0,0,0,0,0,0,0,,$0.00,$0.00,$0.00,$0.00,$0.00,$0.00,$0.00,,,$0.00,$0.00,$0.00,$0.00,$0.00,$0.00
7521902300512960529,loveme_someher,0,365,558,71,35,"1,616","2,417",,1,1,1,1,1,1,1,,-1,-1,-1,-1,-1,-1,-1,,0,0,0,0,0,0,0,,$0.00,$1.64,$2.51,$0.32,$0.16,$7.27,$10.88,,$0.00,$0.00,$0.00,$0.00,$0.00,$0.00,$0.00
7532341639478558775,zakiyahnadir01,2,104,331,158,384,471,"1,027",,1,1,1,1,1,1,1,,-1,-1,-1,-1,1,1,3,,0,0,0,0,0,0,0,,$0.01,$0.47,$1.49,$0.71,$1.73,$2.12,$4.62,,$0.00,$0.00,$0.00,$0.00,$0.00,$0.00,$0.00
7381724490935418881,iluvbeingt,0,3,80,0,7,11,572,,1,1,1,1,1,1,1,,-1,-1,-1,-1,-1,-1,-1,,0,0,0,0,0,0,0,,$0.00,$0.01,$0.36,$0.00,$0.03,$0.05,$2.57,,$0.00,$0.00,$0.00,$0.00,$0.00,$0.00,$0.00
7523759456304529409,cjthejoviboi26,0,0,0,0,0,0,0,,1,1,1,1,1,1,1,,-1,-1,-1,-1,-1,-1,-1,,0,0,0,0,0,0,0,,$0.00,$0.00,$0.00,$0.00,$0.00,$0.00,$0.00,,$0.00,$0.00,$0.00,$0.00,$0.00,$0.00,$0.00
7523037433861013505,just.an.average.mark,0,0,0,0,0,0,0,,1,1,1,1,1,1,1,,-1,-1,-1,-1,-1,-1,-1,,0,0,0,0,0,0,0,,$0.00,$0.00,$0.00,$0.00,$0.00,$0.00,$0.00,,$0.00,$0.00,$0.00,$0.00,$0.00,$0.00,$0.00
7523381048978391057,#N/A,,,,32,0,0,0,,,,,1,1,1,1,,,,,-1,-1,-1,-1,,0,0,0,0,0,0,0,,$0.00,$0.00,$0.00,$0.14,$0.00,$0.00,$0.00,,,$0.00,$0.00,$0.00,$0.00,$0.00,$0.00
7531173843524730935,.nicomay,0,0,0,0,0,0,0,,1,1,1,1,1,1,1,,-1,-1,-1,-1,-1,-1,-1,,0,0,0,0,0,0,0,,$0.00,$0.00,$0.00,$0.00,$0.00,$0.00,$0.00,,$0.00,$0.00,$0.00,$0.00,$0.00,$0.00,$0.00
7527879281704419344,itssalami,0,0,0,0,0,0,0,,1,1,1,1,1,1,1,,-1,-1,-1,-1,-1,-1,-1,,0,0,0,0,0,0,0,,$0.00,$0.00,$0.00,$0.00,$0.00,$0.00,$0.00,,$0.00,$0.00,$0.00,$0.00,$0.00,$0.00,$0.00
7391438796933546001,mirsowavy,"194,737","940,352","1,596,583","1,129,517","427,546","283,002","641,752",,2,5,6,6,4,3,5,,-1,5,5,5,5,5,5,,0,0,0,0,0,0,0,,$876.32,"$4,231.58","$7,184.62","$5,082.83","$1,923.96","$1,273.51","$2,887.88",,$0.00,$0.00,$399.15,$282.38,$0.00,$0.00,$0.00
7539009437726720013,damoyee,"81,045","245,851","291,461","538,621","497,650","460,961","414,845",,1,3,3,5,4,4,4,,-1,2,2,4,3,3,3,,0,0,0,0,0,0,0,,$364.70,"$1,106.33","$1,311.57","$2,423.79","$2,239.43","$2,074.32","$1,866.80",,$0.00,$0.00,$0.00,$0.00,$0.00,$0.00,$0.00
7537793382597410829,svendranoel,0,0,107,"6,650",29,"15,670","1,185",,1,1,1,1,1,1,1,,-1,-1,-1,-1,-1,0,-1,,0,0,0,0,0,0,0,,$0.00,$0.00,$0.48,$29.93,$0.13,$70.52,$5.33,,$0.00,$0.00,$0.00,$0.00,$0.00,$0.00,$0.00
7535336479992889358,#N/A,,,"86,741","358,274","308,297","161,599","165,745",,,,1,4,4,2,2,,,,1,3,4,3,4,,0,0,0,0,0,0,0,,$0.00,$0.00,$390.33,"$1,612.23","$1,387.34",$727.20,$745.85,,,$0.00,$0.00,$0.00,$0.00,$0.00,$0.00
7538007038555897911,celia.silva072,0,"15,259","30,145","70,209","76,988","31,010","61,323",,1,1,1,1,1,1,1,,-1,-1,0,2,2,-1,2,,0,0,0,0,0,0,0,,$0.00,$68.67,$135.65,$315.94,$346.45,$139.55,$275.95,,$0.00,$0.00,$0.00,$0.00,$0.00,$0.00,$0.00
7537739361362919437,withlovebytonyaann,"24,102","165,609","23,502",76,0,0,0,,1,2,1,1,1,1,1,,-1,2,-1,-1,-1,-1,-1,,0,0,0,0,0,0,0,,$108.46,$745.24,$105.76,$0.34,$0.00,$0.00,$0.00,,$0.00,$0.00,$0.00,$0.00,$0.00,$0.00,$0.00
7426157075610468368,yaticasimagination,"28,469","8,633","10,247","1,320","3,131","1,145","7,406",,1,1,1,1,1,1,1,,-1,3,4,-1,1,1,3,,0,0,0,0,0,0,0,,$128.11,$38.85,$46.11,$5.94,$14.09,$5.15,$33.33,,$0.00,$0.00,$0.00,$0.00,$0.00,$0.00,$0.00
7390068722897174529,#N/A,,,,,,,"60,332",,,,,,,,1,,,,,,,,1,,0,0,0,0,0,0,0,,$0.00,$0.00,$0.00,$0.00,$0.00,$0.00,$271.49,,,$0.00,$0.00,$0.00,$0.00,$0.00,$0.00
7534212614495191095,mergemadam,"5,836","28,510","21,840",1,827,1,507,,1,1,1,1,1,1,1,,-1,5,4,-1,0,1,2,,0,0,0,0,0,0,0,,$26.26,$128.30,$98.28,$0.00,$3.72,$0.00,$2.28,,$0.00,$0.00,$0.00,$0.00,$0.00,$0.00,$0.00
7537116061758636045,kes_014,0,0,0,0,,,,,1,1,1,1,,,,,-1,-1,-1,-1,,,,,0,0,0,0,0,0,0,,$0.00,$0.00,$0.00,$0.00,$0.00,$0.00,$0.00,,$0.00,$0.00,$0.00,$0.00,$0.00,$0.00,$0.00
7543135486290935863,johnny_soap_mactavish5,0,1,0,3,"4,065",505,"2,522",,1,1,1,1,1,1,1,,-1,-1,-1,-1,2,2,0,,0,0,0,0,0,0,0,,$0.00,$0.00,$0.00,$0.01,$18.29,$2.27,$11.35,,$0.00,$0.00,$0.00,$0.00,$0.00,$0.00,$0.00
7535567490525675533,nita_b1068,0,0,"1,080","2,148","1,739","1,547","5,194",,1,1,1,1,1,1,1,,-1,-1,-1,1,-1,-1,-1,,0,0,0,0,0,0,0,,$0.00,$0.00,$4.86,$9.67,$7.83,$6.96,$23.37,,$0.00,$0.00,$0.00,$0.00,$0.00,$0.00,$0.00
7392861575922827280,#N/A,,,,831,10,11,"6,291",,,,,1,1,1,1,,,,,-1,-1,-1,-1,,0,0,0,0,0,0,0,,$0.00,$0.00,$0.00,$3.74,$0.05,$0.05,$28.31,,,$0.00,$0.00,$0.00,$0.00,$0.00,$0.00
7542994340252008462,destany717,309,"1,478","4,404","5,204","1,556","2,140","5,799",,1,1,1,1,1,1,1,,-1,-1,-1,-1,-1,-1,2,,0,0,0,0,0,0,0,,$1.39,$6.65,$19.82,$23.42,$7.00,$9.63,$26.10,,$0.00,$0.00,$0.00,$0.00,$0.00,$0.00,$0.00
7399857919480840209,gracies_time_to_shine,12,225,"1,178",450,10,494,"11,381",,1,1,1,1,1,1,1,,-1,-1,-1,-1,-1,-1,-1,,0,0,0,0,0,0,0,,$0.05,$1.01,$5.30,$2.03,$0.05,$2.22,$51.21,,$0.00,$0.00,$0.00,$0.00,$0.00,$0.00,$0.00
7534478942514855949,#N/A,,,,,,,,,,,,,,,,,,,,,,,,,0,0,0,0,0,0,0,,$0.00,$0.00,$0.00,$0.00,$0.00,$0.00,$0.00,,,$0.00,$0.00,$0.00,$0.00,$0.00,$0.00
7538283212296962103,by.nicolel,0,0,0,0,42,1,8,,1,1,1,1,1,1,1,,-1,-1,-1,-1,-1,-1,-1,,0,0,0,0,0,0,0,,$0.00,$0.00,$0.00,$0.00,$0.19,$0.00,$0.04,,$0.00,$0.00,$0.00,$0.00,$0.00,$0.00,$0.00
7541082464794722317,monkabutt1,0,129,"3,919",330,88,"3,248",630,,1,1,1,1,1,1,1,,-1,-1,-1,-1,-1,-1,-1,,0,0,0,0,0,0,0,,$0.00,$0.58,$17.64,$1.49,$0.40,$14.62,$2.84,,$0.00,$0.00,$0.00,$0.00,$0.00,$0.00,$0.00
7540422547419217975,lalaloopsy.daisy,0,27,500,392,0,0,3,,1,1,1,1,1,1,1,,-1,-1,-1,-1,-1,-1,-1,,0,0,0,0,0,0,0,,$0.00,$0.12,$2.25,$1.76,$0.00,$0.00,$0.01,,$0.00,$0.00,$0.00,$0.00,$0.00,$0.00,$0.00
7537809549294878775,#N/A,,,"1,010","1,607",39,866,"1,321",,,,1,1,1,1,1,,,,-1,-1,-1,0,-1,,0,0,0,0,0,0,0,,$0.00,$0.00,$4.55,$7.23,$0.18,$3.90,$5.94,,,$0.00,$0.00,$0.00,$0.00,$0.00,$0.00
7538877747918028813,luvmh.j,0,0,0,0,0,"2,426",4,,1,1,1,1,1,1,1,,-1,-1,-1,-1,-1,2,-1,,0,0,0,0,0,0,0,,$0.00,$0.00,$0.00,$0.00,$0.00,$10.92,$0.02,,$0.00,$0.00,$0.00,$0.00,$0.00,$0.00,$0.00
7532520627404849166,888_fai_fai,"2,418","29,696","40,312","8,537","1,646","4,149","1,714",,1,1,1,1,1,1,1,,-1,3,5,4,3,1,2,,0,0,0,0,0,0,0,,$10.88,$133.63,$181.40,$38.42,$7.41,$18.67,$7.71,,$0.00,$0.00,$0.00,$0.00,$0.00,$0.00,$0.00
7535212687584903181,dannybartok,0,103,0,"2,013",2,0,0,,1,1,1,1,1,1,1,,-1,-1,-1,-1,-1,-1,-1,,0,0,0,0,0,0,0,,$0.00,$0.46,$0.00,$9.06,$0.01,$0.00,$0.00,,$0.00,$0.00,$0.00,$0.00,$0.00,$0.00,$0.00
7359137874656165893,#N/A,,,,,,,,,,,,,,,,,,,,,,,,,0,0,0,0,0,0,0,,$0.00,$0.00,$0.00,$0.00,$0.00,$0.00,$0.00,,,$0.00,$0.00,$0.00,$0.00,$0.00,$0.00
7452134090184278017,jae_moe97,0,43,321,"1,829",301,112,913,,1,1,1,1,1,1,1,,-1,-1,-1,-1,-1,-1,-1,,0,0,0,0,0,0,0,,$0.00,$0.19,$1.44,$8.23,$1.35,$0.50,$4.11,,$0.00,$0.00,$0.00,$0.00,$0.00,$0.00,$0.00
7543362555650195511,glowymariia,0,"16,593","10,887","9,622","6,385","4,989","7,375",,1,1,1,1,1,1,1,,-1,0,-1,-1,-1,-1,-1,,0,0,0,0,0,0,0,,$0.00,$74.67,$48.99,$43.30,$28.73,$22.45,$33.19,,$0.00,$0.00,$0.00,$0.00,$0.00,$0.00,$0.00
7539619059638452237,bmoneyslife,0,0,0,0,0,24,0,,1,1,1,1,1,1,1,,-1,-1,-1,-1,-1,-1,-1,,0,0,0,0,0,0,0,,$0.00,$0.00,$0.00,$0.00,$0.00,$0.11,$0.00,,$0.00,$0.00,$0.00,$0.00,$0.00,$0.00,$0.00
7541597194860838926,x.xiii.x,"1,036","8,420",0,0,619,"34,033","4,398",,1,1,1,1,1,1,1,,-1,-1,-1,-1,-1,-1,-1,,0,0,0,0,0,0,0,,$4.66,$37.89,$0.00,$0.00,$2.79,$153.15,$19.79,,$0.00,$0.00,$0.00,$0.00,$0.00,$0.00,$0.00
7537733986077065230,inotmechy,"1,073","42,331","3,364",0,0,0,0,,1,1,1,1,1,1,1,,-1,2,0,-1,-1,-1,-1,,0,0,0,0,0,0,0,,$4.83,$190.49,$15.14,$0.00,$0.00,$0.00,$0.00,,$0.00,$0.00,$0.00,$0.00,$0.00,$0.00,$0.00
7538299940934828046,dovahkiinsdaydream,0,0,0,0,0,"3,788",0,,1,1,1,1,1,1,1,,-1,-1,-1,-1,-1,-1,-1,,0,0,0,0,0,0,0,,$0.00,$0.00,$0.00,$0.00,$0.00,$17.05,$0.00,,$0.00,$0.00,$0.00,$0.00,$0.00,$0.00,$0.00
7531014993601609741,asiaechols,0,"10,047",0,"7,309",0,0,167,,1,1,1,1,1,1,1,,-1,-1,-1,-1,-1,-1,-1,,0,0,0,0,0,0,0,,$0.00,$45.21,$0.00,$32.89,$0.00,$0.00,$0.75,,$0.00,$0.00,$0.00,$0.00,$0.00,$0.00,$0.00
7528205495350509569,its_me_princess2,0,0,0,0,"1,069",0,31,,1,1,1,1,1,1,1,,-1,-1,-1,-1,-1,-1,-1,,0,0,0,0,0,0,0,,$0.00,$0.00,$0.00,$0.00,$4.81,$0.00,$0.14,,$0.00,$0.00,$0.00,$0.00,$0.00,$0.00,$0.00
7541631419496415287,stefanineemann,0,277,39,63,23,271,0,,1,1,1,1,1,1,1,,-1,-1,-1,-1,-1,-1,-1,,0,0,0,0,0,0,0,,$0.00,$1.25,$0.18,$0.28,$0.10,$1.22,$0.00,,$0.00,$0.00,$0.00,$0.00,$0.00,$0.00,$0.00
7481422591517884432,#N/A,,,,,,,,,,,,,,,,,,,,,,,,,0,0,0,0,0,0,0,,$0.00,$0.00,$0.00,$0.00,$0.00,$0.00,$0.00,,,$0.00,$0.00,$0.00,$0.00,$0.00,$0.00
7534083780236132366,giraffewalrus1,0,0,0,0,0,0,0,,1,1,1,1,1,1,1,,-1,-1,-1,-1,-1,-1,-1,,0,0,0,0,0,0,0,,$0.00,$0.00,$0.00,$0.00,$0.00,$0.00,$0.00,,$0.00,$0.00,$0.00,$0.00,$0.00,$0.00,$0.00
7534272981367930894,sweettd724,0,0,0,0,198,0,407,,1,1,1,1,1,1,1,,-1,-1,-1,-1,-1,-1,-1,,0,0,0,0,0,0,0,,$0.00,$0.00,$0.00,$0.00,$0.89,$0.00,$1.83,,$0.00,$0.00,$0.00,$0.00,$0.00,$0.00,$0.00
7538899445430403085,unruly_roxi,0,0,0,0,0,0,0,,1,1,1,1,1,1,1,,-1,-1,-1,-1,-1,-1,-1,,0,0,0,0,0,0,0,,$0.00,$0.00,$0.00,$0.00,$0.00,$0.00,$0.00,,$0.00,$0.00,$0.00,$0.00,$0.00,$0.00,$0.00
7542995911794933773,alexarennae24,0,1,18,1,4,0,0,,1,1,1,1,1,1,1,,-1,-1,-1,-1,-1,-1,-1,,0,0,0,0,0,0,0,,$0.00,$0.00,$0.08,$0.00,$0.02,$0.00,$0.00,,$0.00,$0.00,$0.00,$0.00,$0.00,$0.00,$0.00
7452915501849772048,hannahcardenn,0,1,0,0,0,0,0,,1,1,1,1,1,1,1,,-1,-1,-1,-1,-1,-1,-1,,0,0,0,0,0,0,0,,$0.00,$0.00,$0.00,$0.00,$0.00,$0.00,$0.00,,$0.00,$0.00,$0.00,$0.00,$0.00,$0.00,$0.00
7535624623631712270,sarah_taylor06,0,0,0,0,0,0,0,,1,1,1,1,1,1,1,,-1,-1,-1,-1,-1,-1,-1,,0,0,0,0,0,0,0,,$0.00,$0.00,$0.00,$0.00,$0.00,$0.00,$0.00,,$0.00,$0.00,$0.00,$0.00,$0.00,$0.00,$0.00
7540420286894653495,forevereofficial,0,0,13,0,0,0,0,,1,1,1,1,1,1,1,,-1,-1,-1,-1,-1,-1,-1,,0,0,0,0,0,0,0,,$0.00,$0.00,$0.06,$0.00,$0.00,$0.00,$0.00,,$0.00,$0.00,$0.00,$0.00,$0.00,$0.00,$0.00
7533812161387249678,alecohn,125,316,0,0,0,0,0,,1,1,1,1,1,1,1,,-1,-1,-1,-1,-1,-1,-1,,0,0,0,0,0,0,0,,$0.56,$1.42,$0.00,$0.00,$0.00,$0.00,$0.00,,$0.00,$0.00,$0.00,$0.00,$0.00,$0.00,$0.00
7541895227787952141,iamlillyelle,0,0,0,0,327,"5,481",604,,1,1,1,1,1,1,1,,-1,-1,-1,-1,-1,1,1,,0,0,0,0,0,0,0,,$0.00,$0.00,$0.00,$0.00,$1.47,$24.66,$2.72,,$0.00,$0.00,$0.00,$0.00,$0.00,$0.00,$0.00
7535262866870681613,dyylpicklle,0,0,0,0,0,0,0,,1,1,1,1,1,1,1,,-1,-1,-1,-1,-1,-1,-1,,0,0,0,0,0,0,0,,$0.00,$0.00,$0.00,$0.00,$0.00,$0.00,$0.00,,$0.00,$0.00,$0.00,$0.00,$0.00,$0.00,$0.00
7542677448308244535,tatyanadvoce,0,1,961,10,1,0,0,,1,1,1,1,1,1,1,,-1,-1,-1,-1,-1,-1,-1,,0,0,0,0,0,0,0,,$0.00,$0.00,$4.32,$0.05,$0.00,$0.00,$0.00,,$0.00,$0.00,$0.00,$0.00,$0.00,$0.00,$0.00
7363458991315501072,tx_clarebear,0,0,50,0,0,7,0,,1,1,1,1,1,1,1,,-1,-1,-1,-1,-1,-1,-1,,0,0,0,0,0,0,0,,$0.00,$0.00,$0.23,$0.00,$0.00,$0.03,$0.00,,$0.00,$0.00,$0.00,$0.00,$0.00,$0.00,$0.00
7540210189027295287,iluv_pitabread,0,8,33,"1,604",0,0,0,,1,1,1,1,1,1,1,,-1,-1,-1,-1,-1,-1,-1,,0,0,0,0,0,0,0,,$0.00,$0.04,$0.15,$7.22,$0.00,$0.00,$0.00,,$0.00,$0.00,$0.00,$0.00,$0.00,$0.00,$0.00
7539213472236683319,pglassman68,0,0,0,1,0,0,"1,824",,1,1,1,1,1,1,1,,-1,-1,-1,-1,-1,-1,-1,,0,0,0,0,0,0,0,,$0.00,$0.00,$0.00,$0.00,$0.00,$0.00,$8.21,,$0.00,$0.00,$0.00,$0.00,$0.00,$0.00,$0.00
7543056721388879927,mariamcgill3,0,0,5,0,0,0,0,,1,1,1,1,1,1,1,,-1,-1,-1,-1,-1,-1,-1,,0,0,0,0,0,0,0,,$0.00,$0.00,$0.02,$0.00,$0.00,$0.00,$0.00,,$0.00,$0.00,$0.00,$0.00,$0.00,$0.00,$0.00
7537126891673927735,baby.lange7777,0,0,0,0,0,299,0,,1,1,1,1,1,1,1,,-1,-1,-1,-1,-1,-1,-1,,0,0,0,0,0,0,0,,$0.00,$0.00,$0.00,$0.00,$0.00,$1.35,$0.00,,$0.00,$0.00,$0.00,$0.00,$0.00,$0.00,$0.00
7543807642234306615,torikayofficial,0,0,0,0,0,0,0,,1,1,1,1,1,1,1,,-1,-1,-1,-1,-1,-1,-1,,0,0,0,0,0,0,0,,$0.00,$0.00,$0.00,$0.00,$0.00,$0.00,$0.00,,$0.00,$0.00,$0.00,$0.00,$0.00,$0.00,$0.00
7544385399389634615,hannahh764,0,0,0,0,0,0,0,,1,1,1,1,1,1,1,,-1,-1,-1,-1,-1,-1,-1,,0,0,0,0,0,0,0,,$0.00,$0.00,$0.00,$0.00,$0.00,$0.00,$0.00,,$0.00,$0.00,$0.00,$0.00,$0.00,$0.00,$0.00
7535179859534954551,xoxoseptemberr,0,0,1,0,0,0,0,,1,1,1,1,1,1,1,,-1,-1,-1,-1,-1,-1,-1,,0,0,0,0,0,0,0,,$0.00,$0.00,$0.00,$0.00,$0.00,$0.00,$0.00,,$0.00,$0.00,$0.00,$0.00,$0.00,$0.00,$0.00
7377956668812050449,royal_maiden,0,0,0,0,0,0,0,,1,1,1,1,1,1,1,,-1,-1,-1,-1,-1,-1,-1,,0,0,0,0,0,0,0,,$0.00,$0.00,$0.00,$0.00,$0.00,$0.00,$0.00,,$0.00,$0.00,$0.00,$0.00,$0.00,$0.00,$0.00
7538182665934225463,shiennegh,0,0,0,0,0,0,0,,1,1,1,1,1,1,1,,-1,-1,-1,-1,-1,-1,-1,,0,0,0,0,0,0,0,,$0.00,$0.00,$0.00,$0.00,$0.00,$0.00,$0.00,,$0.00,$0.00,$0.00,$0.00,$0.00,$0.00,$0.00
7538874394421280781,denise_edwards71,0,0,0,0,0,0,0,,1,1,1,1,1,1,1,,-1,-1,-1,-1,-1,-1,-1,,0,0,0,0,0,0,0,,$0.00,$0.00,$0.00,$0.00,$0.00,$0.00,$0.00,,$0.00,$0.00,$0.00,$0.00,$0.00,$0.00,$0.00
7543090187069505591,itslalamovess,0,0,0,0,0,0,0,,1,1,1,1,1,1,1,,-1,-1,-1,-1,-1,-1,-1,,0,0,0,0,0,0,0,,$0.00,$0.00,$0.00,$0.00,$0.00,$0.00,$0.00,,$0.00,$0.00,$0.00,$0.00,$0.00,$0.00,$0.00
7541126368428474423,stefandakarivlogs,0,0,0,0,0,2,0,,1,1,1,1,1,1,1,,-1,-1,-1,-1,-1,-1,-1,,0,0,0,0,0,0,0,,$0.00,$0.00,$0.00,$0.00,$0.00,$0.01,$0.00,,$0.00,$0.00,$0.00,$0.00,$0.00,$0.00,$0.00
7359139215025700869,wh0s.kaliyaah,0,0,0,0,0,0,0,,1,1,1,1,1,1,1,,-1,-1,-1,-1,-1,-1,-1,,0,0,0,0,0,0,0,,$0.00,$0.00,$0.00,$0.00,$0.00,$0.00,$0.00,,$0.00,$0.00,$0.00,$0.00,$0.00,$0.00,$0.00
7541718074152697869,mortgage.with.gage,0,0,0,0,0,0,0,,1,1,1,1,1,1,1,,-1,-1,-1,-1,-1,-1,-1,,0,0,0,0,0,0,0,,$0.00,$0.00,$0.00,$0.00,$0.00,$0.00,$0.00,,$0.00,$0.00,$0.00,$0.00,$0.00,$0.00,$0.00
7535949207002464270,chelseagafford,0,0,0,0,0,0,0,,1,1,1,1,1,1,1,,-1,-1,-1,-1,-1,-1,-1,,0,0,0,0,0,0,0,,$0.00,$0.00,$0.00,$0.00,$0.00,$0.00,$0.00,,$0.00,$0.00,$0.00,$0.00,$0.00,$0.00,$0.00
7533400357939101710,kimmie140,0,0,0,0,0,0,0,,1,1,1,1,1,1,1,,-1,-1,-1,-1,-1,-1,-1,,0,0,0,0,0,0,0,,$0.00,$0.00,$0.00,$0.00,$0.00,$0.00,$0.00,,$0.00,$0.00,$0.00,$0.00,$0.00,$0.00,$0.00
7533400226460352526,sammysosexy1,0,0,0,0,0,0,0,,1,1,1,1,1,1,1,,-1,-1,-1,-1,-1,-1,-1,,0,0,0,0,0,0,0,,$0.00,$0.00,$0.00,$0.00,$0.00,$0.00,$0.00,,$0.00,$0.00,$0.00,$0.00,$0.00,$0.00,$0.00
7533400409910689805,buickmckane8,0,0,0,0,0,0,0,,1,1,1,1,1,1,1,,-1,-1,-1,-1,-1,-1,-1,,0,0,0,0,0,0,0,,$0.00,$0.00,$0.00,$0.00,$0.00,$0.00,$0.00,,$0.00,$0.00,$0.00,$0.00,$0.00,$0.00,$0.00
7533845752582553613,gigiguerrero01,0,0,0,0,0,0,0,,1,1,1,1,1,1,1,,-1,-1,-1,-1,-1,-1,-1,,0,0,0,0,0,0,0,,$0.00,$0.00,$0.00,$0.00,$0.00,$0.00,$0.00,,$0.00,$0.00,$0.00,$0.00,$0.00,$0.00,$0.00
7554552006812188727,imjustnicob,"24,484","329,497","429,451","279,938","405,092","312,335","460,647",,1,4,4,3,4,4,4,,-1,5,5,5,4,5,5,,0,0,0,0,0,0,0,,$110.18,"$1,482.74","$1,932.53","$1,259.72","$1,822.91","$1,405.51","$2,072.91",,$0.00,$0.00,$0.00,$0.00,$0.00,$0.00,$0.00
7555294248464039991,follow_the_breeze,"8,682","87,476","283,608","234,950","67,561","112,598","680,010",,1,1,3,3,1,2,5,,-1,2,4,4,2,3,5,,0,0,0,0,0,0,0,,$39.07,$393.64,"$1,276.24","$1,057.28",$304.02,$506.69,"$3,060.05",,$0.00,$0.00,$0.00,$0.00,$0.00,$0.00,$0.00
7549665746826281015,kimberlyisabelle0,"2,637","122,609","126,873","112,525","149,405","150,150","247,665",,1,2,2,2,2,2,3,,-1,5,5,2,5,5,5,,0,0,0,0,0,0,0,,$11.87,$551.74,$570.93,$506.36,$672.32,$675.68,"$1,114.49",,$0.00,$0.00,$0.00,$0.00,$0.00,$0.00,$0.00
7548650142132584461,allltimesam,"15,283","52,578","147,261","92,307","70,310","90,266","81,396",,1,1,2,1,1,1,1,,-1,4,3,3,2,3,3,,0,0,0,0,0,0,0,,$68.77,$236.60,$662.67,$415.38,$316.40,$406.20,$366.28,,$0.00,$0.00,$0.00,$0.00,$0.00,$0.00,$0.00
7548574120376647694,sosefinaaah,"1,593","15,400","14,049","21,224","32,698","22,238","8,402",,1,1,1,1,1,1,1,,-1,4,5,3,4,4,4,,0,0,0,0,0,0,0,,$7.17,$69.30,$63.22,$95.51,$147.14,$100.07,$37.81,,$0.00,$0.00,$0.00,$0.00,$0.00,$0.00,$0.00
7359135499635884038,the.camjohnson,"37,063","258,179","76,252","323,116","355,536","64,099","11,736",,1,3,1,4,4,1,1,,-1,4,3,3,3,1,-1,,0,0,0,0,0,0,0,,$166.78,"$1,161.81",$343.13,"$1,454.02","$1,599.91",$288.45,$52.81,,$0.00,$0.00,$0.00,$0.00,$0.00,$0.00,$0.00
7359134578394529797,fathernewman,"4,427","11,796","4,085","13,034","7,496","11,333","5,322",,1,1,1,1,1,1,1,,-1,5,4,5,5,5,3,,0,0,0,0,0,0,0,,$19.92,$53.08,$18.38,$58.65,$33.73,$51.00,$23.95,,$0.00,$0.00,$0.00,$0.00,$0.00,$0.00,$0.00
7551954482628673591,xohugggxo,4,0,"5,504","4,257",779,0,"20,950",,1,1,1,1,1,1,1,,-1,-1,-1,2,2,-1,-1,,0,0,0,0,0,0,0,,$0.02,$0.00,$24.77,$19.16,$3.51,$0.00,$94.28,,$0.00,$0.00,$0.00,$0.00,$0.00,$0.00,$0.00
7546388294167216142,zordoth,"4,172","71,204","105,243","140,958","70,314","17,421","27,406",,1,1,2,2,1,1,1,,-1,3,3,5,3,2,3,,0,0,0,0,0,0,0,,$18.77,$320.42,$473.59,$634.31,$316.41,$78.39,$123.33,,$0.00,$0.00,$0.00,$0.00,$0.00,$0.00,$0.00
7546017169939709965,#N/A,,,,"2,859","40,341","140,134","48,920",,,,,1,1,2,1,,,,,-1,-1,1,-1,,0,0,0,0,0,0,0,,$0.00,$0.00,$0.00,$12.87,$181.53,$630.60,$220.14,,,$0.00,$0.00,$0.00,$0.00,$0.00,$0.00
7547872614069518349,primed.plat,0,0,0,0,"2,490","7,221",0,,1,1,1,1,1,1,1,,-1,-1,-1,-1,-1,-1,-1,,0,0,0,0,0,0,0,,$0.00,$0.00,$0.00,$0.00,$11.21,$32.49,$0.00,,$0.00,$0.00,$0.00,$0.00,$0.00,$0.00,$0.00
7553020731857322039,depttv,0,0,0,0,0,0,0,,1,1,1,1,1,1,1,,-1,-1,-1,-1,-1,-1,-1,,0,0,0,0,0,0,0,,$0.00,$0.00,$0.00,$0.00,$0.00,$0.00,$0.00,,$0.00,$0.00,$0.00,$0.00,$0.00,$0.00,$0.00
7550884206759559223,uriquarlesceodfm,"77,831","769,333","1,166,128","312,443","414,736","28,491","89,042",,1,5,6,4,4,1,1,,-1,2,2,0,1,1,1,,0,0,0,0,0,0,0,,$350.24,"$3,462.00","$5,247.58","$1,405.99","$1,866.31",$128.21,$400.69,,$0.00,$0.00,$0.00,$0.00,$0.00,$0.00,$0.00
7550850474841456654,eyekonicswiftie,0,0,0,0,0,0,14,,1,1,1,1,1,1,1,,-1,-1,-1,-1,-1,-1,-1,,0,0,0,0,0,0,0,,$0.00,$0.00,$0.00,$0.00,$0.00,$0.00,$0.06,,$0.00,$0.00,$0.00,$0.00,$0.00,$0.00,$0.00
7545275004133523470,ibentleyplays,0,0,"1,050",1,0,3,12,,1,1,1,1,1,1,1,,-1,-1,-1,-1,-1,-1,0,,0,0,0,0,0,0,0,,$0.00,$0.00,$4.73,$0.00,$0.00,$0.01,$0.05,,$0.00,$0.00,$0.00,$0.00,$0.00,$0.00,$0.00
7504376226061123585,juustjewel,0,433,"3,193",377,"24,935","11,712","12,508",,1,1,1,1,1,1,1,,-1,-1,-1,-1,-1,-1,-1,,0,0,0,0,0,0,0,,$0.00,$1.95,$14.37,$1.70,$112.21,$52.70,$56.29,,$0.00,$0.00,$0.00,$0.00,$0.00,$0.00,$0.00
7552939326489903118,daethaabratt,322,"2,552","3,724","3,962","7,427","3,512","10,862",,1,1,1,1,1,1,1,,-1,1,2,2,3,1,1,,0,0,0,0,0,0,0,,$1.45,$11.48,$16.76,$17.83,$33.42,$15.80,$48.88,,$0.00,$0.00,$0.00,$0.00,$0.00,$0.00,$0.00
7554608530725126157,#N/A,,,,,"14,566","19,071","1,840",,,,,,1,1,1,,,,,,2,2,1,,0,0,0,0,0,0,0,,$0.00,$0.00,$0.00,$0.00,$65.55,$85.82,$8.28,,,$0.00,$0.00,$0.00,$0.00,$0.00,$0.00
7359137883216805893,prodigalmediumgabe,0,73,"1,469",10,0,0,0,,1,1,1,1,1,1,1,,-1,-1,-1,-1,-1,-1,-1,,0,0,0,0,0,0,0,,$0.00,$0.33,$6.61,$0.05,$0.00,$0.00,$0.00,,$0.00,$0.00,$0.00,$0.00,$0.00,$0.00,$0.00
7548614938793721869,#N/A,,,,,"34,311","3,863",247,,,,,,1,1,1,,,,,,1,2,-1,,0,0,0,0,0,0,0,,$0.00,$0.00,$0.00,$0.00,$154.40,$17.38,$1.11,,,$0.00,$0.00,$0.00,$0.00,$0.00,$0.00
7546213073846124557,xellienicolex,0,53,0,10,0,0,0,,1,1,1,1,1,1,1,,-1,-1,-1,-1,-1,-1,-1,,0,0,0,0,0,0,0,,$0.00,$0.24,$0.00,$0.05,$0.00,$0.00,$0.00,,$0.00,$0.00,$0.00,$0.00,$0.00,$0.00,$0.00
7550060797972463629,riahchamp,0,0,0,0,23,10,0,,1,1,1,1,1,1,1,,-1,-1,-1,-1,-1,-1,-1,,0,0,0,0,0,0,0,,$0.00,$0.00,$0.00,$0.00,$0.10,$0.05,$0.00,,$0.00,$0.00,$0.00,$0.00,$0.00,$0.00,$0.00
7445083336403533825,dwayne6sr,0,7,10,30,0,0,0,,1,1,1,1,1,1,1,,-1,-1,-1,-1,-1,-1,-1,,0,0,0,0,0,0,0,,$0.00,$0.03,$0.05,$0.14,$0.00,$0.00,$0.00,,$0.00,$0.00,$0.00,$0.00,$0.00,$0.00,$0.00
7551977020750741559,cincore,0,0,11,0,43,0,0,,1,1,1,1,1,1,1,,-1,-1,-1,-1,-1,-1,-1,,0,0,0,0,0,0,0,,$0.00,$0.00,$0.05,$0.00,$0.19,$0.00,$0.00,,$0.00,$0.00,$0.00,$0.00,$0.00,$0.00,$0.00
7554923164661268494,ogdiablos,0,0,0,0,0,"4,393",0,,1,1,1,1,1,1,1,,-1,-1,-1,-1,-1,-1,-1,,0,0,0,0,0,0,0,,$0.00,$0.00,$0.00,$0.00,$0.00,$19.77,$0.00,,$0.00,$0.00,$0.00,$0.00,$0.00,$0.00,$0.00
7554197620911095863,realmelina,0,0,0,0,0,"4,417",0,,1,1,1,1,1,1,1,,-1,-1,-1,-1,-1,-1,-1,,0,0,0,0,0,0,0,,$0.00,$0.00,$0.00,$0.00,$0.00,$19.88,$0.00,,$0.00,$0.00,$0.00,$0.00,$0.00,$0.00,$0.00
7555712827848310798,elenore1950,0,0,0,0,0,0,0,,1,1,1,1,1,1,1,,-1,-1,-1,-1,-1,-1,-1,,0,0,0,0,0,0,0,,$0.00,$0.00,$0.00,$0.00,$0.00,$0.00,$0.00,,$0.00,$0.00,$0.00,$0.00,$0.00,$0.00,$0.00
7552892121850658829,michaelcorrera,0,0,0,0,0,0,0,,1,1,1,1,1,1,1,,-1,-1,-1,-1,-1,-1,-1,,0,0,0,0,0,0,0,,$0.00,$0.00,$0.00,$0.00,$0.00,$0.00,$0.00,,$0.00,$0.00,$0.00,$0.00,$0.00,$0.00,$0.00
7551925540999938103,nightlydaff,0,0,0,0,0,2,0,,1,1,1,1,1,1,1,,-1,-1,-1,-1,-1,-1,-1,,0,0,0,0,0,0,0,,$0.00,$0.00,$0.00,$0.00,$0.00,$0.01,$0.00,,$0.00,$0.00,$0.00,$0.00,$0.00,$0.00,$0.00
7548512478117019662,cf_warrior.xoxo,0,0,0,0,0,0,0,,1,1,1,1,1,1,1,,-1,-1,-1,-1,-1,-1,-1,,0,0,0,0,0,0,0,,$0.00,$0.00,$0.00,$0.00,$0.00,$0.00,$0.00,,$0.00,$0.00,$0.00,$0.00,$0.00,$0.00,$0.00
7551917025526988813,laddanurv,0,0,0,0,0,0,0,,1,1,1,1,1,1,1,,-1,-1,-1,-1,-1,-1,-1,,0,0,0,0,0,0,0,,$0.00,$0.00,$0.00,$0.00,$0.00,$0.00,$0.00,,$0.00,$0.00,$0.00,$0.00,$0.00,$0.00,$0.00
7555605705676603406,#N/A,,,0,0,0,0,0,,,,1,1,1,1,1,,,,-1,-1,-1,-1,-1,,0,0,0,0,0,0,0,,$0.00,$0.00,$0.00,$0.00,$0.00,$0.00,$0.00,,,$0.00,$0.00,$0.00,$0.00,$0.00,$0.00
7548320490268442638,bethanyflauren,0,0,0,0,0,0,0,,1,1,1,1,1,1,1,,-1,-1,-1,-1,-1,-1,-1,,0,0,0,0,0,0,0,,$0.00,$0.00,$0.00,$0.00,$0.00,$0.00,$0.00,,$0.00,$0.00,$0.00,$0.00,$0.00,$0.00,$0.00
7424398904805900305,ttvgtrose_,0,0,2,0,0,0,0,,1,1,1,1,1,1,1,,-1,-1,-1,-1,-1,-1,-1,,0,0,0,0,0,0,0,,$0.00,$0.00,$0.01,$0.00,$0.00,$0.00,$0.00,,$0.00,$0.00,$0.00,$0.00,$0.00,$0.00,$0.00
7547563824795271223,rdino_36,24,0,"2,756",0,42,"8,715","7,932",,1,1,1,1,1,1,1,,-1,-1,2,-1,-1,5,5,,0,0,0,0,0,0,0,,$0.11,$0.00,$12.40,$0.00,$0.19,$39.22,$35.69,,$0.00,$0.00,$0.00,$0.00,$0.00,$0.00,$0.00
7544949475618635790,extracrispyelle,0,0,0,0,0,0,0,,1,1,1,1,1,1,1,,-1,-1,-1,-1,-1,-1,-1,,0,0,0,0,0,0,0,,$0.00,$0.00,$0.00,$0.00,$0.00,$0.00,$0.00,,$0.00,$0.00,$0.00,$0.00,$0.00,$0.00,$0.00
7549186597481299982,c.p.a.c.k,0,0,0,0,0,0,0,,1,1,1,1,1,1,1,,-1,-1,-1,-1,-1,-1,-1,,0,0,0,0,0,0,0,,$0.00,$0.00,$0.00,$0.00,$0.00,$0.00,$0.00,,$0.00,$0.00,$0.00,$0.00,$0.00,$0.00,$0.00
7551242840450383927,nikkigooch4,0,0,0,0,0,0,0,,1,1,1,1,1,1,1,,-1,-1,-1,-1,-1,-1,-1,,0,0,0,0,0,0,0,,$0.00,$0.00,$0.00,$0.00,$0.00,$0.00,$0.00,,$0.00,$0.00,$0.00,$0.00,$0.00,$0.00,$0.00
7359136334830796805,alwayshim19,0,0,0,0,0,0,0,,1,1,1,1,1,1,1,,-1,-1,-1,-1,-1,-1,-1,,0,0,0,0,0,0,0,,$0.00,$0.00,$0.00,$0.00,$0.00,$0.00,$0.00,,$0.00,$0.00,$0.00,$0.00,$0.00,$0.00,$0.00
7549362050292760589,amber01123,0,0,0,0,0,0,0,,1,1,1,1,1,1,1,,-1,-1,-1,-1,-1,-1,-1,,0,0,0,0,0,0,0,,$0.00,$0.00,$0.00,$0.00,$0.00,$0.00,$0.00,,$0.00,$0.00,$0.00,$0.00,$0.00,$0.00,$0.00
7561842881749893134,bunny2658,0,0,1,6,177,14,21,,1,1,1,1,1,1,1,,-1,-1,-1,-1,-1,-1,-1,,0,0,0,0,0,0,0,,$0.00,$0.00,$0.00,$0.03,$0.80,$0.06,$0.09,,$0.00,$0.00,$0.00,$0.00,$0.00,$0.00,$0.00
7513787055730638849,cwdetroit,"195,368","1,339,454","1,139,769","509,656","341,103","544,747","1,246,136",,2,6,6,5,4,5,6,,-1,5,5,5,5,5,5,,0,"2,000",0,0,0,0,0,,$879.16,"$6,027.54","$5,128.96","$2,293.45","$1,534.96","$2,451.36","$5,607.61",,$0.00,$0.00,$0.00,$0.00,$0.00,$0.00,$0.00
7387268256991657985,,,,"3,210",,"76,010","374,243","474,747",,,,1,,1,4,4,,,,-1,,4,5,5,,0,0,0,0,0,0,0,,$0.00,$0.00,$14.45,$0.00,$342.05,"$1,684.09","$2,136.36",,,$0.00,$0.00,$0.00,$0.00,$0.00,$0.00
7566313243967471630,davidwilliamwatts,0,"4,316","8,989","80,903","71,808","158,239","295,503",,1,1,1,1,1,2,3,,-1,-1,-1,1,1,1,3,,0,0,0,0,0,0,0,,$0.00,$19.42,$40.45,$364.06,$323.14,$712.08,"$1,329.76",,$0.00,$0.00,$0.00,$0.00,$0.00,$0.00,$0.00
7558760842850746382,sarahegant,"603,413","1,438,919","2,030,463","3,239,783","3,562,676","3,829,224","4,631,085",,5,6,7,8,8,8,8,,-1,4,5,5,5,5,5,,0,0,"20,000","76,000","48,000",0,"72,000",,"$2,715.36","$6,475.14","$9,137.08","$14,579.02","$16,032.04","$17,231.51","$20,839.88",,$0.00,$0.00,$0.00,$809.95,$890.67,$957.31,"$1,657.77"
7556036369030823991,perfectaimm,"1,880","9,605",481,"10,789","46,711","78,148","27,998",,1,1,1,1,1,1,1,,-1,3,-1,3,3,3,3,,0,0,0,0,0,0,0,,$8.46,$43.22,$2.16,$48.55,$210.20,$351.67,$125.99,,$0.00,$0.00,$0.00,$0.00,$0.00,$0.00,$0.00
7556036556927090702,th3onef3ar,0,0,0,0,1,0,1,,1,1,1,1,1,1,1,,-1,1,2,3,3,3,3,,0,0,0,0,0,0,0,,$0.00,$0.00,$0.00,$0.00,$0.00,$0.00,$0.00,,$0.00,$0.00,$0.00,$0.00,$0.00,$0.00,$0.00
7563762554611417101,thatbrokeguy2024,964,"33,918","27,402","4,410","10,136","1,018",0,,1,1,1,1,1,1,1,,-1,0,0,-1,-1,-1,-1,,0,0,0,0,0,0,0,,$4.34,$152.63,$123.31,$19.85,$45.61,$4.58,$0.00,,$0.00,$0.00,$0.00,$0.00,$0.00,$0.00,$0.00
7561178434211332109,damon.ey,0,370,0,0,565,3,11,,1,1,1,1,1,1,1,,-1,0,-1,-1,1,-1,-1,,0,0,0,0,0,0,0,,$0.00,$1.67,$0.00,$0.00,$2.54,$0.01,$0.05,,$0.00,$0.00,$0.00,$0.00,$0.00,$0.00,$0.00
7556036722329698317,blessxblessx,0,0,329,,520,,"8,708",,1,1,1,,1,,1,,-1,-1,-1,,-1,,5,,0,0,0,0,0,0,0,,$0.00,$0.00,$1.48,$0.00,$2.34,$0.00,$39.19,,$0.00,$0.00,$0.00,$0.00,$0.00,$0.00,$0.00
7445169513122971665,melina_cajunroyaltea,0,18,0,0,0,0,0,,1,1,1,1,1,1,1,,-1,-1,-1,-1,-1,-1,-1,,0,0,0,0,0,0,0,,$0.00,$0.08,$0.00,$0.00,$0.00,$0.00,$0.00,,$0.00,$0.00,$0.00,$0.00,$0.00,$0.00,$0.00
7562263750460456974,bluubanddchef,0,76,0,0,"1,817","2,427","4,771",,1,1,1,1,1,1,1,,-1,-1,-1,-1,-1,-1,0,,0,0,0,0,0,0,0,,$0.00,$0.34,$0.00,$0.00,$8.18,$10.92,$21.47,,$0.00,$0.00,$0.00,$0.00,$0.00,$0.00,$0.00
7359139194351976453,mattdd1984,449,"3,627","5,275","2,265",831,"2,423","4,464",,1,1,1,1,1,1,1,,-1,-1,-1,-1,-1,-1,-1,,0,0,0,0,0,0,0,,$2.02,$16.32,$23.74,$10.19,$3.74,$10.90,$20.09,,$0.00,$0.00,$0.00,$0.00,$0.00,$0.00,$0.00
7566296221736845367,crystalcrist.author,1,93,729,706,176,268,683,,1,1,1,1,1,1,1,,-1,-1,-1,-1,-1,-1,-1,,0,0,0,0,0,0,0,,$0.00,$0.42,$3.28,$3.18,$0.79,$1.21,$3.07,,$0.00,$0.00,$0.00,$0.00,$0.00,$0.00,$0.00
7563794153663119373,taylorstimeline,0,200,148,0,0,0,23,,1,1,1,1,1,1,1,,-1,-1,-1,-1,-1,-1,-1,,0,0,0,0,0,0,0,,$0.00,$0.90,$0.67,$0.00,$0.00,$0.00,$0.10,,$0.00,$0.00,$0.00,$0.00,$0.00,$0.00,$0.00
7564942466756132919,bladerelic,0,0,0,0,0,0,0,,1,1,1,1,1,1,1,,-1,-1,-1,-1,-1,-1,-1,,0,0,0,0,0,0,0,,$0.00,$0.00,$0.00,$0.00,$0.00,$0.00,$0.00,,$0.00,$0.00,$0.00,$0.00,$0.00,$0.00,$0.00
7359135762769739782,real209er,0,100,0,0,99,23,0,,1,1,1,1,1,1,1,,-1,-1,-1,-1,-1,-1,-1,,0,0,0,0,0,0,0,,$0.00,$0.45,$0.00,$0.00,$0.45,$0.10,$0.00,,$0.00,$0.00,$0.00,$0.00,$0.00,$0.00,$0.00
7564865117108682765,freida.martha,103,"1,570","4,924","1,255",0,"1,790",0,,1,1,1,1,1,1,1,,-1,-1,1,-1,-1,-1,-1,,0,0,0,0,0,0,0,,$0.46,$7.07,$22.16,$5.65,$0.00,$8.06,$0.00,,$0.00,$0.00,$0.00,$0.00,$0.00,$0.00,$0.00
7563830142955634743,daddylilsky24,0,30,384,208,376,41,351,,1,1,1,1,1,1,1,,-1,-1,-1,-1,-1,-1,-1,,0,0,0,0,0,0,0,,$0.00,$0.14,$1.73,$0.94,$1.69,$0.18,$1.58,,$0.00,$0.00,$0.00,$0.00,$0.00,$0.00,$0.00
7556036445476241422,djgregdean,0,0,0,0,0,0,0,,1,1,1,1,1,1,1,,-1,-1,-1,-1,-1,-1,-1,,0,0,0,0,0,0,0,,$0.00,$0.00,$0.00,$0.00,$0.00,$0.00,$0.00,,$0.00,$0.00,$0.00,$0.00,$0.00,$0.00,$0.00
7559934933175877645,moneysignpeso,0,0,0,0,2,0,0,,1,1,1,1,1,1,1,,-1,-1,-1,-1,-1,-1,-1,,0,0,0,0,0,0,0,,$0.00,$0.00,$0.00,$0.00,$0.01,$0.00,$0.00,,$0.00,$0.00,$0.00,$0.00,$0.00,$0.00,$0.00
7567088407923638285,tlawzz_gaming,0,0,0,0,0,0,0,,1,1,1,1,1,1,1,,-1,-1,-1,-1,-1,-1,-1,,0,0,0,0,0,0,0,,$0.00,$0.00,$0.00,$0.00,$0.00,$0.00,$0.00,,$0.00,$0.00,$0.00,$0.00,$0.00,$0.00,$0.00
7540363984634003470,brianapaine_,0,0,22,0,0,0,0,,1,1,1,1,1,1,1,,-1,-1,-1,-1,-1,-1,-1,,0,0,0,0,0,0,0,,$0.00,$0.00,$0.10,$0.00,$0.00,$0.00,$0.00,,$0.00,$0.00,$0.00,$0.00,$0.00,$0.00,$0.00
7562312052468105229,jennygraceofficial,0,0,0,0,0,0,0,,1,1,1,1,1,1,1,,-1,-1,-1,-1,-1,-1,-1,,0,0,0,0,0,0,0,,$0.00,$0.00,$0.00,$0.00,$0.00,$0.00,$0.00,,$0.00,$0.00,$0.00,$0.00,$0.00,$0.00,$0.00
7558317816408129549,#N/A,,0,0,0,0,0,0,,,1,1,1,1,1,1,,,-1,-1,-1,-1,-1,-1,,0,0,0,0,0,0,0,,$0.00,$0.00,$0.00,$0.00,$0.00,$0.00,$0.00,,,$0.00,$0.00,$0.00,$0.00,$0.00,$0.00
7559664387288645687,__daniellelashae,0,0,0,0,1,0,0,,1,1,1,1,1,1,1,,-1,-1,-1,-1,-1,-1,-1,,0,0,0,0,0,0,0,,$0.00,$0.00,$0.00,$0.00,$0.00,$0.00,$0.00,,$0.00,$0.00,$0.00,$0.00,$0.00,$0.00,$0.00
7558154520338087949,blazequeen420_,0,0,0,0,0,0,0,,1,1,1,1,1,1,1,,-1,-1,-1,-1,-1,-1,-1,,0,0,0,0,0,0,0,,$0.00,$0.00,$0.00,$0.00,$0.00,$0.00,$0.00,,$0.00,$0.00,$0.00,$0.00,$0.00,$0.00,$0.00
7558262888209661966,billiejean_406,0,0,0,0,0,0,0,,1,1,1,1,1,1,1,,-1,-1,-1,-1,-1,-1,-1,,0,0,0,0,0,0,0,,$0.00,$0.00,$0.00,$0.00,$0.00,$0.00,$0.00,,$0.00,$0.00,$0.00,$0.00,$0.00,$0.00,$0.00
7564200409796165687,britxfish,0,0,0,0,0,0,0,,1,1,1,1,1,1,1,,-1,-1,-1,-1,-1,-1,-1,,0,0,0,0,0,0,0,,$0.00,$0.00,$0.00,$0.00,$0.00,$0.00,$0.00,,$0.00,$0.00,$0.00,$0.00,$0.00,$0.00,$0.00
7559678405223071758,naomisalinas0604,0,0,5,111,10,49,0,,1,1,1,1,1,1,1,,-1,-1,-1,-1,-1,-1,-1,,0,0,0,0,0,0,0,,$0.00,$0.00,$0.02,$0.50,$0.05,$0.22,$0.00,,$0.00,$0.00,$0.00,$0.00,$0.00,$0.00,$0.00
7564200331450695735,shaleenjanay876,0,0,0,0,0,0,118,,1,1,1,1,1,1,1,,-1,-1,-1,-1,-1,-1,-1,,0,0,0,0,0,0,0,,$0.00,$0.00,$0.00,$0.00,$0.00,$0.00,$0.53,,$0.00,$0.00,$0.00,$0.00,$0.00,$0.00,$0.00
7564169591367417911,wilsonthegood,0,0,0,0,0,0,0,,1,1,1,1,1,1,1,,-1,-1,-1,-1,-1,-1,-1,,0,0,0,0,0,0,0,,$0.00,$0.00,$0.00,$0.00,$0.00,$0.00,$0.00,,$0.00,$0.00,$0.00,$0.00,$0.00,$0.00,$0.00
7564457242947305527,regalejb,0,0,0,0,0,0,0,,1,1,1,1,1,1,1,,-1,-1,-1,-1,-1,-1,-1,,0,0,0,0,0,0,0,,$0.00,$0.00,$0.00,$0.00,$0.00,$0.00,$0.00,,$0.00,$0.00,$0.00,$0.00,$0.00,$0.00,$0.00
7556407679573573645,itslorenamedina,0,0,0,0,0,0,422,,1,1,1,1,1,1,1,,-1,-1,-1,-1,-1,-1,-1,,0,0,0,0,0,0,0,,$0.00,$0.00,$0.00,$0.00,$0.00,$0.00,$1.90,,$0.00,$0.00,$0.00,$0.00,$0.00,$0.00,$0.00
7482985251933831185,#N/A,,,,,,,0,,,,,,,,1,,,,,,,,-1,,0,0,0,0,0,0,0,,$0.00,$0.00,$0.00,$0.00,$0.00,$0.00,$0.00,,,$0.00,$0.00,$0.00,$0.00,$0.00,$0.00
7558262880408354871,_orionsorbit,0,0,0,0,0,0,0,,1,1,1,1,1,1,1,,-1,-1,-1,-1,-1,-1,-1,,0,0,0,0,0,0,0,,$0.00,$0.00,$0.00,$0.00,$0.00,$0.00,$0.00,,$0.00,$0.00,$0.00,$0.00,$0.00,$0.00,$0.00
7566474104325554189,#N/A,,,,,,,,,,,,,,,,,,,,,,,,,0,0,0,0,0,0,0,,$0.00,$0.00,$0.00,$0.00,$0.00,$0.00,$0.00,,,$0.00,$0.00,$0.00,$0.00,$0.00,$0.00
7565708171323523085,#N/A,,,0,0,0,0,0,,,,1,1,1,1,1,,,,-1,-1,-1,-1,-1,,0,0,0,0,0,0,0,,$0.00,$0.00,$0.00,$0.00,$0.00,$0.00,$0.00,,,$0.00,$0.00,$0.00,$0.00,$0.00,$0.00
7565684672328679437,monalisastyless,0,0,0,0,0,0,0,,1,1,1,1,1,1,1,,-1,-1,-1,-1,-1,-1,-1,,0,0,0,0,0,0,0,,$0.00,$0.00,$0.00,$0.00,$0.00,$0.00,$0.00,,$0.00,$0.00,$0.00,$0.00,$0.00,$0.00,$0.00
7561872350627610638,princessdianaduh,0,0,0,0,0,0,0,,1,1,1,1,1,1,1,,-1,-1,-1,-1,-1,-1,-1,,0,0,0,0,0,0,0,,$0.00,$0.00,$0.00,$0.00,$0.00,$0.00,$0.00,,$0.00,$0.00,$0.00,$0.00,$0.00,$0.00,$0.00
7563349948922773517,gn0ah1224,0,0,0,0,0,0,0,,1,1,1,1,1,1,1,,-1,-1,-1,-1,-1,-1,-1,,0,0,0,0,0,0,0,,$0.00,$0.00,$0.00,$0.00,$0.00,$0.00,$0.00,,$0.00,$0.00,$0.00,$0.00,$0.00,$0.00,$0.00
7517725595342651408,2xnique,0,0,0,0,0,0,0,,1,1,1,1,1,1,1,,-1,-1,-1,-1,-1,-1,-1,,0,0,0,0,0,0,0,,$0.00,$0.00,$0.00,$0.00,$0.00,$0.00,$0.00,,$0.00,$0.00,$0.00,$0.00,$0.00,$0.00,$0.00
7561337080069013518,gabbyholiday,0,0,0,0,0,0,0,,1,1,1,1,1,1,1,,-1,-1,-1,-1,-1,-1,-1,,0,0,0,0,0,0,0,,$0.00,$0.00,$0.00,$0.00,$0.00,$0.00,$0.00,,$0.00,$0.00,$0.00,$0.00,$0.00,$0.00,$0.00
7559309677251772471,leilanisocial,0,0,0,0,0,0,0,,1,1,1,1,1,1,1,,-1,-1,-1,-1,-1,-1,-1,,0,0,0,0,0,0,0,,$0.00,$0.00,$0.00,$0.00,$0.00,$0.00,$0.00,,$0.00,$0.00,$0.00,$0.00,$0.00,$0.00,$0.00
7562344919353049143,sexysuccubus666,0,0,0,0,0,0,0,,1,1,1,1,1,1,1,,-1,-1,-1,-1,-1,-1,-1,,0,0,0,0,0,0,0,,$0.00,$0.00,$0.00,$0.00,$0.00,$0.00,$0.00,,$0.00,$0.00,$0.00,$0.00,$0.00,$0.00,$0.00
7517538466369028112,jason.j.knight,0,0,0,0,0,0,0,,1,1,1,1,1,1,1,,-1,-1,-1,-1,-1,-1,-1,,0,0,0,0,0,0,0,,$0.00,$0.00,$0.00,$0.00,$0.00,$0.00,$0.00,,$0.00,$0.00,$0.00,$0.00,$0.00,$0.00,$0.00
7576723590549389326,gaywhonotme,"31,972","141,298","9,573","28,886","144,823","438,244","937,375",,1,2,1,1,2,4,5,,-1,2,-1,-1,2,4,5,,0,0,0,0,0,"1,000",0,,$143.87,$635.84,$43.08,$129.99,$651.70,"$1,972.10","$4,218.19",,$0.00,$0.00,$0.00,$0.00,$0.00,$0.00,$0.00
7570175504641474574,foolishondemkeyz,229,"21,947","14,393",0,"6,734","20,000","21,844",,1,1,1,1,1,1,1,,-1,-1,3,-1,2,4,5,,0,0,0,0,0,0,0,,$1.03,$98.76,$64.77,$0.00,$30.30,$90.00,$98.30,,$0.00,$0.00,$0.00,$0.00,$0.00,$0.00,$0.00
7572411477894643767,cecelove320,0,307,"7,016","19,836","3,403","9,949","42,178",,1,1,1,1,1,1,1,,-1,-1,0,1,0,0,4,,0,0,0,0,0,0,0,,$0.00,$1.38,$31.57,$89.26,$15.31,$44.77,$189.80,,$0.00,$0.00,$0.00,$0.00,$0.00,$0.00,$0.00
7573460772341334029,gorgeousgoddessart,"11,562","15,730","31,221","93,605","6,747","125,939","142,033",,1,1,1,1,1,2,2,,-1,2,1,-1,-1,3,3,,0,0,0,0,0,0,0,,$52.03,$70.79,$140.49,$421.22,$30.36,$566.73,$639.15,,$0.00,$0.00,$0.00,$0.00,$0.00,$0.00,$0.00
7573015023421997111,shemandigans,0,0,0,0,"1,119","4,615","48,346",,1,1,1,1,1,1,1,,-1,-1,-1,-1,-1,-1,2,,0,0,0,0,0,0,0,,$0.00,$0.00,$0.00,$0.00,$5.04,$20.77,$217.56,,$0.00,$0.00,$0.00,$0.00,$0.00,$0.00,$0.00
7574516554717675575,fabtiff75,0,412,"2,396","5,566","35,285","17,405","18,292",,1,1,1,1,1,1,1,,-1,-1,-1,0,1,1,2,,0,0,0,0,0,0,0,,$0.00,$1.85,$10.78,$25.05,$158.78,$78.32,$82.31,,$0.00,$0.00,$0.00,$0.00,$0.00,$0.00,$0.00
7571891553636073485,#N/A,,,,,,,,,,,,,,,,,,,,,,,,,0,0,0,0,0,0,0,,$0.00,$0.00,$0.00,$0.00,$0.00,$0.00,$0.00,,,$0.00,$0.00,$0.00,$0.00,$0.00,$0.00
7574878703558180919,southerncharm0726,0,0,10,100,565,"1,943","47,638",,1,1,1,1,1,1,1,,-1,-1,-1,-1,-1,-1,0,,0,0,0,0,0,0,0,,$0.00,$0.00,$0.05,$0.45,$2.54,$8.74,$214.37,,$0.00,$0.00,$0.00,$0.00,$0.00,$0.00,$0.00
7460375701229912080,#N/A,,,,"84,524","115,255","145,720","34,472",,,,,1,2,2,1,,,,,2,0,0,-1,,0,0,0,0,0,0,0,,$0.00,$0.00,$0.00,$380.36,$518.65,$655.74,$155.12,,,$0.00,$0.00,$0.00,$0.00,$0.00,$0.00
7577837917884858382,whoistatumbittick,0,0,"18,390","11,591","57,797","113,285","130,504",,1,1,1,1,1,2,2,,-1,-1,-1,-1,-1,-1,-1,,0,0,0,0,0,0,0,,$0.00,$0.00,$82.76,$52.16,$260.09,$509.78,$587.27,,$0.00,$0.00,$0.00,$0.00,$0.00,$0.00,$0.00
7575262176085164045,genxjamz,0,144,"1,104",137,"4,996","6,844","37,768",,1,1,1,1,1,1,1,,-1,-1,-1,-1,-1,0,5,,0,0,0,0,0,0,0,,$0.00,$0.65,$4.97,$0.62,$22.48,$30.80,$169.96,,$0.00,$0.00,$0.00,$0.00,$0.00,$0.00,$0.00
7571250938317651982,therealhambino,"8,112","4,506","11,354","29,099","13,558","26,683","26,489",,1,1,1,1,1,1,1,,-1,2,1,3,3,5,4,,0,0,0,0,0,0,0,,$36.50,$20.28,$51.09,$130.95,$61.01,$120.07,$119.20,,$0.00,$0.00,$0.00,$0.00,$0.00,$0.00,$0.00
7546060436458979383,raven4life79,132,665,"1,372",76,"2,207","3,671","15,321",,1,1,1,1,1,1,1,,-1,-1,-1,-1,1,3,3,,0,0,0,0,0,0,0,,$0.59,$2.99,$6.17,$0.34,$9.93,$16.52,$68.94,,$0.00,$0.00,$0.00,$0.00,$0.00,$0.00,$0.00
7568976409566298126,#N/A,,,,0,"8,740","13,654","21,481",,,,,1,1,1,1,,,,,-1,-1,-1,-1,,0,0,0,0,0,0,0,,$0.00,$0.00,$0.00,$0.00,$39.33,$61.44,$96.66,,,$0.00,$0.00,$0.00,$0.00,$0.00,$0.00
7423567910435635217,xx_destmarie,169,"59,271","226,522","18,688",,"45,145","54,488",,1,1,3,1,,1,1,,-1,-1,1,2,,4,2,,0,0,0,0,0,0,0,,$0.76,$266.72,"$1,019.35",$84.10,$0.00,$203.15,$245.20,,$0.00,$0.00,$0.00,$0.00,$0.00,$0.00,$0.00
7376338046494720016,trinity.blair,0,"2,156",0,0,0,"1,827","4,043",,1,1,1,1,1,1,1,,-1,-1,-1,-1,-1,-1,-1,,0,0,0,0,0,0,0,,$0.00,$9.70,$0.00,$0.00,$0.00,$8.22,$18.19,,$0.00,$0.00,$0.00,$0.00,$0.00,$0.00,$0.00
7513023387602829313,wildstarr1,327,482,"1,124","1,607",820,"5,050","14,074",,1,1,1,1,1,1,1,,-1,-1,-1,-1,-1,-1,1,,0,0,0,0,0,0,0,,$1.47,$2.17,$5.06,$7.23,$3.69,$22.73,$63.33,,$0.00,$0.00,$0.00,$0.00,$0.00,$0.00,$0.00
7460332171950161936,dimplesarelife,8,109,384,0,130,418,548,,1,1,1,1,1,1,1,,-1,-1,-1,-1,-1,-1,-1,,0,0,0,0,0,0,0,,$0.04,$0.49,$1.73,$0.00,$0.59,$1.88,$2.47,,$0.00,$0.00,$0.00,$0.00,$0.00,$0.00,$0.00
7523616145459527681,midnightxreign,"3,768","8,074","36,403","19,242","17,610","18,017",283,,1,1,1,1,1,1,1,,-1,1,2,2,4,-1,-1,,0,0,0,0,0,0,0,,$16.96,$36.33,$163.81,$86.59,$79.25,$81.08,$1.27,,$0.00,$0.00,$0.00,$0.00,$0.00,$0.00,$0.00
7396679012728487937,iamchief313,0,12,819,"1,333","2,710","2,332","11,084",,1,1,1,1,1,1,1,,-1,-1,-1,-1,2,1,0,,0,0,0,0,0,0,0,,$0.00,$0.05,$3.69,$6.00,$12.20,$10.49,$49.88,,$0.00,$0.00,$0.00,$0.00,$0.00,$0.00,$0.00
7574204783561654327,haileymarie.04,0,0,4,0,13,367,24,,1,1,1,1,1,1,1,,-1,-1,-1,-1,-1,-1,-1,,0,0,0,0,0,0,0,,$0.00,$0.00,$0.02,$0.00,$0.06,$1.65,$0.11,,$0.00,$0.00,$0.00,$0.00,$0.00,$0.00,$0.00
7567822393935380494,the_greekbeast,234,"225,204","9,804","42,218","9,375","5,238","5,881",,1,3,1,1,1,1,1,,-1,4,-1,0,-1,-1,-1,,0,0,0,0,0,0,0,,$1.05,"$1,013.42",$44.12,$189.98,$42.19,$23.57,$26.46,,$0.00,$0.00,$0.00,$0.00,$0.00,$0.00,$0.00
7571250824484175885,davispack6,0,"11,427","1,131","1,508","2,071",0,"11,257",,1,1,1,1,1,1,1,,-1,-1,-1,-1,-1,-1,1,,0,0,0,0,0,0,0,,$0.00,$51.42,$5.09,$6.79,$9.32,$0.00,$50.66,,$0.00,$0.00,$0.00,$0.00,$0.00,$0.00,$0.00
7570151387590344717,jchavolito,0,0,0,"2,431","4,566",432,798,,1,1,1,1,1,1,1,,-1,-1,-1,-1,-1,-1,-1,,0,0,0,0,0,0,0,,$0.00,$0.00,$0.00,$10.94,$20.55,$1.94,$3.59,,$0.00,$0.00,$0.00,$0.00,$0.00,$0.00,$0.00
7514711649840873488,andrewdoeswell,0,0,0,0,0,0,0,,1,1,1,1,1,1,1,,-1,-1,-1,-1,-1,-1,-1,,0,0,0,0,0,0,0,,$0.00,$0.00,$0.00,$0.00,$0.00,$0.00,$0.00,,$0.00,$0.00,$0.00,$0.00,$0.00,$0.00,$0.00
7571622575235776567,chefvaun,0,0,24,"1,826",549,"11,183",0,,1,1,1,1,1,1,1,,-1,-1,-1,0,1,3,-1,,0,0,0,0,0,0,0,,$0.00,$0.00,$0.11,$8.22,$2.47,$50.32,$0.00,,$0.00,$0.00,$0.00,$0.00,$0.00,$0.00,$0.00
7571863711502090253,maritanightingale6,0,0,0,0,0,0,0,,1,1,1,1,1,1,1,,-1,-1,-1,-1,-1,-1,-1,,0,0,0,0,0,0,0,,$0.00,$0.00,$0.00,$0.00,$0.00,$0.00,$0.00,,$0.00,$0.00,$0.00,$0.00,$0.00,$0.00,$0.00
7571589583662596110,deejay_av_oc,0,0,0,0,1,0,0,,1,1,1,1,1,1,1,,-1,-1,-1,-1,-1,-1,-1,,0,0,0,0,0,0,0,,$0.00,$0.00,$0.00,$0.00,$0.00,$0.00,$0.00,,$0.00,$0.00,$0.00,$0.00,$0.00,$0.00,$0.00
7422214040686149633,thelyonsband,0,3,3,1,"1,092",15,"3,277",,1,1,1,1,1,1,1,,-1,-1,1,-1,-1,-1,0,,0,0,0,0,0,0,0,,$0.00,$0.01,$0.01,$0.00,$4.91,$0.07,$14.75,,$0.00,$0.00,$0.00,$0.00,$0.00,$0.00,$0.00
7576587015379173390,xrheaofficial,"1,001","2,454",0,0,0,2,0,,1,1,1,1,1,1,1,,-1,-1,-1,-1,-1,-1,-1,,0,0,0,0,0,0,0,,$4.50,$11.04,$0.00,$0.00,$0.00,$0.01,$0.00,,$0.00,$0.00,$0.00,$0.00,$0.00,$0.00,$0.00
7573809271054352398,rishka_silvie,0,0,0,0,17,0,25,,1,1,1,1,1,1,1,,-1,-1,-1,-1,-1,-1,-1,,0,0,0,0,0,0,0,,$0.00,$0.00,$0.00,$0.00,$0.08,$0.00,$0.11,,$0.00,$0.00,$0.00,$0.00,$0.00,$0.00,$0.00
7562950510282686478,#N/A,,,,,,,,,,,,,,,,,,,,,,,,,0,0,0,0,0,0,0,,$0.00,$0.00,$0.00,$0.00,$0.00,$0.00,$0.00,,,$0.00,$0.00,$0.00,$0.00,$0.00,$0.00
7569375635290865678,#N/A,,,,,,,0,,,,,,,,1,,,,,,,,-1,,0,0,0,0,0,0,0,,$0.00,$0.00,$0.00,$0.00,$0.00,$0.00,$0.00,,,$0.00,$0.00,$0.00,$0.00,$0.00,$0.00
7575020052429258807,squeakmelusky,0,0,0,0,0,0,0,,1,1,1,1,1,1,1,,-1,-1,-1,-1,-1,-1,-1,,0,0,0,0,0,0,0,,$0.00,$0.00,$0.00,$0.00,$0.00,$0.00,$0.00,,$0.00,$0.00,$0.00,$0.00,$0.00,$0.00,$0.00
7575714181307973645,wonderfulldai,0,0,"1,708",0,3,0,0,,1,1,1,1,1,1,1,,-1,-1,-1,-1,-1,-1,-1,,0,0,0,0,0,0,0,,$0.00,$0.00,$7.69,$0.00,$0.01,$0.00,$0.00,,$0.00,$0.00,$0.00,$0.00,$0.00,$0.00,$0.00
7567839803308359694,ironranger023,0,0,0,256,"16,089","6,113",48,,1,1,1,1,1,1,1,,-1,-1,-1,-1,-1,-1,-1,,0,0,0,0,0,0,0,,$0.00,$0.00,$0.00,$1.15,$72.40,$27.51,$0.22,,$0.00,$0.00,$0.00,$0.00,$0.00,$0.00,$0.00
7572471684901519373,thisjusdank,0,0,0,0,0,0,0,,1,1,1,1,1,1,1,,-1,-1,-1,-1,-1,-1,-1,,0,0,0,0,0,0,0,,$0.00,$0.00,$0.00,$0.00,$0.00,$0.00,$0.00,,$0.00,$0.00,$0.00,$0.00,$0.00,$0.00,$0.00
7574219571838763063,flyonpluto,0,0,0,0,0,0,0,,1,1,1,1,1,1,1,,-1,-1,-1,-1,-1,-1,-1,,0,0,0,0,0,0,0,,$0.00,$0.00,$0.00,$0.00,$0.00,$0.00,$0.00,,$0.00,$0.00,$0.00,$0.00,$0.00,$0.00,$0.00
7567540304304455735,,,,,,,,,,,,,,,,,,,,,,,,,,0,0,0,0,0,0,0,,$0.00,$0.00,$0.00,$0.00,$0.00,$0.00,$0.00,,,$0.00,$0.00,$0.00,$0.00,$0.00,$0.00
7568663479326883895,cheifkaito,0,0,0,0,0,0,0,,1,1,1,1,1,1,1,,-1,-1,-1,-1,-1,-1,-1,,0,0,0,0,0,0,0,,$0.00,$0.00,$0.00,$0.00,$0.00,$0.00,$0.00,,$0.00,$0.00,$0.00,$0.00,$0.00,$0.00,$0.00
7573806306994274359,#N/A,,,0,0,0,0,0,,,,1,1,1,1,1,,,,-1,-1,-1,-1,-1,,0,0,0,0,0,0,0,,$0.00,$0.00,$0.00,$0.00,$0.00,$0.00,$0.00,,,$0.00,$0.00,$0.00,$0.00,$0.00,$0.00
7574199035477835789,therealkashmonroe,0,0,0,0,0,0,0,,1,1,1,1,1,1,1,,-1,-1,-1,-1,-1,-1,-1,,0,0,0,0,0,0,0,,$0.00,$0.00,$0.00,$0.00,$0.00,$0.00,$0.00,,$0.00,$0.00,$0.00,$0.00,$0.00,$0.00,$0.00
7568297768498806839,sirenofthewest,0,0,0,0,0,0,0,,1,1,1,1,1,1,1,,-1,-1,-1,-1,-1,-1,-1,,0,0,0,0,0,0,0,,$0.00,$0.00,$0.00,$0.00,$0.00,$0.00,$0.00,,$0.00,$0.00,$0.00,$0.00,$0.00,$0.00,$0.00
7568983817575415863,#N/A,,,0,0,0,0,0,,,,1,1,1,1,1,,,,-1,-1,-1,-1,-1,,0,0,0,0,0,0,0,,$0.00,$0.00,$0.00,$0.00,$0.00,$0.00,$0.00,,,$0.00,$0.00,$0.00,$0.00,$0.00,$0.00
7571164837095587895,oc_tomaz,0,0,0,0,0,"2,010",0,,1,1,1,1,1,1,1,,-1,-1,-1,-1,-1,-1,-1,,0,0,0,0,0,0,0,,$0.00,$0.00,$0.00,$0.00,$0.00,$9.05,$0.00,,$0.00,$0.00,$0.00,$0.00,$0.00,$0.00,$0.00
7573885715550027831,#N/A,,,0,0,0,0,0,,,,1,1,1,1,1,,,,-1,-1,-1,-1,-1,,0,0,0,0,0,0,0,,$0.00,$0.00,$0.00,$0.00,$0.00,$0.00,$0.00,,,$0.00,$0.00,$0.00,$0.00,$0.00,$0.00
7570204642488008759,#N/A,,,,,,,0,,,,,,,,1,,,,,,,,-1,,0,0,0,0,0,0,0,,$0.00,$0.00,$0.00,$0.00,$0.00,$0.00,$0.00,,,$0.00,$0.00,$0.00,$0.00,$0.00,$0.00
7573939617729265677,#N/A,,,0,0,0,0,0,,,,1,1,1,1,1,,,,-1,-1,-1,-1,-1,,0,0,0,0,0,0,0,,$0.00,$0.00,$0.00,$0.00,$0.00,$0.00,$0.00,,,$0.00,$0.00,$0.00,$0.00,$0.00,$0.00
7572615698829295671,realcapitalp,0,0,0,0,0,0,0,,1,1,1,1,1,1,1,,-1,-1,-1,-1,-1,-1,-1,,0,0,0,0,0,0,0,,$0.00,$0.00,$0.00,$0.00,$0.00,$0.00,$0.00,,$0.00,$0.00,$0.00,$0.00,$0.00,$0.00,$0.00
7573870578680152077,moneygeyser,0,0,0,0,0,0,0,,1,1,1,1,1,1,1,,-1,-1,-1,-1,-1,-1,-1,,0,0,0,0,0,0,0,,$0.00,$0.00,$0.00,$0.00,$0.00,$0.00,$0.00,,$0.00,$0.00,$0.00,$0.00,$0.00,$0.00,$0.00
7567540624602218509,guisellehhh,1,0,0,0,0,0,0,,1,1,1,1,1,1,1,,-1,-1,-1,-1,-1,-1,-1,,0,0,0,0,0,0,0,,$0.00,$0.00,$0.00,$0.00,$0.00,$0.00,$0.00,,$0.00,$0.00,$0.00,$0.00,$0.00,$0.00,$0.00
7569844849948704782,#N/A,,,,,,,0,,,,,,,,1,,,,,,,,-1,,0,0,0,0,0,0,0,,$0.00,$0.00,$0.00,$0.00,$0.00,$0.00,$0.00,,,$0.00,$0.00,$0.00,$0.00,$0.00,$0.00
7570253201903992845,_van.g03,0,0,0,0,0,0,0,,1,1,1,1,1,1,1,,-1,-1,-1,-1,-1,-1,-1,,0,0,0,0,0,0,0,,$0.00,$0.00,$0.00,$0.00,$0.00,$0.00,$0.00,,$0.00,$0.00,$0.00,$0.00,$0.00,$0.00,$0.00
7571210053597020215,zzprado,0,0,0,0,0,0,0,,1,1,1,1,1,1,1,,-1,-1,-1,-1,-1,-1,-1,,0,0,0,0,0,0,0,,$0.00,$0.00,$0.00,$0.00,$0.00,$0.00,$0.00,,$0.00,$0.00,$0.00,$0.00,$0.00,$0.00,$0.00
7573814597233262647,jakeylafinances,0,0,0,0,0,0,0,,1,1,1,1,1,1,1,,-1,-1,-1,-1,-1,-1,-1,,0,0,0,0,0,0,0,,$0.00,$0.00,$0.00,$0.00,$0.00,$0.00,$0.00,,$0.00,$0.00,$0.00,$0.00,$0.00,$0.00,$0.00
7576082587425456141,craigzilla_music,0,0,0,0,0,0,0,,1,1,1,1,1,1,1,,-1,-1,-1,-1,-1,-1,-1,,0,0,0,0,0,0,0,,$0.00,$0.00,$0.00,$0.00,$0.00,$0.00,$0.00,,$0.00,$0.00,$0.00,$0.00,$0.00,$0.00,$0.00
7581605738645078071,jordan.borges,"177,686","2,347,574","1,377,385","1,263,692","951,735","1,647,100","1,376,207",,2,7,6,6,5,7,6,,-1,5,5,5,5,5,5,,0,"22,000",0,0,"20,000","33,000","11,000",,$799.59,"$10,564.08","$6,198.23","$5,686.61","$4,282.81","$7,411.95","$6,192.93",,$0.00,$586.89,$344.35,$315.92,$0.00,$411.78,$344.05
7481449047811964929,thecluelessbunny,36,"72,802",0,"7,112","8,057","12,455","23,154",,1,1,1,1,1,1,1,,-1,-1,-1,-1,-1,-1,2,,0,"2,000",0,0,0,0,0,,$0.16,$327.61,$0.00,$32.00,$36.26,$56.05,$104.19,,$0.00,$0.00,$0.00,$0.00,$0.00,$0.00,$0.00
7587257848577441847,im.just.a.girly39,0,0,48,"15,033","6,817","10,277","1,126",,1,1,1,1,1,1,1,,-1,-1,-1,4,1,2,-1,,0,0,0,0,0,0,0,,$0.00,$0.00,$0.22,$67.65,$30.68,$46.25,$5.07,,$0.00,$0.00,$0.00,$0.00,$0.00,$0.00,$0.00
7578672537446694925,0_izzy_9,288,"15,756","17,066","1,479","6,157","3,104","10,194",,1,1,1,1,1,1,1,,-1,2,3,3,3,3,3,,0,0,0,0,0,0,0,,$1.30,$70.90,$76.80,$6.66,$27.71,$13.97,$45.87,,$0.00,$0.00,$0.00,$0.00,$0.00,$0.00,$0.00
7580253432372576270,the_ss_lifestyle,6,68,13,61,79,94,309,,1,1,1,1,1,1,1,,-1,3,-1,1,3,3,4,,0,0,0,0,0,0,0,,$0.03,$0.31,$0.06,$0.27,$0.36,$0.42,$1.39,,$0.00,$0.00,$0.00,$0.00,$0.00,$0.00,$0.00
7581641735269302327,battyfog,0,"19,560",0,"5,359","10,333","5,571","6,657",,1,1,1,1,1,1,1,,-1,1,-1,-1,1,2,3,,0,0,0,0,0,0,0,,$0.00,$88.02,$0.00,$24.12,$46.50,$25.07,$29.96,,$0.00,$0.00,$0.00,$0.00,$0.00,$0.00,$0.00
7585352066416132151,danny.buth,"1,193","3,083","15,615","8,445","6,651","3,985","5,010",,1,1,1,1,1,1,1,,-1,3,5,3,5,4,5,,0,0,0,0,0,0,0,,$5.37,$13.87,$70.27,$38.00,$29.93,$17.93,$22.55,,$0.00,$0.00,$0.00,$0.00,$0.00,$0.00,$0.00
7585925369484656654,zerixkbm,0,0,0,27,2,0,0,,1,1,1,1,1,1,1,,-1,-1,-1,-1,-1,-1,-1,,0,0,0,0,0,0,0,,$0.00,$0.00,$0.00,$0.12,$0.01,$0.00,$0.00,,$0.00,$0.00,$0.00,$0.00,$0.00,$0.00,$0.00
7579054541350486030,tarotwithchris,0,0,0,0,0,0,0,,1,1,1,1,1,1,1,,-1,-1,-1,-1,-1,-1,-1,,0,0,0,0,0,0,0,,$0.00,$0.00,$0.00,$0.00,$0.00,$0.00,$0.00,,$0.00,$0.00,$0.00,$0.00,$0.00,$0.00,$0.00
7585682806014132279,#N/A,,,,,"26,548","6,131","9,246",,,,,,1,1,1,,,,,,2,3,3,,0,0,0,0,0,0,0,,$0.00,$0.00,$0.00,$0.00,$119.47,$27.59,$41.61,,,$0.00,$0.00,$0.00,$0.00,$0.00,$0.00
7579814318795997197,gudinoashley,"6,386","93,268","37,719","42,382","39,080","22,073","21,003",,1,1,1,1,1,1,1,,-1,5,4,5,4,4,4,,0,0,0,0,0,0,0,,$28.74,$419.71,$169.74,$190.72,$175.86,$99.33,$94.51,,$0.00,$0.00,$0.00,$0.00,$0.00,$0.00,$0.00
7582956443989524535,johnstonecountry,"1,534",318,"3,094","1,066",250,"7,139","1,111",,1,1,1,1,1,1,1,,-1,2,1,1,0,2,1,,0,0,0,0,0,0,0,,$6.90,$1.43,$13.92,$4.80,$1.13,$32.13,$5.00,,$0.00,$0.00,$0.00,$0.00,$0.00,$0.00,$0.00
7359139881689448454,dontaskhowmany,0,0,0,0,0,"100,438","2,301",,1,1,1,1,1,2,1,,-1,-1,-1,-1,-1,-1,-1,,0,0,0,0,0,0,0,,$0.00,$0.00,$0.00,$0.00,$0.00,$451.97,$10.35,,$0.00,$0.00,$0.00,$0.00,$0.00,$0.00,$0.00
7582802583895523341,leahhmelia,0,0,0,0,0,"3,644",0,,1,1,1,1,1,1,1,,-1,-1,-1,-1,-1,-1,-1,,0,0,0,0,0,0,0,,$0.00,$0.00,$0.00,$0.00,$0.00,$16.40,$0.00,,$0.00,$0.00,$0.00,$0.00,$0.00,$0.00,$0.00
7408815219029508113,gtrose,0,0,0,0,0,0,0,,1,1,1,1,1,1,1,,-1,-1,-1,-1,-1,-1,-1,,0,0,0,0,0,0,0,,$0.00,$0.00,$0.00,$0.00,$0.00,$0.00,$0.00,,$0.00,$0.00,$0.00,$0.00,$0.00,$0.00,$0.00
7368773659420344337,justhelpone,0,346,677,"1,180",942,686,397,,1,1,1,1,1,1,1,,-1,-1,-1,-1,-1,-1,-1,,0,0,0,0,0,0,0,,$0.00,$1.56,$3.05,$5.31,$4.24,$3.09,$1.79,,$0.00,$0.00,$0.00,$0.00,$0.00,$0.00,$0.00
7359136236633718790,willowhazed,0,644,1,179,42,52,665,,1,1,1,1,1,1,1,,-1,-1,-1,-1,-1,-1,-1,,0,0,0,0,0,0,0,,$0.00,$2.90,$0.00,$0.81,$0.19,$0.23,$2.99,,$0.00,$0.00,$0.00,$0.00,$0.00,$0.00,$0.00
7579785876688093239,tatted_golfer_,0,124,948,15,0,10,0,,1,1,1,1,1,1,1,,-1,-1,-1,-1,-1,-1,-1,,0,0,0,0,0,0,0,,$0.00,$0.56,$4.27,$0.07,$0.00,$0.05,$0.00,,$0.00,$0.00,$0.00,$0.00,$0.00,$0.00,$0.00
7581270140747137079,swiggitymann,0,0,0,0,0,0,0,,1,1,1,1,1,1,1,,-1,-1,-1,-1,-1,-1,-1,,0,0,0,0,0,0,0,,$0.00,$0.00,$0.00,$0.00,$0.00,$0.00,$0.00,,$0.00,$0.00,$0.00,$0.00,$0.00,$0.00,$0.00
7582018343767425037,moonynikki,0,12,0,0,0,0,0,,1,1,1,1,1,1,1,,-1,-1,-1,-1,-1,-1,-1,,0,0,0,0,0,0,0,,$0.00,$0.05,$0.00,$0.00,$0.00,$0.00,$0.00,,$0.00,$0.00,$0.00,$0.00,$0.00,$0.00,$0.00
7580527970687959095,stary.750,0,"1,180",0,"2,075","1,003",28,"2,891",,1,1,1,1,1,1,1,,-1,-1,-1,-1,-1,-1,-1,,0,0,0,0,0,0,0,,$0.00,$5.31,$0.00,$9.34,$4.51,$0.13,$13.01,,$0.00,$0.00,$0.00,$0.00,$0.00,$0.00,$0.00
7557699642381746190,followyourdestinie,0,0,0,0,0,9,0,,1,1,1,1,1,1,1,,-1,-1,-1,-1,-1,-1,-1,,0,0,0,0,0,0,0,,$0.00,$0.00,$0.00,$0.00,$0.00,$0.04,$0.00,,$0.00,$0.00,$0.00,$0.00,$0.00,$0.00,$0.00
7585352104148090935,pnwliving,0,425,607,"1,159",0,0,0,,1,1,1,1,1,1,1,,-1,-1,-1,-1,-1,-1,-1,,0,0,0,0,0,0,0,,$0.00,$1.91,$2.73,$5.22,$0.00,$0.00,$0.00,,$0.00,$0.00,$0.00,$0.00,$0.00,$0.00,$0.00
7583156191761678391,t.colvvv,0,0,0,0,0,0,0,,1,1,1,1,1,1,1,,-1,-1,-1,-1,-1,-1,-1,,0,0,0,0,0,0,0,,$0.00,$0.00,$0.00,$0.00,$0.00,$0.00,$0.00,,$0.00,$0.00,$0.00,$0.00,$0.00,$0.00,$0.00
7584609048327405623,checker.tarot,0,0,0,3,0,2,0,,1,1,1,1,1,1,1,,-1,-1,-1,-1,-1,-1,-1,,0,0,0,0,0,0,0,,$0.00,$0.00,$0.00,$0.01,$0.00,$0.01,$0.00,,$0.00,$0.00,$0.00,$0.00,$0.00,$0.00,$0.00
7579762714873118733,tellemwatson,0,0,0,0,0,0,0,,1,1,1,1,1,1,1,,-1,-1,-1,-1,-1,-1,-1,,0,0,0,0,0,0,0,,$0.00,$0.00,$0.00,$0.00,$0.00,$0.00,$0.00,,$0.00,$0.00,$0.00,$0.00,$0.00,$0.00,$0.00
7584893327687073805,#N/A,,,0,0,0,0,0,,,,1,1,1,1,1,,,,-1,-1,-1,-1,-1,,0,0,0,0,0,0,0,,$0.00,$0.00,$0.00,$0.00,$0.00,$0.00,$0.00,,,$0.00,$0.00,$0.00,$0.00,$0.00,$0.00
7589379364102651959,papabearblessed,0,0,0,99,0,0,0,,1,1,1,1,1,1,1,,-1,-1,-1,-1,-1,-1,-1,,0,0,0,0,0,0,0,,$0.00,$0.00,$0.00,$0.45,$0.00,$0.00,$0.00,,$0.00,$0.00,$0.00,$0.00,$0.00,$0.00,$0.00
7582786315515740173,liannaartistry,0,132,0,0,1,0,0,,1,1,1,1,1,1,1,,-1,-1,-1,-1,-1,-1,-1,,0,0,0,0,0,0,0,,$0.00,$0.59,$0.00,$0.00,$0.00,$0.00,$0.00,,$0.00,$0.00,$0.00,$0.00,$0.00,$0.00,$0.00
7582754500964925454,itzz.mone6,0,40,3,12,112,5,0,,1,1,1,1,1,1,1,,-1,-1,-1,-1,-1,-1,-1,,0,0,0,0,0,0,0,,$0.00,$0.18,$0.01,$0.05,$0.50,$0.02,$0.00,,$0.00,$0.00,$0.00,$0.00,$0.00,$0.00,$0.00
7578673000590065677,beachblondemama,0,0,0,0,0,0,0,,1,1,1,1,1,1,1,,-1,-1,-1,-1,-1,-1,-1,,0,0,0,0,0,0,0,,$0.00,$0.00,$0.00,$0.00,$0.00,$0.00,$0.00,,$0.00,$0.00,$0.00,$0.00,$0.00,$0.00,$0.00
7359136608869711878,#N/A,,,,,,"9,228",0,,,,,,,1,1,,,,,,,-1,-1,,0,0,0,0,0,0,0,,$0.00,$0.00,$0.00,$0.00,$0.00,$41.53,$0.00,,,$0.00,$0.00,$0.00,$0.00,$0.00,$0.00
7393147089703747600,wow_mschez,0,0,0,0,0,0,0,,1,1,1,1,1,1,1,,-1,-1,-1,-1,-1,-1,-1,,0,0,0,0,0,0,0,,$0.00,$0.00,$0.00,$0.00,$0.00,$0.00,$0.00,,$0.00,$0.00,$0.00,$0.00,$0.00,$0.00,$0.00
7584171455915769911,skibudz67,0,0,0,0,0,0,0,,1,1,1,1,1,1,1,,-1,-1,-1,-1,-1,-1,-1,,0,0,0,0,0,0,0,,$0.00,$0.00,$0.00,$0.00,$0.00,$0.00,$0.00,,$0.00,$0.00,$0.00,$0.00,$0.00,$0.00,$0.00
7534965598565089335,chelseaabrahamson85,0,315,0,0,0,0,0,,1,1,1,1,1,1,1,,-1,-1,-1,-1,-1,-1,-1,,0,0,0,0,0,0,0,,$0.00,$1.42,$0.00,$0.00,$0.00,$0.00,$0.00,,$0.00,$0.00,$0.00,$0.00,$0.00,$0.00,$0.00
7581199131105017869,kuluxka,0,0,0,0,0,0,0,,1,1,1,1,1,1,1,,-1,-1,-1,-1,-1,-1,-1,,0,0,0,0,0,0,0,,$0.00,$0.00,$0.00,$0.00,$0.00,$0.00,$0.00,,$0.00,$0.00,$0.00,$0.00,$0.00,$0.00,$0.00
7595776572192243726,muthafknsid,"26,062","351,690","297,690","122,716","223,335","129,979","144,619",,1,4,3,2,3,2,2,,-1,4,5,3,5,5,5,,0,"17,000",0,0,"1,000",0,0,,$117.28,"$1,582.61","$1,339.61",$552.22,"$1,005.01",$584.91,$650.79,,$0.00,$0.00,$0.00,$0.00,$0.00,$0.00,$0.00
7591706464859734029,lifeaccordingtocheryl,0,266,398,"3,890","3,391","4,353","17,394",,1,1,1,1,1,1,1,,-1,-1,-1,3,4,4,5,,0,0,0,0,0,0,0,,$0.00,$1.20,$1.79,$17.51,$15.26,$19.59,$78.27,,$0.00,$0.00,$0.00,$0.00,$0.00,$0.00,$0.00
7598661055547654158,kinggemini285,0,"5,449",249,38,37,709,"13,600",,1,1,1,1,1,1,1,,-1,-1,-1,-1,-1,-1,1,,0,0,0,0,0,0,0,,$0.00,$24.52,$1.12,$0.17,$0.17,$3.19,$61.20,,$0.00,$0.00,$0.00,$0.00,$0.00,$0.00,$0.00
7597517130489151502,lmrese,331,473,"3,832",802,"1,097",51,"2,363",,1,1,1,1,1,1,1,,-1,0,1,4,4,0,3,,0,0,0,0,0,0,0,,$1.49,$2.13,$17.24,$3.61,$4.94,$0.23,$10.63,,$0.00,$0.00,$0.00,$0.00,$0.00,$0.00,$0.00
7423558659491381249,amysalcedo5,439,"5,948","26,332",811,"3,052","2,718","2,024",,1,1,1,1,1,1,1,,-1,0,-1,-1,-1,-1,-1,,0,0,0,0,0,0,0,,$1.98,$26.77,$118.49,$3.65,$13.73,$12.23,$9.11,,$0.00,$0.00,$0.00,$0.00,$0.00,$0.00,$0.00
7592009074502451213,clovonet02,"3,368","113,711","74,027","74,004","53,525","56,701","38,676",,1,2,1,1,1,1,1,,-1,5,5,5,5,5,5,,0,0,0,0,0,0,0,,$15.16,$511.70,$333.12,$333.02,$240.86,$255.15,$174.04,,$0.00,$0.00,$0.00,$0.00,$0.00,$0.00,$0.00
7589643748636868663,miss__kimmy,"3,547","233,203","368,150","294,899","159,336","50,589","63,110",,1,3,4,3,2,1,1,,-1,3,5,5,5,3,4,,0,"2,000",0,"10,000",0,0,0,,$15.96,"$1,049.41","$1,656.68","$1,327.05",$717.01,$227.65,$284.00,,$0.00,$0.00,$0.00,$0.00,$0.00,$0.00,$0.00
7596161558443671565,#N/A,,,,,,,"249,720",,,,,,,,3,,,,,,,,5,,0,0,0,0,0,0,0,,$0.00,$0.00,$0.00,$0.00,$0.00,$0.00,"$1,123.74",,,$0.00,$0.00,$0.00,$0.00,$0.00,$0.00
7594348083929006094,caroleens,972,"20,798","6,715","7,855","13,567","15,334","101,175",,1,1,1,1,1,1,2,,-1,1,2,2,3,3,4,,0,0,0,0,0,0,0,,$4.37,$93.59,$30.22,$35.35,$61.05,$69.00,$455.29,,$0.00,$0.00,$0.00,$0.00,$0.00,$0.00,$0.00
7359138535707967493,jenni_from_the_block0,0,"5,032","6,119",566,37,"11,715","6,298",,1,1,1,1,1,1,1,,-1,1,-1,-1,-1,1,1,,0,0,0,0,0,0,0,,$0.00,$22.64,$27.54,$2.55,$0.17,$52.72,$28.34,,$0.00,$0.00,$0.00,$0.00,$0.00,$0.00,$0.00
7590547285004566542,#N/A,,,,,"1,583","2,249",598,,,,,,1,1,1,,,,,,2,3,2,,0,0,0,0,0,0,0,,$0.00,$0.00,$0.00,$0.00,$7.12,$10.12,$2.69,,,$0.00,$0.00,$0.00,$0.00,$0.00,$0.00
7595741738505879565,jamjamish,71,"8,869","59,296","44,971","11,522","17,166","16,826",,1,1,1,1,1,1,1,,-1,-1,2,-1,-1,-1,-1,,0,0,0,0,0,0,0,,$0.32,$39.91,$266.83,$202.37,$51.85,$77.25,$75.72,,$0.00,$0.00,$0.00,$0.00,$0.00,$0.00,$0.00
7595842605108445239,tarotbymoonbeam,0,"1,431","9,882","12,187","9,885","9,305","7,089",,1,1,1,1,1,1,1,,-1,-1,-1,-1,-1,-1,-1,,0,0,0,0,0,0,0,,$0.00,$6.44,$44.47,$54.84,$44.48,$41.87,$31.90,,$0.00,$0.00,$0.00,$0.00,$0.00,$0.00,$0.00
7598710170574733326,heathen_ikyoto,0,0,0,0,0,0,2,,1,1,1,1,1,1,1,,-1,-1,-1,-1,-1,-1,-1,,0,0,0,0,0,0,0,,$0.00,$0.00,$0.00,$0.00,$0.00,$0.00,$0.01,,$0.00,$0.00,$0.00,$0.00,$0.00,$0.00,$0.00
7478580508411084801,auesomemomma1,"2,037",0,464,"69,772","82,891","36,800",847,,1,1,1,1,1,1,1,,-1,-1,-1,5,5,4,-1,,0,0,0,0,0,0,0,,$9.17,$0.00,$2.09,$313.97,$373.01,$165.60,$3.81,,$0.00,$0.00,$0.00,$0.00,$0.00,$0.00,$0.00
7592049908509818894,ash_bittickkk,0,0,0,0,0,"5,023",1,,1,1,1,1,1,1,1,,-1,-1,-1,-1,-1,-1,-1,,0,0,0,0,0,0,0,,$0.00,$0.00,$0.00,$0.00,$0.00,$22.60,$0.00,,$0.00,$0.00,$0.00,$0.00,$0.00,$0.00,$0.00
7598360367479439415,mariithonner,155,271,323,173,114,15,858,,1,1,1,1,1,1,1,,-1,-1,-1,-1,-1,-1,1,,0,0,0,0,0,0,0,,$0.70,$1.22,$1.45,$0.78,$0.51,$0.07,$3.86,,$0.00,$0.00,$0.00,$0.00,$0.00,$0.00,$0.00
7597658582695526455,ijaneeg,947,959,790,"1,205",405,0,"27,242",,1,1,1,1,1,1,1,,-1,-1,-1,0,-1,-1,1,,0,0,0,0,0,0,0,,$4.26,$4.32,$3.56,$5.42,$1.82,$0.00,$122.59,,$0.00,$0.00,$0.00,$0.00,$0.00,$0.00,$0.00
7591301261329285175,queen_maddy_1202,0,0,0,0,0,0,10,,1,1,1,1,1,1,1,,-1,-1,-1,-1,-1,-1,-1,,0,0,0,0,0,0,0,,$0.00,$0.00,$0.00,$0.00,$0.00,$0.00,$0.05,,$0.00,$0.00,$0.00,$0.00,$0.00,$0.00,$0.00
7595395796338720781,walmart.grey,0,0,0,0,0,0,0,,1,1,1,1,1,1,1,,-1,-1,-1,-1,-1,-1,-1,,0,0,0,0,0,0,0,,$0.00,$0.00,$0.00,$0.00,$0.00,$0.00,$0.00,,$0.00,$0.00,$0.00,$0.00,$0.00,$0.00,$0.00
7359134530801958917,#N/A,,,,"124,297","136,995","34,347","13,732",,,,,2,2,1,1,,,,,1,2,0,-1,,0,0,0,0,0,0,0,,$0.00,$0.00,$0.00,$559.34,$616.48,$154.56,$61.79,,,$0.00,$0.00,$0.00,$0.00,$0.00,$0.00
7597968965910183950,anaylanaee,0,"5,303","2,011",167,36,"1,174",614,,1,1,1,1,1,1,1,,-1,-1,-1,-1,-1,-1,-1,,0,0,0,0,0,0,0,,$0.00,$23.86,$9.05,$0.75,$0.16,$5.28,$2.76,,$0.00,$0.00,$0.00,$0.00,$0.00,$0.00,$0.00
7456983483978858513,mattlongmusic,0,232,"1,202","1,055",180,193,421,,1,1,1,1,1,1,1,,-1,-1,-1,-1,-1,-1,-1,,0,0,0,0,0,0,0,,$0.00,$1.04,$5.41,$4.75,$0.81,$0.87,$1.89,,$0.00,$0.00,$0.00,$0.00,$0.00,$0.00,$0.00
7589643758640185358,fit4ever91,514,503,17,403,13,210,52,,1,1,1,1,1,1,1,,-1,-1,-1,0,0,-1,-1,,0,0,0,0,0,0,0,,$2.31,$2.26,$0.08,$1.81,$0.06,$0.95,$0.23,,$0.00,$0.00,$0.00,$0.00,$0.00,$0.00,$0.00
7524533007961751553,millennialbeth,0,"6,434","3,779","31,328","10,334","11,501",0,,1,1,1,1,1,1,1,,-1,-1,-1,-1,-1,-1,-1,,0,0,0,0,0,0,0,,$0.00,$28.95,$17.01,$140.98,$46.50,$51.75,$0.00,,$0.00,$0.00,$0.00,$0.00,$0.00,$0.00,$0.00
7418793145070043137,x_deej_x,0,202,4,28,139,"2,302","3,783",,1,1,1,1,1,1,1,,-1,-1,-1,-1,-1,-1,-1,,0,0,0,0,0,0,0,,$0.00,$0.91,$0.02,$0.13,$0.63,$10.36,$17.02,,$0.00,$0.00,$0.00,$0.00,$0.00,$0.00,$0.00
7504826782965760017,katelyn.mitchell23,0,116,"1,472","2,110","2,257","12,034","3,794",,1,1,1,1,1,1,1,,-1,-1,-1,-1,1,2,1,,0,0,0,0,0,0,0,,$0.00,$0.52,$6.62,$9.50,$10.16,$54.15,$17.07,,$0.00,$0.00,$0.00,$0.00,$0.00,$0.00,$0.00
7590918395877539895,rylanlogan.s,0,0,0,0,0,1,0,,1,1,1,1,1,1,1,,-1,-1,-1,-1,-1,-1,-1,,0,0,0,0,0,0,0,,$0.00,$0.00,$0.00,$0.00,$0.00,$0.00,$0.00,,$0.00,$0.00,$0.00,$0.00,$0.00,$0.00,$0.00
7597607545938690061,ironshellbeadedcreations,0,193,32,0,0,246,152,,1,1,1,1,1,1,1,,-1,-1,-1,-1,-1,-1,-1,,0,0,0,0,0,0,0,,$0.00,$0.87,$0.14,$0.00,$0.00,$1.11,$0.68,,$0.00,$0.00,$0.00,$0.00,$0.00,$0.00,$0.00
7596188620743000119,#N/A,,,,,,,,,,,,,,,,,,,,,,,,,0,0,0,0,0,0,0,,$0.00,$0.00,$0.00,$0.00,$0.00,$0.00,$0.00,,,$0.00,$0.00,$0.00,$0.00,$0.00,$0.00
7589643760687104055,ellen_leanne,0,0,809,0,0,0,0,,1,1,1,1,1,1,1,,-1,-1,-1,-1,-1,-1,-1,,0,0,0,0,0,0,0,,$0.00,$0.00,$3.64,$0.00,$0.00,$0.00,$0.00,,$0.00,$0.00,$0.00,$0.00,$0.00,$0.00,$0.00
7368837736997847041,#N/A,,,,,,,,,,,,,,,,,,,,,,,,,0,0,0,0,0,0,0,,$0.00,$0.00,$0.00,$0.00,$0.00,$0.00,$0.00,,,$0.00,$0.00,$0.00,$0.00,$0.00,$0.00
7595367345045028919,roze.thorne,0,0,0,0,0,0,0,,1,1,1,1,1,1,1,,-1,-1,-1,-1,-1,-1,-1,,0,0,0,0,0,0,0,,$0.00,$0.00,$0.00,$0.00,$0.00,$0.00,$0.00,,$0.00,$0.00,$0.00,$0.00,$0.00,$0.00,$0.00
7594347695071084558,#N/A,,,0,0,0,0,0,,,,1,1,1,1,1,,,,-1,-1,-1,-1,-1,,0,0,0,0,0,0,0,,$0.00,$0.00,$0.00,$0.00,$0.00,$0.00,$0.00,,,$0.00,$0.00,$0.00,$0.00,$0.00,$0.00
7446759717512347649,#N/A,,,,,1,106,0,,,,,,1,1,1,,,,,,-1,-1,-1,,0,0,0,0,0,0,0,,$0.00,$0.00,$0.00,$0.00,$0.00,$0.48,$0.00,,,$0.00,$0.00,$0.00,$0.00,$0.00,$0.00
7589643751258177549,chefkev4real,0,0,0,0,0,0,0,,1,1,1,1,1,1,1,,-1,-1,-1,-1,-1,-1,-1,,0,0,0,0,0,0,0,,$0.00,$0.00,$0.00,$0.00,$0.00,$0.00,$0.00,,$0.00,$0.00,$0.00,$0.00,$0.00,$0.00,$0.00
7593228086796206135,clipbryton,0,0,0,0,0,0,0,,1,1,1,1,1,1,1,,-1,-1,-1,-1,-1,-1,-1,,0,0,0,0,0,0,0,,$0.00,$0.00,$0.00,$0.00,$0.00,$0.00,$0.00,,$0.00,$0.00,$0.00,$0.00,$0.00,$0.00,$0.00
7597569248646643725,prazahbostic8,0,0,0,0,0,0,0,,1,1,1,1,1,1,1,,-1,-1,-1,-1,-1,-1,-1,,0,0,0,0,0,0,0,,$0.00,$0.00,$0.00,$0.00,$0.00,$0.00,$0.00,,$0.00,$0.00,$0.00,$0.00,$0.00,$0.00,$0.00
7597163507775324215,samanthaleighce,0,24,0,0,0,0,0,,1,1,1,1,1,1,1,,-1,-1,-1,-1,-1,-1,-1,,0,0,0,0,0,0,0,,$0.00,$0.11,$0.00,$0.00,$0.00,$0.00,$0.00,,$0.00,$0.00,$0.00,$0.00,$0.00,$0.00,$0.00
7591745233969299470,nothingsick,0,0,0,0,0,0,0,,1,1,1,1,1,1,1,,-1,-1,-1,-1,-1,-1,-1,,0,0,0,0,0,0,0,,$0.00,$0.00,$0.00,$0.00,$0.00,$0.00,$0.00,,$0.00,$0.00,$0.00,$0.00,$0.00,$0.00,$0.00
7592397551714910221,cbrandy13,0,0,0,0,0,0,0,,1,1,1,1,1,1,1,,-1,-1,-1,-1,-1,-1,-1,,0,0,0,0,0,0,0,,$0.00,$0.00,$0.00,$0.00,$0.00,$0.00,$0.00,,$0.00,$0.00,$0.00,$0.00,$0.00,$0.00,$0.00
7359137304226725893,levi_carrington_,0,0,0,0,0,0,0,,1,1,1,1,1,1,1,,-1,-1,-1,-1,-1,-1,-1,,0,0,0,0,0,0,0,,$0.00,$0.00,$0.00,$0.00,$0.00,$0.00,$0.00,,$0.00,$0.00,$0.00,$0.00,$0.00,$0.00,$0.00
7608338554233602062,deearnnap,0,0,0,0,0,0,"279,115",,1,1,1,1,1,1,3,,-1,-1,-1,-1,-1,-1,1,,0,0,0,0,0,0,0,,$0.00,$0.00,$0.00,$0.00,$0.00,$0.00,"$1,256.02",,$0.00,$0.00,$0.00,$0.00,$0.00,$0.00,$0.00
7577930487646306318,lancektyree,"3,116","17,591","20,484","51,756","39,820","26,953","62,964",,1,1,1,1,1,1,1,,-1,5,5,5,5,5,5,,0,0,0,0,0,0,0,,$14.02,$79.16,$92.18,$232.90,$179.19,$121.29,$283.34,,$0.00,$0.00,$0.00,$0.00,$0.00,$0.00,$0.00
7466992762915667985,mulletdevotional,723,156,"4,059",920,738,821,"1,386",,1,1,1,1,1,1,1,,-1,2,4,2,4,5,4,,0,0,0,0,0,0,0,,$3.25,$0.70,$18.27,$4.14,$3.32,$3.69,$6.24,,$0.00,$0.00,$0.00,$0.00,$0.00,$0.00,$0.00
7494442891004280833,fizzle_station,0,448,494,0,0,0,"1,904",,1,1,1,1,1,1,1,,-1,-1,1,-1,-1,-1,1,,0,0,0,0,0,0,0,,$0.00,$2.02,$2.22,$0.00,$0.00,$0.00,$8.57,,$0.00,$0.00,$0.00,$0.00,$0.00,$0.00,$0.00
7605576578982035470,lady_cabernet,0,299,"1,007",361,"2,385","4,232","1,011",,1,1,1,1,1,1,1,,-1,-1,-1,-1,2,3,1,,0,0,0,0,0,0,0,,$0.00,$1.35,$4.53,$1.62,$10.73,$19.04,$4.55,,$0.00,$0.00,$0.00,$0.00,$0.00,$0.00,$0.00
7427641988100554768,jazcatraz,0,0,0,0,0,0,0,,1,1,1,1,1,1,1,,-1,-1,-1,-1,-1,-1,-1,,0,0,0,0,0,0,0,,$0.00,$0.00,$0.00,$0.00,$0.00,$0.00,$0.00,,$0.00,$0.00,$0.00,$0.00,$0.00,$0.00,$0.00
7603559048310505485,jeffrey8bp,0,0,0,0,0,0,0,,1,1,1,1,1,1,1,,-1,-1,-1,-1,-1,-1,-1,,0,0,0,0,0,0,0,,$0.00,$0.00,$0.00,$0.00,$0.00,$0.00,$0.00,,$0.00,$0.00,$0.00,$0.00,$0.00,$0.00,$0.00
7601657541499666487,bluecherubs,3,"1,145","1,200","5,665","10,754","17,463","8,373",,1,1,1,1,1,1,1,,-1,-1,-1,4,5,5,5,,0,0,0,0,0,0,0,,$0.01,$5.15,$5.40,$25.49,$48.39,$78.58,$37.68,,$0.00,$0.00,$0.00,$0.00,$0.00,$0.00,$0.00
7359137106595217413,catarina.cordle,6,722,"1,827","3,911",307,"3,077","1,957",,1,1,1,1,1,1,1,,-1,-1,4,4,0,4,3,,0,0,0,0,0,0,0,,$0.03,$3.25,$8.22,$17.60,$1.38,$13.85,$8.81,,$0.00,$0.00,$0.00,$0.00,$0.00,$0.00,$0.00
7603413642771447822,#N/A,,,,,,,,,,,,,,,,,,,,,,,,,0,0,0,0,0,0,0,,$0.00,$0.00,$0.00,$0.00,$0.00,$0.00,$0.00,,,$0.00,$0.00,$0.00,$0.00,$0.00,$0.00
7608666330618871821,n00lanttv,0,53,150,"1,475",905,"4,618",31,,1,1,1,1,1,1,1,,-1,1,3,3,4,2,3,,0,0,0,0,0,0,0,,$0.00,$0.24,$0.68,$6.64,$4.07,$20.78,$0.14,,$0.00,$0.00,$0.00,$0.00,$0.00,$0.00,$0.00
7601674566645202999,threehundredseventytwo,0,0,0,0,0,0,0,,1,1,1,1,1,1,1,,-1,-1,-1,-1,-1,-1,-1,,0,0,0,0,0,0,0,,$0.00,$0.00,$0.00,$0.00,$0.00,$0.00,$0.00,,$0.00,$0.00,$0.00,$0.00,$0.00,$0.00,$0.00
7602394582281764878,humblekeshhh,0,5,249,92,935,"1,170",916,,1,1,1,1,1,1,1,,-1,-1,-1,-1,-1,0,-1,,0,0,0,0,0,0,0,,$0.00,$0.02,$1.12,$0.41,$4.21,$5.27,$4.12,,$0.00,$0.00,$0.00,$0.00,$0.00,$0.00,$0.00
7601660558693285902,stubbsx88,0,0,20,63,195,407,"1,520",,1,1,1,1,1,1,1,,-1,-1,-1,-1,-1,-1,1,,0,0,0,0,0,0,0,,$0.00,$0.00,$0.09,$0.28,$0.88,$1.83,$6.84,,$0.00,$0.00,$0.00,$0.00,$0.00,$0.00,$0.00
7601722710653288503,birdiesforeus,0,0,0,0,0,0,0,,1,1,1,1,1,1,1,,-1,-1,-1,-1,-1,-1,-1,,0,0,0,0,0,0,0,,$0.00,$0.00,$0.00,$0.00,$0.00,$0.00,$0.00,,$0.00,$0.00,$0.00,$0.00,$0.00,$0.00,$0.00
7605650147527213069,mauricethemusic,0,47,"3,063","1,254",0,"1,526","47,144",,1,1,1,1,1,1,1,,-1,-1,-1,-1,-1,-1,3,,0,0,0,0,0,0,0,,$0.00,$0.21,$13.78,$5.64,$0.00,$6.87,$212.15,,$0.00,$0.00,$0.00,$0.00,$0.00,$0.00,$0.00
7605716528268591117,michelleistheboss1978,0,0,286,0,410,3,1,,1,1,1,1,1,1,1,,-1,-1,-1,-1,-1,-1,-1,,0,0,0,0,0,0,0,,$0.00,$0.00,$1.29,$0.00,$1.85,$0.01,$0.00,,$0.00,$0.00,$0.00,$0.00,$0.00,$0.00,$0.00
7410415784117436432,popcultkillers,"25,263","33,008","41,687","24,696","20,189","59,254","52,636",,1,1,1,1,1,1,1,,-1,1,3,1,2,5,2,,0,0,0,0,0,0,0,,$113.68,$148.54,$187.59,$111.13,$90.85,$266.64,$236.86,,$0.00,$0.00,$0.00,$0.00,$0.00,$0.00,$0.00
7603144665814122510,slaydrigaming,"3,520","23,274","36,564","13,649","3,293","7,671","2,618",,1,1,1,1,1,1,1,,-1,2,3,2,2,5,4,,0,0,0,0,0,0,0,,$15.84,$104.73,$164.54,$61.42,$14.82,$34.52,$11.78,,$0.00,$0.00,$0.00,$0.00,$0.00,$0.00,$0.00
7368835057600970768,badgirlbritt2,0,"4,762",655,"2,036","18,326",65,0,,1,1,1,1,1,1,1,,-1,-1,-1,-1,-1,-1,-1,,0,0,0,0,0,0,0,,$0.00,$21.43,$2.95,$9.16,$82.47,$0.29,$0.00,,$0.00,$0.00,$0.00,$0.00,$0.00,$0.00,$0.00
7554063085410172941,madysen_luebke,0,"2,076","2,561","36,557",29,"1,432",5,,1,1,1,1,1,1,1,,-1,-1,-1,-1,-1,-1,-1,,0,0,0,0,0,0,0,,$0.00,$9.34,$11.52,$164.51,$0.13,$6.44,$0.02,,$0.00,$0.00,$0.00,$0.00,$0.00,$0.00,$0.00
7601640864120881207,#N/A,,,,,,,,,,,,,,,,,,,,,,,,,0,0,0,0,0,0,0,,$0.00,$0.00,$0.00,$0.00,$0.00,$0.00,$0.00,,,$0.00,$0.00,$0.00,$0.00,$0.00,$0.00
7602836437343420429,its.sheemahhh,0,1,117,962,1,"1,061",361,,1,1,1,1,1,1,1,,-1,-1,-1,-1,-1,-1,-1,,0,0,0,0,0,0,0,,$0.00,$0.00,$0.53,$4.33,$0.00,$4.77,$1.62,,$0.00,$0.00,$0.00,$0.00,$0.00,$0.00,$0.00
7496706793574481936,#N/A,,,,,,64,55,,,,,,,1,1,,,,,,,-1,-1,,0,0,0,0,0,0,0,,$0.00,$0.00,$0.00,$0.00,$0.00,$0.29,$0.25,,,$0.00,$0.00,$0.00,$0.00,$0.00,$0.00
7359138147982376965,kenziesworld2020,0,0,0,1,117,"1,681",755,,1,1,1,1,1,1,1,,-1,-1,-1,-1,-1,0,2,,0,0,0,0,0,0,0,,$0.00,$0.00,$0.00,$0.00,$0.53,$7.56,$3.40,,$0.00,$0.00,$0.00,$0.00,$0.00,$0.00,$0.00
7605059443780337678,kristenkittymeow,0,0,0,0,0,0,0,,1,1,1,1,1,1,1,,-1,-1,-1,-1,-1,-1,-1,,0,0,0,0,0,0,0,,$0.00,$0.00,$0.00,$0.00,$0.00,$0.00,$0.00,,$0.00,$0.00,$0.00,$0.00,$0.00,$0.00,$0.00
7601673912480612366,ann041468,0,0,296,0,0,253,"2,948",,1,1,1,1,1,1,1,,-1,-1,-1,-1,-1,-1,-1,,0,0,0,0,0,0,0,,$0.00,$0.00,$1.33,$0.00,$0.00,$1.14,$13.27,,$0.00,$0.00,$0.00,$0.00,$0.00,$0.00,$0.00
7428383908431036432,nena.garcia31,0,0,0,21,240,20,814,,1,1,1,1,1,1,1,,-1,-1,-1,-1,-1,-1,-1,,0,0,0,0,0,0,0,,$0.00,$0.00,$0.00,$0.09,$1.08,$0.09,$3.66,,$0.00,$0.00,$0.00,$0.00,$0.00,$0.00,$0.00
7359136342216966149,embarrassment_yazzzzzzz,0,0,0,8,0,1,0,,1,1,1,1,1,1,1,,-1,-1,-1,-1,-1,-1,-1,,0,0,0,0,0,0,0,,$0.00,$0.00,$0.00,$0.04,$0.00,$0.00,$0.00,,$0.00,$0.00,$0.00,$0.00,$0.00,$0.00,$0.00
7602754318403584014,p0921188,0,0,0,645,102,3,0,,1,1,1,1,1,1,1,,-1,-1,-1,-1,-1,-1,-1,,0,0,0,0,0,0,0,,$0.00,$0.00,$0.00,$2.90,$0.46,$0.01,$0.00,,$0.00,$0.00,$0.00,$0.00,$0.00,$0.00,$0.00
7605754865872060430,_alexismaria,0,0,0,1,2,0,0,,1,1,1,1,1,1,1,,-1,-1,-1,-1,-1,-1,-1,,0,0,0,0,0,0,0,,$0.00,$0.00,$0.00,$0.00,$0.01,$0.00,$0.00,,$0.00,$0.00,$0.00,$0.00,$0.00,$0.00,$0.00
7607605520383393806,itzdes2024,0,0,0,0,7,0,0,,1,1,1,1,1,1,1,,-1,-1,-1,-1,-1,-1,-1,,0,0,0,0,0,0,0,,$0.00,$0.00,$0.00,$0.00,$0.03,$0.00,$0.00,,$0.00,$0.00,$0.00,$0.00,$0.00,$0.00,$0.00
7607844338743164941,#N/A,,,0,0,0,0,0,,,,1,1,1,1,1,,,,-1,-1,-1,-1,-1,,0,0,0,0,0,0,0,,$0.00,$0.00,$0.00,$0.00,$0.00,$0.00,$0.00,,,$0.00,$0.00,$0.00,$0.00,$0.00,$0.00
7608209915718582285,trystinnnn_,0,0,0,0,0,,0,,1,1,1,1,1,,1,,-1,-1,-1,-1,-1,,-1,,0,0,0,0,0,0,0,,$0.00,$0.00,$0.00,$0.00,$0.00,$0.00,$0.00,,$0.00,$0.00,$0.00,$0.00,$0.00,$0.00,$0.00
7608318906436075533,alwysovrr,0,0,0,0,0,0,0,,1,1,1,1,1,1,1,,-1,-1,-1,-1,-1,-1,-1,,0,0,0,0,0,0,0,,$0.00,$0.00,$0.00,$0.00,$0.00,$0.00,$0.00,,$0.00,$0.00,$0.00,$0.00,$0.00,$0.00,$0.00
7608679729838931982,ekklesiahorizon,0,0,525,0,0,26,9,,1,1,1,1,1,1,1,,-1,-1,-1,-1,-1,-1,-1,,0,0,0,0,0,0,0,,$0.00,$0.00,$2.36,$0.00,$0.00,$0.12,$0.04,,$0.00,$0.00,$0.00,$0.00,$0.00,$0.00,$0.00
7610186902892855310,kaitoosimple,0,0,56,316,0,0,0,,1,1,1,1,1,1,1,,-1,-1,-1,-1,-1,-1,-1,,0,0,0,0,0,0,0,,$0.00,$0.00,$0.25,$1.42,$0.00,$0.00,$0.00,,$0.00,$0.00,$0.00,$0.00,$0.00,$0.00,$0.00
7556036936314470414,laketimemamaw,0,271,"2,104","1,238","9,167","46,225","122,973",,1,1,1,1,1,1,2,,-1,-1,-1,-1,-1,3,3,,0,0,0,0,0,0,0,,$0.00,$1.22,$9.47,$5.57,$41.25,$208.01,$553.38,,$0.00,$0.00,$0.00,$0.00,$0.00,$0.00,$0.00
7612102618529185806,ajsrantroom,"2,308","33,875","114,213","80,222","135,880","88,424","57,047",,1,1,2,1,2,1,1,,-1,1,2,2,3,3,3,,0,0,0,0,"4,000",0,0,,$10.39,$152.44,$513.96,$361.00,$611.46,$397.91,$256.71,,$0.00,$0.00,$0.00,$0.00,$0.00,$0.00,$0.00
7612028316274475022,tyrellgreenlee,0,0,0,0,0,262,"9,236",,1,1,1,1,1,1,1,,-1,-1,-1,-1,-1,-1,1,,0,0,0,0,0,0,0,,$0.00,$0.00,$0.00,$0.00,$0.00,$1.18,$41.56,,$0.00,$0.00,$0.00,$0.00,$0.00,$0.00,$0.00
7611963157363572750,gentryblue,53,0,0,0,65,"2,836","5,288",,1,1,1,1,1,1,1,,-1,-1,-1,-1,-1,-1,2,,0,0,0,0,0,0,0,,$0.24,$0.00,$0.00,$0.00,$0.29,$12.76,$23.80,,$0.00,$0.00,$0.00,$0.00,$0.00,$0.00,$0.00
7359137901097025542,hunterbenjamin3,0,0,"9,806","31,941","17,538","167,279","65,813",,1,1,1,1,1,2,1,,-1,-1,-1,-1,-1,-1,1,,0,0,0,0,0,0,0,,$0.00,$0.00,$44.13,$143.73,$78.92,$752.76,$296.16,,$0.00,$0.00,$0.00,$0.00,$0.00,$0.00,$0.00
7581866697594978359,#N/A,,,,,"80,815","126,685","104,774",,,,,,1,2,2,,,,,,5,5,5,,0,0,0,0,0,0,0,,$0.00,$0.00,$0.00,$0.00,$363.67,$570.08,$471.48,,,$0.00,$0.00,$0.00,$0.00,$0.00,$0.00
7614291260660170766,kaemi.s,0,0,0,102,16,0,0,,1,1,1,1,1,1,1,,-1,-1,-1,-1,-1,-1,-1,,0,0,0,0,0,0,0,,$0.00,$0.00,$0.00,$0.46,$0.07,$0.00,$0.00,,$0.00,$0.00,$0.00,$0.00,$0.00,$0.00,$0.00
7514969467965685761,#N/A,,,,,,"7,519","5,475",,,,,,,1,1,,,,,,,-1,-1,,0,0,0,0,0,0,0,,$0.00,$0.00,$0.00,$0.00,$0.00,$33.84,$24.64,,,$0.00,$0.00,$0.00,$0.00,$0.00,$0.00
7614997682968608782,therealestherj,0,0,0,0,0,13,0,,1,1,1,1,1,1,1,,-1,-1,-1,-1,-1,-1,-1,,0,0,0,0,0,0,0,,$0.00,$0.00,$0.00,$0.00,$0.00,$0.06,$0.00,,$0.00,$0.00,$0.00,$0.00,$0.00,$0.00,$0.00
7615464895412453389,sweetvirgo381,"20,854","94,689","81,879","100,402","109,135","77,554","131,001",,1,1,1,2,2,1,2,,-1,4,4,5,4,4,3,,0,0,0,0,0,0,0,,$93.84,$426.10,$368.46,$451.81,$491.11,$348.99,$589.50,,$0.00,$0.00,$0.00,$0.00,$0.00,$0.00,$0.00
7433949556557234177,jordoncox74,0,9,14,75,151,12,73,,1,1,1,1,1,1,1,,-1,-1,-1,-1,-1,-1,-1,,0,0,0,0,0,0,0,,$0.00,$0.04,$0.06,$0.34,$0.68,$0.05,$0.33,,$0.00,$0.00,$0.00,$0.00,$0.00,$0.00,$0.00
7615439953488592909,janelleexxx,0,20,0,0,0,"5,043","1,653",,1,1,1,1,1,1,1,,-1,-1,-1,-1,-1,-1,-1,,0,0,0,0,0,0,0,,$0.00,$0.09,$0.00,$0.00,$0.00,$22.69,$7.44,,$0.00,$0.00,$0.00,$0.00,$0.00,$0.00,$0.00
7615372830406033422,liyaaahbaaby,0,0,0,0,1,129,384,,1,1,1,1,1,1,1,,-1,-1,-1,-1,-1,-1,-1,,0,0,0,0,0,0,0,,$0.00,$0.00,$0.00,$0.00,$0.00,$0.58,$1.73,,$0.00,$0.00,$0.00,$0.00,$0.00,$0.00,$0.00
7615813556428357645,jaybug1019,35,"3,641","7,832","7,110","7,667","4,221","42,729",,1,1,1,1,1,1,1,,-1,-1,1,1,-1,-1,0,,0,0,0,0,0,0,0,,$0.16,$16.38,$35.24,$32.00,$34.50,$18.99,$192.28,,$0.00,$0.00,$0.00,$0.00,$0.00,$0.00,$0.00
7615799290182778893,#N/A,,,,,,,,,,,,,,,,,,,,,,,,,0,0,0,0,0,0,0,,$0.00,$0.00,$0.00,$0.00,$0.00,$0.00,$0.00,,,$0.00,$0.00,$0.00,$0.00,$0.00,$0.00
7616528288537919502,tierneysage,0,0,0,0,0,0,"10,726",,1,1,1,1,1,1,1,,-1,-1,-1,-1,-1,-1,0,,0,0,0,0,0,0,0,,$0.00,$0.00,$0.00,$0.00,$0.00,$0.00,$48.27,,$0.00,$0.00,$0.00,$0.00,$0.00,$0.00,$0.00
7607148259496378381,sattynkolka,0,0,0,0,0,0,0,,1,1,1,1,1,1,1,,-1,-1,-1,-1,-1,-1,-1,,0,0,0,0,0,0,0,,$0.00,$0.00,$0.00,$0.00,$0.00,$0.00,$0.00,,$0.00,$0.00,$0.00,$0.00,$0.00,$0.00,$0.00
7616798541306019854,kyleauthmusic,0,0,0,0,0,0,0,,1,1,1,1,1,1,1,,-1,-1,-1,-1,-1,-1,-1,,0,0,0,0,0,0,0,,$0.00,$0.00,$0.00,$0.00,$0.00,$0.00,$0.00,,$0.00,$0.00,$0.00,$0.00,$0.00,$0.00,$0.00
7616905679974187022,officialmandimacias,0,0,0,0,0,0,0,,1,1,1,1,1,1,1,,-1,-1,-1,-1,-1,-1,-1,,0,0,0,0,0,0,0,,$0.00,$0.00,$0.00,$0.00,$0.00,$0.00,$0.00,,$0.00,$0.00,$0.00,$0.00,$0.00,$0.00,$0.00
7616898653898194958,lo.forge,0,0,0,"92,438","56,012","78,136","56,156",,1,1,1,1,1,1,1,,-1,-1,-1,0,-1,1,0,,0,0,0,0,0,0,0,,$0.00,$0.00,$0.00,$415.97,$252.05,$351.61,$252.70,,$0.00,$0.00,$0.00,$0.00,$0.00,$0.00,$0.00
7616849409216725005,jahderralessie,0,300,"1,009",174,67,188,614,,1,1,1,1,1,1,1,,-1,-1,-1,-1,-1,-1,-1,,0,0,0,0,0,0,0,,$0.00,$1.35,$4.54,$0.78,$0.30,$0.85,$2.76,,$0.00,$0.00,$0.00,$0.00,$0.00,$0.00,$0.00
7422817041553358865,ncproudtrucking,0,0,0,0,0,0,,,1,1,1,1,1,1,,,-1,-1,-1,-1,-1,-1,,,0,0,0,0,0,0,0,,$0.00,$0.00,$0.00,$0.00,$0.00,$0.00,$0.00,,$0.00,$0.00,$0.00,$0.00,$0.00,$0.00,$0.00
7436549436626567169,#N/A,,,,,,,,,,,,,,,,,,,,,,,,,0,0,0,0,0,0,0,,$0.00,$0.00,$0.00,$0.00,$0.00,$0.00,$0.00,,,$0.00,$0.00,$0.00,$0.00,$0.00,$0.00
7359138081041088518,#N/A,,,,,,,,,,,,,,,,,,,,,,,,,0,0,0,0,0,0,0,,$0.00,$0.00,$0.00,$0.00,$0.00,$0.00,$0.00,,,$0.00,$0.00,$0.00,$0.00,$0.00,$0.00
7453646179688169488,#N/A,,,,,"320,744","299,994","46,932",,,,,,4,3,1,,,,,,4,3,-1,,0,0,0,0,0,0,0,,$0.00,$0.00,$0.00,$0.00,"$1,443.35","$1,349.97",$211.19,,,$0.00,$0.00,$0.00,$0.00,$0.00,$0.00
7427343074155855888,#N/A,,,,,,,,,,,,,,,,,,,,,,,,,0,0,0,0,0,0,0,,$0.00,$0.00,$0.00,$0.00,$0.00,$0.00,$0.00,,,$0.00,$0.00,$0.00,$0.00,$0.00,$0.00
7554981574454919223,stephintechnicolor,40,"18,152","18,164","9,121","2,546",60,"50,124",,1,1,1,1,1,1,1,,-1,-1,-1,-1,-1,-1,-1,,0,0,0,0,0,0,0,,$0.18,$81.68,$81.74,$41.04,$11.46,$0.27,$225.56,,$0.00,$0.00,$0.00,$0.00,$0.00,$0.00,$0.00
7582216178916180023,#N/A,,,"75,533","55,592","48,447","158,915","191,141",,,,1,1,1,2,2,,,,3,3,2,4,5,,0,0,0,0,0,0,0,,$0.00,$0.00,$339.90,$250.16,$218.01,$715.12,$860.13,,,$0.00,$0.00,$0.00,$0.00,$0.00,$0.00
7617670392164925454,joeygrimaldimusic1,0,0,0,0,0,0,0,,1,1,1,1,1,1,1,,-1,-1,-1,-1,-1,-1,-1,,0,0,0,0,0,0,0,,$0.00,$0.00,$0.00,$0.00,$0.00,$0.00,$0.00,,$0.00,$0.00,$0.00,$0.00,$0.00,$0.00,$0.00
7617676358608797709,#N/A,,,,,,,,,,,,,,,,,,,,,,,,,0,0,0,0,0,0,0,,$0.00,$0.00,$0.00,$0.00,$0.00,$0.00,$0.00,,,$0.00,$0.00,$0.00,$0.00,$0.00,$0.00
7617670570762944525,#N/A,,,,,,208,"3,074",,,,,,,1,1,,,,,,,-1,-1,,0,0,0,0,0,0,0,,$0.00,$0.00,$0.00,$0.00,$0.00,$0.94,$13.83,,,$0.00,$0.00,$0.00,$0.00,$0.00,$0.00
7617963497665839118,#N/A,,,,,,,721,,,,,,,,1,,,,,,,,-1,,0,0,0,0,0,0,0,,$0.00,$0.00,$0.00,$0.00,$0.00,$0.00,$3.24,,,$0.00,$0.00,$0.00,$0.00,$0.00,$0.00
7618170833961238542,chey10100,0,0,0,0,0,10,2,,1,1,1,1,1,1,1,,-1,-1,-1,-1,-1,-1,-1,,0,0,0,0,0,0,0,,$0.00,$0.00,$0.00,$0.00,$0.00,$0.05,$0.01,,$0.00,$0.00,$0.00,$0.00,$0.00,$0.00,$0.00
7618246958465171470,camgtastysoul,0,0,15,0,551,47,48,,1,1,1,1,1,1,1,,-1,-1,-1,-1,-1,-1,-1,,0,0,0,0,0,0,0,,$0.00,$0.00,$0.07,$0.00,$2.48,$0.21,$0.22,,$0.00,$0.00,$0.00,$0.00,$0.00,$0.00,$0.00
7618332605280206862,national_uchiha,0,0,0,0,0,0,0,,1,1,1,1,1,1,1,,-1,-1,-1,-1,-1,-1,-1,,0,0,0,0,0,0,0,,$0.00,$0.00,$0.00,$0.00,$0.00,$0.00,$0.00,,$0.00,$0.00,$0.00,$0.00,$0.00,$0.00,$0.00
7618351780883283982,urfav327,"3,912","9,346","14,688",325,"9,734",1,0,,1,1,1,1,1,1,1,,-1,-1,-1,-1,-1,-1,-1,,0,0,0,0,0,0,0,,$17.60,$42.06,$66.10,$1.46,$43.80,$0.00,$0.00,,$0.00,$0.00,$0.00,$0.00,$0.00,$0.00,$0.00
7619036372107739150,adamsanderssinger,21,5,"24,660",503,"3,080",1,0,,1,1,1,1,1,1,1,,-1,-1,-1,-1,-1,-1,-1,,0,0,0,0,0,0,0,,$0.09,$0.02,$110.97,$2.26,$13.86,$0.00,$0.00,,$0.00,$0.00,$0.00,$0.00,$0.00,$0.00,$0.00
7509779482513965073,namezcarol,0,0,0,0,0,2,2,,1,1,1,1,1,1,1,,-1,-1,-1,-1,-1,-1,-1,,0,0,0,0,0,0,0,,$0.00,$0.00,$0.00,$0.00,$0.00,$0.01,$0.01,,$0.00,$0.00,$0.00,$0.00,$0.00,$0.00,$0.00
7619124999152254989,hannahhaylen,0,0,0,0,0,0,46,,1,1,1,1,1,1,1,,-1,-1,-1,-1,-1,-1,-1,,0,0,0,0,0,0,0,,$0.00,$0.00,$0.00,$0.00,$0.00,$0.00,$0.21,,$0.00,$0.00,$0.00,$0.00,$0.00,$0.00,$0.00
7619326792062746637,wild_sunflower262,114,455,"1,769","1,598",559,"1,652",594,,1,1,1,1,1,1,1,,-1,-1,-1,-1,-1,-1,-1,,0,0,0,0,0,0,0,,$0.51,$2.05,$7.96,$7.19,$2.52,$7.43,$2.67,,$0.00,$0.00,$0.00,$0.00,$0.00,$0.00,$0.00
7619640157959897101,#N/A,,,,,,"5,261",202,,,,,,,1,1,,,,,,,-1,-1,,0,0,0,0,0,0,0,,$0.00,$0.00,$0.00,$0.00,$0.00,$23.67,$0.91,,,$0.00,$0.00,$0.00,$0.00,$0.00,$0.00
7619564589575061518,#N/A,,,,,,"6,940","2,573",,,,,,,1,1,,,,,,,-1,-1,,0,0,0,0,0,0,0,,$0.00,$0.00,$0.00,$0.00,$0.00,$31.23,$11.58,,,$0.00,$0.00,$0.00,$0.00,$0.00,$0.00
7620003149398458382,foreverinoregon,"1,322","10,408","14,427","23,419","27,378","16,799","59,574",,1,1,1,1,1,1,1,,-1,1,1,2,2,3,4,,0,0,0,0,0,0,0,,$5.95,$46.84,$64.92,$105.39,$123.20,$75.60,$268.08,,$0.00,$0.00,$0.00,$0.00,$0.00,$0.00,$0.00
7619841173007384590,poseidonfavoritedaughter,0,2,1,"1,175",252,"1,651","3,136",,1,1,1,1,1,1,1,,-1,-1,-1,-1,-1,-1,1,,0,0,0,0,0,0,0,,$0.00,$0.01,$0.00,$5.29,$1.13,$7.43,$14.11,,$0.00,$0.00,$0.00,$0.00,$0.00,$0.00,$0.00
7561842881749893134,bunny2658,0,0,1,6,177,14,21,,1,1,1,1,1,1,1,,-1,-1,-1,-1,-1,-1,-1,,0,0,0,0,0,0,0,,$0.00,$0.00,$0.00,$0.03,$0.80,$0.06,$0.09,,$0.00,$0.00,$0.00,$0.00,$0.00,$0.00,$0.00
7359134556475457541,biigdawgdancer,7,"7,849","15,677","12,715","51,956","4,588","12,419",,1,1,1,1,1,1,1,,-1,-1,0,-1,-1,-1,-1,,0,0,0,0,0,0,0,,$0.03,$35.32,$70.55,$57.22,$233.80,$20.65,$55.89,,$0.00,$0.00,$0.00,$0.00,$0.00,$0.00,$0.00
7620199755519672333,joshmacattack,0,30,10,145,5,472,337,,1,1,1,1,1,1,1,,-1,-1,-1,-1,-1,-1,-1,,0,0,0,0,0,0,0,,$0.00,$0.14,$0.05,$0.65,$0.02,$2.12,$1.52,,$0.00,$0.00,$0.00,$0.00,$0.00,$0.00,$0.00
7620260745313337357,shopwithkaybae,0,0,0,0,0,,"2,118",,1,1,1,1,1,,1,,-1,-1,-1,-1,-1,,-1,,0,0,0,0,0,0,0,,$0.00,$0.00,$0.00,$0.00,$0.00,$0.00,$9.53,,$0.00,$0.00,$0.00,$0.00,$0.00,$0.00,$0.00
7436461793502855184,kayleecapo,0,213,485,"2,926",248,"7,374",0,,1,1,1,1,1,1,1,,-1,-1,-1,-1,-1,-1,-1,,0,0,0,0,0,0,0,,$0.00,$0.96,$2.18,$13.17,$1.12,$33.18,$0.00,,$0.00,$0.00,$0.00,$0.00,$0.00,$0.00,$0.00
7620562764913852430,lunaticcupcakettv,0,675,167,"5,125","19,634","54,759","91,077",,1,1,1,1,1,1,1,,-1,-1,-1,-1,3,5,5,,0,0,0,0,0,0,0,,$0.00,$3.04,$0.75,$23.06,$88.35,$246.42,$409.85,,$0.00,$0.00,$0.00,$0.00,$0.00,$0.00,$0.00
7620557148803842062,codyunderhill86,0,1,0,0,0,1,0,,1,1,1,1,1,1,1,,-1,-1,-1,-1,-1,-1,-1,,0,0,0,0,0,0,0,,$0.00,$0.00,$0.00,$0.00,$0.00,$0.00,$0.00,,$0.00,$0.00,$0.00,$0.00,$0.00,$0.00,$0.00
7620552056218238990,khari_marie,0,0,1,0,0,16,202,,1,1,1,1,1,1,1,,-1,-1,-1,-1,-1,-1,-1,,0,0,0,0,0,0,0,,$0.00,$0.00,$0.00,$0.00,$0.00,$0.07,$0.91,,$0.00,$0.00,$0.00,$0.00,$0.00,$0.00,$0.00
7620606733773258766,cupcakesareverygood,"29,542","13,626","53,656","138,950","44,247","45,533","54,658",,1,1,1,2,1,1,1,,-1,-1,1,2,1,1,1,,0,0,0,0,0,0,0,,$132.94,$61.32,$241.45,$625.28,$199.11,$204.90,$245.96,,$0.00,$0.00,$0.00,$0.00,$0.00,$0.00,$0.00
7620557957587320845,johnbcoxmusic,0,0,0,0,0,14,5,,1,1,1,1,1,1,1,,-1,-1,-1,-1,-1,-1,-1,,0,0,0,0,0,0,0,,$0.00,$0.00,$0.00,$0.00,$0.00,$0.06,$0.02,,$0.00,$0.00,$0.00,$0.00,$0.00,$0.00,$0.00
7620572339134218253,jdc..2000,"15,814","108,300","252,924","168,713","61,099","63,259","126,522",,1,2,3,2,1,1,2,,-1,4,4,4,3,4,4,,0,0,0,0,0,0,0,,$71.16,$487.35,"$1,138.16",$759.21,$274.95,$284.67,$569.35,,$0.00,$0.00,$0.00,$0.00,$0.00,$0.00,$0.00
7572619473346150413,sweetlilahxoxo,0,"15,766","32,464","102,861","36,705","51,581","450,943",,1,1,1,2,1,1,4,,-1,-1,0,1,-1,0,2,,0,0,0,0,0,0,0,,$0.00,$70.95,$146.09,$462.87,$165.17,$232.11,"$2,029.24",,$0.00,$0.00,$0.00,$0.00,$0.00,$0.00,$0.00
7620545088565002254,lokirising,"6,555","24,493","40,238","120,397","304,948","236,899","9,435",,1,1,1,2,4,3,1,,-1,3,4,5,5,5,3,,0,0,0,0,0,0,0,,$29.50,$110.22,$181.07,$541.79,"$1,372.27","$1,066.05",$42.46,,$0.00,$0.00,$0.00,$0.00,$0.00,$0.00,$0.00
7610044696014110734,#N/A,,,,,,,,,,,,,,,,,,,,,,,,,0,0,0,0,0,0,0,,$0.00,$0.00,$0.00,$0.00,$0.00,$0.00,$0.00,,,$0.00,$0.00,$0.00,$0.00,$0.00,$0.00
7621024354331082766,luhbaddiez,0,0,13,2,0,0,1,,1,1,1,1,1,1,1,,-1,-1,-1,-1,-1,-1,-1,,0,0,0,0,0,0,0,,$0.00,$0.00,$0.06,$0.01,$0.00,$0.00,$0.00,,$0.00,$0.00,$0.00,$0.00,$0.00,$0.00,$0.00
7620939720440365069,melwithaperiod,567,"3,615","4,507","2,991","4,805","7,536","42,344",,1,1,1,1,1,1,1,,-1,-1,-1,-1,-1,-1,2,,0,0,0,0,0,0,0,,$2.55,$16.27,$20.28,$13.46,$21.62,$33.91,$190.55,,$0.00,$0.00,$0.00,$0.00,$0.00,$0.00,$0.00
7620941485973979149,#N/A,,,,,,,,,,,,,,,,,,,,,,,,,0,0,0,0,0,0,0,,$0.00,$0.00,$0.00,$0.00,$0.00,$0.00,$0.00,,,$0.00,$0.00,$0.00,$0.00,$0.00,$0.00
7533512976045785102,noisemoist,0,"1,472","1,363","1,586",421,"2,198","8,980",,1,1,1,1,1,1,1,,-1,1,0,1,-1,2,4,,0,0,0,0,0,0,0,,$0.00,$6.62,$6.13,$7.14,$1.89,$9.89,$40.41,,$0.00,$0.00,$0.00,$0.00,$0.00,$0.00,$0.00
7620905797337399309,maxx.mayhem,0,1,1,114,2,1,0,,1,1,1,1,1,1,1,,-1,-1,0,1,1,1,-1,,0,0,0,100,0,0,0,,$0.00,$0.00,$0.00,$0.51,$0.01,$0.00,$0.00,,$0.00,$0.00,$0.00,$0.00,$0.00,$0.00,$0.00
7621509892486217741,#N/A,,,,,,"63,621","27,464",,,,,,,1,1,,,,,,,3,5,,0,0,0,0,0,0,0,,$0.00,$0.00,$0.00,$0.00,$0.00,$286.29,$123.59,,,$0.00,$0.00,$0.00,$0.00,$0.00,$0.00
7621325434885586958,jm.krajc,0,7,0,"2,528","3,754","10,927","5,048",,1,1,1,1,1,1,1,,-1,-1,-1,-1,-1,-1,-1,,0,0,0,0,0,0,0,,$0.00,$0.03,$0.00,$11.38,$16.89,$49.17,$22.72,,$0.00,$0.00,$0.00,$0.00,$0.00,$0.00,$0.00
7579888747987320845,_iamchilly,239,227,"1,599","1,876","1,051","3,717","14,752",,1,1,1,1,1,1,1,,-1,-1,1,1,2,2,2,,0,0,0,0,0,0,0,,$1.08,$1.02,$7.20,$8.44,$4.73,$16.73,$66.38,,$0.00,$0.00,$0.00,$0.00,$0.00,$0.00,$0.00
7621328160352681997,sahdude33,0,0,0,0,0,0,7,,1,1,1,1,1,1,1,,-1,-1,-1,-1,-1,-1,-1,,0,0,0,0,0,0,0,,$0.00,$0.00,$0.00,$0.00,$0.00,$0.00,$0.03,,$0.00,$0.00,$0.00,$0.00,$0.00,$0.00,$0.00
7359138702754480133,animalondrums,"8,989","39,109","18,093","10,437","8,998","11,351","14,878",,1,1,1,1,1,1,1,,-1,1,1,0,-1,-1,-1,,0,0,0,0,0,0,0,,$40.45,$175.99,$81.42,$46.97,$40.49,$51.08,$66.95,,$0.00,$0.00,$0.00,$0.00,$0.00,$0.00,$0.00
7563532819629293623,aka_audrey,0,8,0,3,250,"1,082",427,,1,1,1,1,1,1,1,,-1,-1,-1,-1,-1,-1,-1,,0,0,0,0,0,0,0,,$0.00,$0.04,$0.00,$0.01,$1.13,$4.87,$1.92,,$0.00,$0.00,$0.00,$0.00,$0.00,$0.00,$0.00
7621630233304809486,mylagooden,0,2,44,17,5,0,603,,1,1,1,1,1,1,1,,-1,-1,-1,-1,-1,-1,-1,,0,0,0,0,0,0,0,,$0.00,$0.01,$0.20,$0.08,$0.02,$0.00,$2.71,,$0.00,$0.00,$0.00,$0.00,$0.00,$0.00,$0.00
7359135646847598597,djunieq,11,"1,559","3,222","7,688","4,887","7,604","16,457",,1,1,1,1,1,1,1,,-1,-1,-1,0,-1,1,2,,0,0,0,0,0,0,0,,$0.05,$7.02,$14.50,$34.60,$21.99,$34.22,$74.06,,$0.00,$0.00,$0.00,$0.00,$0.00,$0.00,$0.00
7359139290301038597,stephymaddy,"54,426","606,034","1,761,780","600,023","601,954","678,730","681,208",,1,5,7,5,5,5,5,,-1,5,5,5,5,5,5,,0,"5,000","18,000","6,000","10,000","6,000",0,,$244.92,"$2,727.15","$7,928.01","$2,700.10","$2,708.79","$3,054.29","$3,065.44",,$0.00,$0.00,$440.45,$0.00,$0.00,$0.00,$0.00
7622909020155985933,m4tt3geeks,155,768,158,633,32,774,111,,1,1,1,1,1,1,1,,-1,-1,-1,-1,-1,-1,-1,,0,0,0,0,0,0,0,,$0.70,$3.46,$0.71,$2.85,$0.14,$3.48,$0.50,,$0.00,$0.00,$0.00,$0.00,$0.00,$0.00,$0.00
7359136287137398789,,0,,3,1,54,"3,502",49,,1,,1,1,1,1,1,,-1,,4,1,5,5,5,,0,0,0,0,0,0,0,,$0.00,$0.00,$0.01,$0.00,$0.24,$15.76,$0.22,,,$0.00,$0.00,$0.00,$0.00,$0.00,$0.00
7576802269769973815,chantelrosee,0,0,824,0,0,0,0,,1,1,1,1,1,1,1,,-1,-1,-1,-1,-1,-1,-1,,0,0,0,0,0,0,0,,$0.00,$0.00,$3.71,$0.00,$0.00,$0.00,$0.00,,$0.00,$0.00,$0.00,$0.00,$0.00,$0.00,$0.00
7623573967936471054,tatiyana_219,0,0,0,0,1,10,792,,1,1,1,1,1,1,1,,-1,-1,-1,-1,-1,-1,-1,,0,0,0,0,0,0,0,,$0.00,$0.00,$0.00,$0.00,$0.00,$0.05,$3.56,,$0.00,$0.00,$0.00,$0.00,$0.00,$0.00,$0.00
7623559476192264206,schenk_official,0,0,0,"1,548",21,456,"1,543",,1,1,1,1,1,1,1,,-1,-1,-1,-1,-1,0,-1,,0,0,0,0,0,0,0,,$0.00,$0.00,$0.00,$6.97,$0.09,$2.05,$6.94,,$0.00,$0.00,$0.00,$0.00,$0.00,$0.00,$0.00
7499269427771457553,inluvwithpnw,0,0,0,0,0,0,0,,1,1,1,1,1,1,1,,-1,-1,-1,-1,-1,-1,-1,,0,0,0,0,0,0,0,,$0.00,$0.00,$0.00,$0.00,$0.00,$0.00,$0.00,,$0.00,$0.00,$0.00,$0.00,$0.00,$0.00,$0.00
7624162870003253261,mariigamez333,0,0,0,221,"1,049","7,121",873,,1,1,1,1,1,1,1,,-1,-1,-1,-1,-1,-1,-1,,0,0,0,0,0,0,0,,$0.00,$0.00,$0.00,$0.99,$4.72,$32.04,$3.93,,$0.00,$0.00,$0.00,$0.00,$0.00,$0.00,$0.00
7625705309243457549,mattwatersmusic,159,"11,754","8,862","4,991","19,980","11,541","10,607",,1,1,1,1,1,1,1,,-1,3,3,2,3,2,3,,0,0,0,0,0,0,0,,$0.72,$52.89,$39.88,$22.46,$89.91,$51.93,$47.73,,$0.00,$0.00,$0.00,$0.00,$0.00,$0.00,$0.00
7359135725004029958,official_hd_,0,"10,872","1,020","2,920","11,960","54,395",32,,1,1,1,1,1,1,1,,-1,2,-1,-1,3,1,-1,,0,0,0,600,0,0,0,,$0.00,$48.92,$4.59,$13.14,$53.82,$244.78,$0.14,,$0.00,$0.00,$0.00,$0.00,$0.00,$0.00,$0.00
7434366416461135873,ifeelthelove8,645,"5,436","17,622","49,014","22,067","19,346","41,675",,1,1,1,1,1,1,1,,-1,-1,0,3,2,3,3,,0,0,0,0,0,0,0,,$2.90,$24.46,$79.30,$220.56,$99.30,$87.06,$187.54,,$0.00,$0.00,$0.00,$0.00,$0.00,$0.00,$0.00
7606951480838569998,shawnoo4x,"1,288","4,313","3,489","6,746","27,426","1,622","15,106",,1,1,1,1,1,1,1,,-1,-1,-1,-1,-1,-1,-1,,0,0,0,0,0,0,0,,$5.80,$19.41,$15.70,$30.36,$123.42,$7.30,$67.98,,$0.00,$0.00,$0.00,$0.00,$0.00,$0.00,$0.00
7379399852419219473,#N/A,,,,,645,"19,904","8,208",,,,,,1,1,1,,,,,,-1,5,5,,0,0,0,0,0,0,0,,$0.00,$0.00,$0.00,$0.00,$2.90,$89.57,$36.94,,,$0.00,$0.00,$0.00,$0.00,$0.00,$0.00
7626542515704840205,untvldofficial,"6,319","34,472","49,725","76,418","328,446","565,821","61,673",,1,1,1,1,4,5,1,,-1,2,2,3,3,3,4,,0,0,0,0,0,0,0,,$28.44,$155.12,$223.76,$343.88,"$1,478.01","$2,546.19",$277.53,,$0.00,$0.00,$0.00,$0.00,$0.00,$0.00,$0.00
7626525787423850510,lluxxid,0,0,0,0,6,71,"7,281",,1,1,1,1,1,1,1,,-1,-1,-1,-1,-1,0,2,,0,0,0,0,0,0,0,,$0.00,$0.00,$0.00,$0.00,$0.03,$0.32,$32.76,,$0.00,$0.00,$0.00,$0.00,$0.00,$0.00,$0.00
7626504102016630798,dramacat4,"1,353","1,987",13,611,"6,118","9,313","6,711",,1,1,1,1,1,1,1,,-1,-1,-1,-1,2,2,1,,0,0,0,0,0,0,0,,$6.09,$8.94,$0.06,$2.75,$27.53,$41.91,$30.20,,$0.00,$0.00,$0.00,$0.00,$0.00,$0.00,$0.00
7563186369477263415,ursetchra,"3,001","20,873","17,207",0,0,84,434,,1,1,1,1,1,1,1,,-1,5,5,-1,-1,4,-1,,0,0,0,0,0,0,0,,$13.50,$93.93,$77.43,$0.00,$0.00,$0.38,$1.95,,$0.00,$0.00,$0.00,$0.00,$0.00,$0.00,$0.00
7530440132726439949,itspopejoy,"98,766","666,280","739,404","1,445,404","2,057,577","2,812,686","630,769",,1,5,5,6,7,7,5,,-1,3,4,4,5,5,4,,0,0,0,0,0,0,0,,$444.45,"$2,998.26","$3,327.32","$6,504.32","$9,259.10","$12,657.09","$2,838.46",,$0.00,$0.00,$0.00,$0.00,$514.39,"$1,203.17","$2,000.00"
7627248139279319053,dalanietaylor,"67,320","427,076","428,052","360,431","319,729","215,194","120,592",,1,4,4,4,4,3,2,,-1,2,3,3,4,4,3,,0,0,0,0,0,0,0,,$302.94,"$1,921.84","$1,926.23","$1,621.94","$1,438.78",$968.37,$542.66,,$0.00,$0.00,$0.00,$0.00,$0.00,$0.00,$0.00
7478246021491998736,#N/A,,"20,076","39,741","66,378","60,293","17,812","50,190",,,1,1,1,1,1,1,,,5,5,5,5,5,5,,0,0,0,0,0,0,0,,$0.00,$90.34,$178.83,$298.70,$271.32,$80.15,$225.86,,,$0.00,$0.00,$0.00,$0.00,$0.00,$0.00
7628355953762779150,viper_cosplayer,0,0,0,0,28,"6,022","8,670",,1,1,1,1,1,1,1,,-1,-1,-1,-1,-1,-1,5,,0,0,0,0,0,0,0,,$0.00,$0.00,$0.00,$0.00,$0.13,$27.10,$39.02,,$0.00,$0.00,$0.00,$0.00,$0.00,$0.00,$0.00
7624693521056022542,.driveithome,0,0,130,84,"1,573","1,731","2,720",,1,1,1,1,1,1,1,,-1,-1,-1,-1,-1,-1,-1,,0,0,0,0,0,0,0,,$0.00,$0.00,$0.59,$0.38,$7.08,$7.79,$12.24,,$0.00,$0.00,$0.00,$0.00,$0.00,$0.00,$0.00
7624735822138425358,toytoylejure,0,0,0,0,679,15,3,,1,1,1,1,1,1,1,,-1,-1,-1,-1,-1,-1,-1,,0,0,0,0,0,0,0,,$0.00,$0.00,$0.00,$0.00,$3.06,$0.07,$0.01,,$0.00,$0.00,$0.00,$0.00,$0.00,$0.00,$0.00
7625348222004903949,#N/A,,,,,,148,"1,493",,,,,,,1,1,,,,,,,-1,-1,,0,0,0,0,0,0,0,,$0.00,$0.00,$0.00,$0.00,$0.00,$0.67,$6.72,,,$0.00,$0.00,$0.00,$0.00,$0.00,$0.00
7628668045015400461,sianaruby,0,200,16,0,0,0,"3,122",,1,1,1,1,1,1,1,,-1,-1,-1,-1,-1,-1,-1,,0,0,0,0,0,0,0,,$0.00,$0.90,$0.07,$0.00,$0.00,$0.00,$14.05,,$0.00,$0.00,$0.00,$0.00,$0.00,$0.00,$0.00
7526011761204576272,bdawg927,0,0,"2,896",10,0,"2,652",231,,1,1,1,1,1,1,1,,-1,-1,-1,-1,-1,-1,-1,,0,0,0,0,0,0,0,,$0.00,$0.00,$13.03,$0.05,$0.00,$11.93,$1.04,,$0.00,$0.00,$0.00,$0.00,$0.00,$0.00,$0.00
7628074184152989709,legallyjacked,"27,515","48,241","42,423","208,072","1,880,266","237,869","340,636",,1,1,1,3,7,3,4,,-1,-1,-1,-1,2,-1,2,,0,0,0,0,0,0,0,,$123.82,$217.08,$190.90,$936.32,"$8,461.20","$1,070.41","$1,532.86",,$0.00,$0.00,$0.00,$0.00,$0.00,$0.00,$0.00
7628670592555925517,.deyvien,0,7,0,4,11,656,37,,1,1,1,1,1,1,1,,-1,-1,-1,-1,-1,-1,-1,,0,0,0,0,0,0,0,,$0.00,$0.03,$0.00,$0.02,$0.05,$2.95,$0.17,,$0.00,$0.00,$0.00,$0.00,$0.00,$0.00,$0.00
7628793293090111502,julieprimo31,0,1,0,0,0,0,"1,126",,1,1,1,1,1,1,1,,-1,-1,-1,-1,-1,-1,-1,,0,0,0,0,0,0,0,,$0.00,$0.00,$0.00,$0.00,$0.00,$0.00,$5.07,,$0.00,$0.00,$0.00,$0.00,$0.00,$0.00,$0.00
7359136287137398789,,0,,3,1,54,"3,502",49,,1,,1,1,1,1,1,,-1,,4,1,5,5,5,,0,0,0,0,0,0,0,,$0.00,$0.00,$0.01,$0.00,$0.24,$15.76,$0.22,,,$0.00,$0.00,$0.00,$0.00,$0.00,$0.00
7629431594486349838,aidanmoyer95,0,0,0,0,0,0,0,,1,1,1,1,1,1,1,,-1,-1,-1,-1,-1,-1,-1,,0,0,0,0,0,0,0,,$0.00,$0.00,$0.00,$0.00,$0.00,$0.00,$0.00,,$0.00,$0.00,$0.00,$0.00,$0.00,$0.00,$0.00
7629462711050616845,lanaarenae,"3,023",255,"1,580",830,727,260,14,,1,1,1,1,1,1,1,,-1,-1,-1,-1,-1,-1,-1,,0,0,0,0,0,0,0,,$13.60,$1.15,$7.11,$3.74,$3.27,$1.17,$0.06,,$0.00,$0.00,$0.00,$0.00,$0.00,$0.00,$0.00
7629511217559912462,harambemuzic,0,0,0,0,0,969,"4,500",,1,1,1,1,1,1,1,,-1,-1,-1,-1,-1,-1,-1,,0,0,0,0,0,0,0,,$0.00,$0.00,$0.00,$0.00,$0.00,$4.36,$20.25,,$0.00,$0.00,$0.00,$0.00,$0.00,$0.00,$0.00
7629904406011559950,kristellabilyeu,0,0,0,0,507,"4,223","18,067",,1,1,1,1,1,1,1,,-1,-1,-1,-1,-1,-1,2,,0,0,0,0,0,0,0,,$0.00,$0.00,$0.00,$0.00,$2.28,$19.00,$81.30,,$0.00,$0.00,$0.00,$0.00,$0.00,$0.00,$0.00
7630269203248988173,themamatink,0,0,0,0,0,"22,931","8,147",,1,1,1,1,1,1,1,,-1,-1,-1,-1,-1,-1,-1,,0,0,0,0,0,0,0,,$0.00,$0.00,$0.00,$0.00,$0.00,$103.19,$36.66,,$0.00,$0.00,$0.00,$0.00,$0.00,$0.00,$0.00
7359136233764716549,stephanie197222,"4,446","6,545","19,937",885,"1,669","11,734","7,851",,1,1,1,1,1,1,1,,-1,2,3,0,1,4,5,,0,0,0,0,0,0,0,,$20.01,$29.45,$89.72,$3.98,$7.51,$52.80,$35.33,,$0.00,$0.00,$0.00,$0.00,$0.00,$0.00,$0.00
7630914499037675533,lesbreehonestt,1,"2,298","17,222","1,985","7,429","21,095","3,475",,1,1,1,1,1,1,1,,-1,-1,-1,-1,-1,2,1,,0,0,0,0,0,0,0,,$0.00,$10.34,$77.50,$8.93,$33.43,$94.93,$15.64,,$0.00,$0.00,$0.00,$0.00,$0.00,$0.00,$0.00
7631028637655121934,stycollin,0,37,82,103,17,510,2,,1,1,1,1,1,1,1,,-1,1,3,5,2,1,1,,0,0,0,0,0,0,0,,$0.00,$0.17,$0.37,$0.46,$0.08,$2.30,$0.01,,$0.00,$0.00,$0.00,$0.00,$0.00,$0.00,$0.00
7453646179688169488,#N/A,,,,,"320,744","299,994","46,932",,,,,,4,3,1,,,,,,4,3,-1,,0,0,0,0,0,0,0,,$0.00,$0.00,$0.00,$0.00,"$1,443.35","$1,349.97",$211.19,,,$0.00,$0.00,$0.00,$0.00,$0.00,$0.00
7631345371062583309,curlykelss,0,"5,175","19,669","16,532","42,928","39,706","2,504",,1,1,1,1,1,1,1,,-1,-1,1,1,2,4,2,,0,0,0,0,0,0,0,,$0.00,$23.29,$88.51,$74.39,$193.18,$178.68,$11.27,,$0.00,$0.00,$0.00,$0.00,$0.00,$0.00,$0.00
7631371172399267854,lulbbyjenn,0,35,680,"1,647","2,411",236,"1,137",,1,1,1,1,1,1,1,,-1,-1,-1,-1,-1,-1,-1,,0,0,0,0,0,0,0,,$0.00,$0.16,$3.06,$7.41,$10.85,$1.06,$5.12,,$0.00,$0.00,$0.00,$0.00,$0.00,$0.00,$0.00
7631723325869375501,myfri3ndlogan,745,"1,457","1,494","2,074","1,048","4,111","3,920",,1,1,1,1,1,1,1,,-1,-1,1,1,1,1,4,,0,0,0,0,0,0,0,,$3.35,$6.56,$6.72,$9.33,$4.72,$18.50,$17.64,,$0.00,$0.00,$0.00,$0.00,$0.00,$0.00,$0.00
7631737730099232782,heffanie.95,0,0,"1,509",0,"1,193","14,045","6,514",,1,1,1,1,1,1,1,,-1,-1,-1,-1,-1,0,3,,0,0,0,0,0,0,0,,$0.00,$0.00,$6.79,$0.00,$5.37,$63.20,$29.31,,$0.00,$0.00,$0.00,$0.00,$0.00,$0.00,$0.00
7359137468693872645,shedofficials,"7,306","43,839","64,444","9,481","67,521","58,363",,,1,1,1,1,1,1,,,-1,3,4,-1,5,4,,,0,0,0,0,0,0,0,,$32.88,$197.28,$290.00,$42.66,$303.84,$262.63,$0.00,,$0.00,$0.00,$0.00,$0.00,$0.00,$0.00,$0.00
7405660915452084225,willied78,"18,193","149,015","166,984","81,458","108,506","202,038","52,993",,1,2,2,1,2,3,1,,-1,1,2,0,3,4,4,,0,0,0,0,0,0,0,,$81.87,$670.57,$751.43,$366.56,$488.28,$909.17,$238.47,,$0.00,$0.00,$0.00,$0.00,$0.00,$0.00,$0.00
7632399129758515213,nj.eddy,0,0,0,0,0,19,0,,1,1,1,1,1,1,1,,-1,-1,-1,-1,-1,-1,-1,,0,0,0,0,0,0,0,,$0.00,$0.00,$0.00,$0.00,$0.00,$0.09,$0.00,,$0.00,$0.00,$0.00,$0.00,$0.00,$0.00,$0.00
7632374752937754638,ashtondrak3,1,"1,523","1,642",540,"3,118","11,362","4,533",,1,1,1,1,1,1,1,,-1,-1,-1,-1,-1,1,2,,0,0,0,0,0,0,0,,$0.00,$6.85,$7.39,$2.43,$14.03,$51.13,$20.40,,$0.00,$0.00,$0.00,$0.00,$0.00,$0.00,$0.00
7632436384074350606,angelaslazr1,0,294,1,223,28,0,0,,1,1,1,1,1,1,1,,-1,-1,-1,-1,-1,-1,-1,,0,0,0,0,0,0,0,,$0.00,$1.32,$0.00,$1.00,$0.13,$0.00,$0.00,,$0.00,$0.00,$0.00,$0.00,$0.00,$0.00,$0.00
7632838031787114510,aniyamyranda,0,0,0,0,0,0,0,,1,1,1,1,1,1,1,,-1,-1,-1,-1,-1,-1,-1,,0,0,0,0,0,0,0,,$0.00,$0.00,$0.00,$0.00,$0.00,$0.00,$0.00,,$0.00,$0.00,$0.00,$0.00,$0.00,$0.00,$0.00
7632866413983809549,#N/A,,,,,,,464,,,,,,,,1,,,,,,,,3,,0,0,0,0,0,0,0,,$0.00,$0.00,$0.00,$0.00,$0.00,$0.00,$2.09,,,$0.00,$0.00,$0.00,$0.00,$0.00,$0.00
7545378723072163853,puppygirlreason,181,"14,488","25,757","1,169","2,484",39,"4,249",,1,1,1,1,1,1,1,,-1,-1,0,-1,-1,-1,-1,,0,0,0,0,0,0,0,,$0.81,$65.20,$115.91,$5.26,$11.18,$0.18,$19.12,,$0.00,$0.00,$0.00,$0.00,$0.00,$0.00,$0.00
7633555113667411982,briarnorthamerican,0,412,247,269,167,"1,197",0,,1,1,1,1,1,1,1,,-1,2,4,3,5,5,-1,,0,0,0,0,0,0,0,,$0.00,$1.85,$1.11,$1.21,$0.75,$5.39,$0.00,,$0.00,$0.00,$0.00,$0.00,$0.00,$0.00,$0.00
7633861583109832718,koldheartedrainbow,0,0,0,0,23,9,5,,1,1,1,1,1,1,1,,-1,-1,-1,-1,-1,-1,-1,,0,0,0,0,0,0,0,,$0.00,$0.00,$0.00,$0.00,$0.10,$0.04,$0.02,,$0.00,$0.00,$0.00,$0.00,$0.00,$0.00,$0.00
7633912170086023182,#N/A,,,0,0,0,0,3,,,,1,1,1,1,1,,,,-1,-1,-1,-1,-1,,0,0,0,0,0,0,0,,$0.00,$0.00,$0.00,$0.00,$0.00,$0.00,$0.01,,,$0.00,$0.00,$0.00,$0.00,$0.00,$0.00
7633885402457358349,cascleo,0,0,0,0,0,0,0,,1,1,1,1,1,1,1,,-1,-1,-1,-1,-1,-1,-1,,0,0,0,0,0,0,0,,$0.00,$0.00,$0.00,$0.00,$0.00,$0.00,$0.00,,$0.00,$0.00,$0.00,$0.00,$0.00,$0.00,$0.00
7499269427771457553,inluvwithpnw,0,0,0,0,0,0,0,,1,1,1,1,1,1,1,,-1,-1,-1,-1,-1,-1,-1,,0,0,0,0,0,0,0,,$0.00,$0.00,$0.00,$0.00,$0.00,$0.00,$0.00,,$0.00,$0.00,$0.00,$0.00,$0.00,$0.00,$0.00
7633498225517051918,internet_hum0r,0,0,0,0,0,0,0,,1,1,1,1,1,1,1,,-1,-1,-1,-1,-1,-1,-1,,0,0,0,0,0,0,0,,$0.00,$0.00,$0.00,$0.00,$0.00,$0.00,$0.00,,$0.00,$0.00,$0.00,$0.00,$0.00,$0.00,$0.00
7633898546147639309,diamond.brown4,1,0,0,0,17,55,36,,1,1,1,1,1,1,1,,-1,-1,-1,-1,-1,-1,-1,,0,0,0,0,0,0,0,,$0.00,$0.00,$0.00,$0.00,$0.08,$0.25,$0.16,,$0.00,$0.00,$0.00,$0.00,$0.00,$0.00,$0.00
7359135813306810373,ali.kinsman,0,0,0,0,0,0,0,,1,1,1,1,1,1,1,,-1,-1,-1,-1,-1,-1,-1,,0,0,0,0,0,0,0,,$0.00,$0.00,$0.00,$0.00,$0.00,$0.00,$0.00,,$0.00,$0.00,$0.00,$0.00,$0.00,$0.00,$0.00
7633934527160893453,brittanyn1616,0,819,267,203,509,5,0,,1,1,1,1,1,1,1,,-1,-1,-1,-1,-1,-1,-1,,0,0,0,0,0,0,0,,$0.00,$3.69,$1.20,$0.91,$2.29,$0.02,$0.00,,$0.00,$0.00,$0.00,$0.00,$0.00,$0.00,$0.00
7633535403605278734,daveyboyjones,0,0,33,"1,644",79,17,0,,1,1,1,1,1,1,1,,-1,-1,-1,-1,1,-1,2,,0,0,0,100,0,0,0,,$0.00,$0.00,$0.15,$7.40,$0.36,$0.08,$0.00,,$0.00,$0.00,$0.00,$0.00,$0.00,$0.00,$0.00
7522981364623441936,,,"2,076","4,500","3,653","2,354","10,652","18,597",,,1,1,1,1,1,1,,,-1,-1,-1,-1,0,1,,0,0,0,0,0,0,0,,$0.00,$9.34,$20.25,$16.44,$10.59,$47.93,$83.69,,,$0.00,$0.00,$0.00,$0.00,$0.00,$0.00
7634229425940512782,jellybeans_37,0,0,0,"1,357",769,"15,353",40,,1,1,1,1,1,1,1,,-1,-1,-1,-1,-1,2,3,,0,0,0,0,0,0,0,,$0.00,$0.00,$0.00,$6.11,$3.46,$69.09,$0.18,,$0.00,$0.00,$0.00,$0.00,$0.00,$0.00,$0.00
7534556145336238093,healingwithjohnathan,0,"2,834",663,980,"4,686","14,437",0,,1,1,1,1,1,1,1,,-1,-1,-1,-1,-1,-1,-1,,0,0,0,0,0,0,0,,$0.00,$12.75,$2.98,$4.41,$21.09,$64.97,$0.00,,$0.00,$0.00,$0.00,$0.00,$0.00,$0.00,$0.00
7634301975663919118,#N/A,,,"37,469","45,733","42,555","24,441",0,,,,1,1,1,1,1,,,,0,1,3,3,-1,,0,0,0,0,0,0,0,,$0.00,$0.00,$168.61,$205.80,$191.50,$109.98,$0.00,,,$0.00,$0.00,$0.00,$0.00,$0.00,$0.00
7359137468693872645,shedofficials,"7,306","43,839","64,444","9,481","67,521","58,363",,,1,1,1,1,1,1,,,-1,3,4,-1,5,4,,,0,0,0,0,0,0,0,,$32.88,$197.28,$290.00,$42.66,$303.84,$262.63,$0.00,,$0.00,$0.00,$0.00,$0.00,$0.00,$0.00,$0.00
7622916583001997326,dingleberrybill,334,"16,096","93,768",9,103,124,,,1,1,1,1,1,1,,,-1,5,5,1,0,2,,,0,0,0,0,0,0,0,,$1.50,$72.43,$421.96,$0.04,$0.46,$0.56,$0.00,,$0.00,$0.00,$0.00,$0.00,$0.00,$0.00,$0.00
7635772847754854414,rachelgraceviolin,0,0,0,0,0,"106,929",,,1,1,1,1,1,2,,,-1,-1,-1,-1,-1,1,,,0,0,0,0,0,0,0,,$0.00,$0.00,$0.00,$0.00,$0.00,$481.18,$0.00,,$0.00,$0.00,$0.00,$0.00,$0.00,$0.00,$0.00
7635240999958200334,coburnofficial,0,0,"2,610","17,050","10,391","18,200",,,1,1,1,1,1,1,,,-1,-1,-1,-1,-1,-1,,,0,0,0,0,0,0,0,,$0.00,$0.00,$11.75,$76.73,$46.76,$81.90,$0.00,,$0.00,$0.00,$0.00,$0.00,$0.00,$0.00,$0.00
7635276468708491278,#N/A,,,,,,,,,,,,,,,,,,,,,,,,,0,0,0,0,0,0,0,,$0.00,$0.00,$0.00,$0.00,$0.00,$0.00,$0.00,,,$0.00,$0.00,$0.00,$0.00,$0.00,$0.00
7636013177536266253,allyvenableofficial,0,0,0,133,7,641,,,1,1,1,1,1,1,,,-1,-1,-1,-1,-1,-1,,,0,0,0,0,0,0,0,,$0.00,$0.00,$0.00,$0.60,$0.03,$2.88,$0.00,,$0.00,$0.00,$0.00,$0.00,$0.00,$0.00,$0.00
7635984502107488270,#N/A,,,,,,,,,,,,,,,,,,,,,,,,,0,0,0,0,0,0,0,,$0.00,$0.00,$0.00,$0.00,$0.00,$0.00,$0.00,,,$0.00,$0.00,$0.00,$0.00,$0.00,$0.00
7636081851857321998,imjaydenedwardss,"1,173","3,043","2,155",103,143,"3,037",,,1,1,1,1,1,1,,,-1,1,1,-1,-1,-1,,,0,0,0,0,0,0,0,,$5.28,$13.69,$9.70,$0.46,$0.64,$13.67,$0.00,,$0.00,$0.00,$0.00,$0.00,$0.00,$0.00,$0.00
7568983817575415863,#N/A,,,0,0,0,0,0,,,,1,1,1,1,1,,,,-1,-1,-1,-1,-1,,0,0,0,0,0,0,0,,$0.00,$0.00,$0.00,$0.00,$0.00,$0.00,$0.00,,,$0.00,$0.00,$0.00,$0.00,$0.00,$0.00
7636028088681545741,onlysawit1nce66,282,638,"1,113","5,757",306,"1,081",,,1,1,1,1,1,1,,,-1,1,2,2,2,0,,,0,0,0,0,0,0,0,,$1.27,$2.87,$5.01,$25.91,$1.38,$4.86,$0.00,,$0.00,$0.00,$0.00,$0.00,$0.00,$0.00,$0.00
7636215120825204749,quinniequinnquin1,0,0,0,18,1,127,,,1,1,1,1,1,1,,,-1,-1,-1,-1,-1,-1,,,0,0,0,0,0,0,0,,$0.00,$0.00,$0.00,$0.08,$0.00,$0.57,$0.00,,$0.00,$0.00,$0.00,$0.00,$0.00,$0.00,$0.00
7636470495126274062,miathefittest,0,3,0,0,0,4,,,1,1,1,1,1,1,,,-1,-1,-1,-1,-1,-1,,,0,0,0,0,0,0,0,,$0.00,$0.01,$0.00,$0.00,$0.00,$0.02,$0.00,,$0.00,$0.00,$0.00,$0.00,$0.00,$0.00,$0.00
7524279016195424272,unclevlnny,64,608,0,0,"7,083","16,391",,,1,1,1,1,1,1,,,-1,3,-1,-1,3,4,,,0,0,0,0,0,0,0,,$0.29,$2.74,$0.00,$0.00,$31.87,$73.76,$0.00,,$0.00,$0.00,$0.00,$0.00,$0.00,$0.00,$0.00
7636597331743391757,justinsmith8689,0,"7,507","79,456","267,723","304,166","674,628",,,1,1,1,3,4,5,,,-1,1,4,3,5,5,,,0,0,0,0,"6,000",0,0,,$0.00,$33.78,$357.55,"$1,204.75","$1,368.75","$3,035.83",$0.00,,$0.00,$0.00,$0.00,$0.00,$0.00,$0.00,$0.00
7634533919089770509,kyra.adria,0,0,0,0,0,0,0,,1,1,1,1,1,1,1,,-1,-1,-1,-1,-1,-1,-1,,0,0,0,0,0,0,0,,$0.00,$0.00,$0.00,$0.00,$0.00,$0.00,$0.00,,$0.00,$0.00,$0.00,$0.00,$0.00,$0.00,$0.00
7634592045373538318,#N/A,,,,,,,0,,,,,,,,1,,,,,,,,-1,,0,0,0,0,0,0,0,,$0.00,$0.00,$0.00,$0.00,$0.00,$0.00,$0.00,,,$0.00,$0.00,$0.00,$0.00,$0.00,$0.00
7634706761953558541,roxythekaraokequeen,0,0,621,681,"2,716","4,933",,,1,1,1,1,1,1,,,-1,-1,-1,1,2,2,,,0,0,0,0,0,0,0,,$0.00,$0.00,$2.79,$3.06,$12.22,$22.20,$0.00,,$0.00,$0.00,$0.00,$0.00,$0.00,$0.00,$0.00
7637169166872625166,kirstenalexismusic,"4,534","8,387","11,104","3,644","1,756","4,345",,,1,1,1,1,1,1,,,-1,1,0,-1,-1,1,,,0,0,0,"1,000",0,0,0,,$20.40,$37.74,$49.97,$16.40,$7.90,$19.55,$0.00,,$0.00,$0.00,$0.00,$0.00,$0.00,$0.00,$0.00
7637208158406164494,babygirl_chris13,0,4,171,516,577,"1,968",,,1,1,1,1,1,1,,,-1,-1,-1,-1,-1,1,,,0,0,0,0,0,0,0,,$0.00,$0.02,$0.77,$2.32,$2.60,$8.86,$0.00,,$0.00,$0.00,$0.00,$0.00,$0.00,$0.00,$0.00
7637332949163065357,5starrr_diorr,0,0,2,3,"1,869","1,742",,,1,1,1,1,1,1,,,-1,-1,-1,-1,1,2,,,0,0,0,0,0,0,0,,$0.00,$0.00,$0.01,$0.01,$8.41,$7.84,$0.00,,$0.00,$0.00,$0.00,$0.00,$0.00,$0.00,$0.00
7637331329603911694,kriss_drummer_live,0,0,0,0,0,"2,027",,,1,1,1,1,1,1,,,-1,-1,-1,-1,-1,-1,,,0,0,0,0,0,0,0,,$0.00,$0.00,$0.00,$0.00,$0.00,$9.12,$0.00,,$0.00,$0.00,$0.00,$0.00,$0.00,$0.00,$0.00
7574672057607307278,athamemade,"7,823","6,655","2,622","9,341","22,312","1,708",,,1,1,1,1,1,1,,,-1,-1,1,2,5,2,,,0,0,0,0,0,0,0,,$35.20,$29.95,$11.80,$42.03,$100.40,$7.69,$0.00,,$0.00,$0.00,$0.00,$0.00,$0.00,$0.00,$0.00
7638400044118491149,faithtrustandangeldust_,0,0,0,0,0,0,,,1,1,1,1,1,1,,,-1,-1,-1,-1,-1,-1,,,0,0,0,0,0,0,0,,$0.00,$0.00,$0.00,$0.00,$0.00,$0.00,$0.00,,$0.00,$0.00,$0.00,$0.00,$0.00,$0.00,$0.00
7638409578929012749,_ameyak_,0,0,0,0,0,0,,,1,1,1,1,1,1,,,-1,-1,-1,-1,-1,-1,,,0,0,0,0,0,0,0,,$0.00,$0.00,$0.00,$0.00,$0.00,$0.00,$0.00,,$0.00,$0.00,$0.00,$0.00,$0.00,$0.00,$0.00
7638466472775434253,#N/A,,,,,,,,,,,,,,,,,,,,,,,,,0,0,0,0,0,0,0,,$0.00,$0.00,$0.00,$0.00,$0.00,$0.00,$0.00,,,$0.00,$0.00,$0.00,$0.00,$0.00,$0.00
7638662327155539981,lvlupgtr.com,0,0,0,0,0,0,,,1,1,1,1,1,1,,,-1,-1,-1,-1,-1,-1,,,0,0,0,0,0,0,0,,$0.00,$0.00,$0.00,$0.00,$0.00,$0.00,$0.00,,$0.00,$0.00,$0.00,$0.00,$0.00,$0.00,$0.00
7365250581411135489,rhynoxlive,0,0,0,0,0,0,,,1,1,1,1,1,1,,,-1,-1,-1,-1,-1,-1,,,0,0,0,0,0,0,0,,$0.00,$0.00,$0.00,$0.00,$0.00,$0.00,$0.00,,$0.00,$0.00,$0.00,$0.00,$0.00,$0.00,$0.00
7639004630780854285,#N/A,,,,,0,1,,,,,,,1,1,,,,,,,-1,-1,,,0,0,0,0,0,0,0,,$0.00,$0.00,$0.00,$0.00,$0.00,$0.00,$0.00,,,$0.00,$0.00,$0.00,$0.00,$0.00,$0.00
7359137468693872645,shedofficials,"7,306","43,839","64,444","9,481","67,521","58,363",,,1,1,1,1,1,1,,,-1,3,4,-1,5,4,,,0,0,0,0,0,0,0,,$32.88,$197.28,$290.00,$42.66,$303.84,$262.63,$0.00,,$0.00,$0.00,$0.00,$0.00,$0.00,$0.00,$0.00
7495549920183648257,the.bolter_32,0,631,"46,475",203,"6,069","27,265","3,314",,1,1,1,1,1,1,1,,-1,-1,-1,-1,0,2,-1,,0,0,0,0,0,0,0,,$0.00,$2.84,$209.14,$0.91,$27.31,$122.69,$14.91,,$0.00,$0.00,$0.00,$0.00,$0.00,$0.00,$0.00
7593008002324545591,macdetecting,"17,078","64,224","100,943","159,539","123,784","69,339",,,1,1,2,2,2,1,,,-1,1,2,3,3,3,,,0,0,0,0,0,0,0,,$76.85,$289.01,$454.24,$717.93,$557.03,$312.03,$0.00,,$0.00,$0.00,$0.00,$0.00,$0.00,$0.00,$0.00
7558996074539761677,witchydivaseer,"3,663","18,142","20,383","34,057","18,567","13,864",,,1,1,1,1,1,1,,,-1,3,3,4,3,4,,,0,0,0,0,0,0,0,,$16.48,$81.64,$91.72,$153.26,$83.55,$62.39,$0.00,,$0.00,$0.00,$0.00,$0.00,$0.00,$0.00,$0.00
7639114759606026253,isabella.hunkins7,0,29,4,145,"2,526","4,637",,,1,1,1,1,1,1,,,-1,-1,-1,-1,-1,0,,,0,0,0,0,0,0,0,,$0.00,$0.13,$0.02,$0.65,$11.37,$20.87,$0.00,,$0.00,$0.00,$0.00,$0.00,$0.00,$0.00,$0.00
7639296535284596749,lunarfairy7,0,3,0,9,0,14,,,1,1,1,1,1,1,,,-1,-1,-1,-1,-1,-1,,,0,0,0,0,0,0,0,,$0.00,$0.01,$0.00,$0.04,$0.00,$0.06,$0.00,,$0.00,$0.00,$0.00,$0.00,$0.00,$0.00,$0.00
7639154827481759757,realryanmichaels,1,16,131,230,159,4,,,1,1,1,1,1,1,,,-1,-1,1,-1,-1,2,,,0,0,0,0,0,0,0,,$0.00,$0.07,$0.59,$1.04,$0.72,$0.02,$0.00,,$0.00,$0.00,$0.00,$0.00,$0.00,$0.00,$0.00
7359136918161981445,theelijahcortez,0,0,0,0,0,0,,,1,1,1,1,1,1,,,-1,-1,-1,-1,-1,-1,,,0,0,0,0,0,0,0,,$0.00,$0.00,$0.00,$0.00,$0.00,$0.00,$0.00,,$0.00,$0.00,$0.00,$0.00,$0.00,$0.00,$0.00
7639587601183358989,wayaseraphimmessages,0,0,0,0,0,20,,,1,1,1,1,1,1,,,-1,-1,-1,-1,-1,-1,,,0,0,0,0,0,0,0,,$0.00,$0.00,$0.00,$0.00,$0.00,$0.09,$0.00,,$0.00,$0.00,$0.00,$0.00,$0.00,$0.00,$0.00
7639837755593441294,theylove_neseypooh,0,54,378,"5,618",27,504,,,1,1,1,1,1,1,,,-1,-1,-1,2,-1,1,,,0,0,0,0,0,0,0,,$0.00,$0.24,$1.70,$25.28,$0.12,$2.27,$0.00,,$0.00,$0.00,$0.00,$0.00,$0.00,$0.00,$0.00
7493151505160273936,#N/A,,,,,,,,,,,,,,,,,,,,,,,,,0,0,0,0,0,0,0,,$0.00,$0.00,$0.00,$0.00,$0.00,$0.00,$0.00,,,$0.00,$0.00,$0.00,$0.00,$0.00,$0.00
7639901620654030862,#N/A,,,994,131,"2,798",392,,,,,1,1,1,1,,,,,-1,-1,-1,2,,,0,0,0,0,0,0,0,,$0.00,$0.00,$4.47,$0.59,$12.59,$1.76,$0.00,,,$0.00,$0.00,$0.00,$0.00,$0.00,$0.00
7366442966518349840,leoricalenz,0,"9,906","32,834","31,415","48,854","27,591",,,1,1,1,1,1,1,,,-1,-1,4,5,5,5,,,0,0,0,0,0,0,0,,$0.00,$44.58,$147.75,$141.37,$219.84,$124.16,$0.00,,$0.00,$0.00,$0.00,$0.00,$0.00,$0.00,$0.00
7637684945267343374,meghanpullsmusic,141,"1,302",101,"5,713","5,951","12,252",,,1,1,1,1,1,1,,,-1,2,1,2,4,5,,,0,0,0,0,0,0,0,,$0.63,$5.86,$0.45,$25.71,$26.78,$55.13,$0.00,,$0.00,$0.00,$0.00,$0.00,$0.00,$0.00,$0.00
7637928830879055885,niknak_89,313,"5,138","17,087","40,014","6,142","16,528",,,1,1,1,1,1,1,,,-1,-1,-1,-1,-1,-1,,,0,0,0,"11,000",0,0,0,,$1.41,$23.12,$76.89,$180.06,$27.64,$74.38,$0.00,,$0.00,$0.00,$0.00,$0.00,$0.00,$0.00,$0.00
7640238738903154701,#N/A,,,,,,"36,497",,,,,,,,1,,,,,,,,-1,,,0,0,0,0,0,0,0,,$0.00,$0.00,$0.00,$0.00,$0.00,$164.24,$0.00,,,$0.00,$0.00,$0.00,$0.00,$0.00,$0.00
7640257910014099469,sparkysinn,468,"4,212","17,007","22,796","42,008","4,439",,,1,1,1,1,1,1,,,-1,3,5,5,5,4,,,0,0,0,0,0,0,0,,$2.11,$18.95,$76.53,$102.58,$189.04,$19.98,$0.00,,$0.00,$0.00,$0.00,$0.00,$0.00,$0.00,$0.00
7559005176611520526,ivyalexmusic,0,"11,325","44,844","31,182","217,088","8,506",,,1,1,1,1,3,1,,,-1,-1,1,0,4,3,,,0,0,0,"3,000",0,0,0,,$0.00,$50.96,$201.80,$140.32,$976.90,$38.28,$0.00,,$0.00,$0.00,$0.00,$0.00,$0.00,$0.00,$0.00
7522981364623441936,,,"2,076","4,500","3,653","2,354","10,652","18,597",,,1,1,1,1,1,1,,,-1,-1,-1,-1,0,1,,0,0,0,0,0,0,0,,$0.00,$9.34,$20.25,$16.44,$10.59,$47.93,$83.69,,,$0.00,$0.00,$0.00,$0.00,$0.00,$0.00
7638128597701509133,#N/A,,,,,,"64,726",,,,,,,,1,,,,,,,,4,,,0,0,0,0,0,0,0,,$0.00,$0.00,$0.00,$0.00,$0.00,$291.27,$0.00,,,$0.00,$0.00,$0.00,$0.00,$0.00,$0.00
7575169977066536973,boomdrops,0,57,84,"1,104","1,437","2,077",,,1,1,1,1,1,1,,,-1,-1,-1,-1,1,3,,,0,0,0,0,0,0,0,,$0.00,$0.26,$0.38,$4.97,$6.47,$9.35,$0.00,,$0.00,$0.00,$0.00,$0.00,$0.00,$0.00,$0.00
7359136287137398789,,0,,3,1,54,"3,502",49,,1,,1,1,1,1,1,,-1,,4,1,5,5,5,,0,0,0,0,0,0,0,,$0.00,$0.00,$0.01,$0.00,$0.24,$15.76,$0.22,,,$0.00,$0.00,$0.00,$0.00,$0.00,$0.00
7641416571923054605,hellopauljesse,0,0,0,0,0,10,,,1,1,1,1,1,1,,,-1,-1,-1,-1,-1,-1,,,0,0,0,0,0,0,0,,$0.00,$0.00,$0.00,$0.00,$0.00,$0.05,$0.00,,$0.00,$0.00,$0.00,$0.00,$0.00,$0.00,$0.00
7641646196272021518,jayktherula,0,0,0,12,16,578,,,1,1,1,1,1,1,,,-1,-1,-1,-1,-1,-1,,,0,0,0,0,0,0,0,,$0.00,$0.00,$0.00,$0.05,$0.07,$2.60,$0.00,,$0.00,$0.00,$0.00,$0.00,$0.00,$0.00,$0.00
7641752826053607438,#N/A,,,"81,066","10,015","25,557","26,227",,,,,1,1,1,1,,,,,5,2,4,5,,,0,0,0,0,0,0,0,,$0.00,$0.00,$364.80,$45.07,$115.01,$118.02,$0.00,,,$0.00,$0.00,$0.00,$0.00,$0.00,$0.00
7396274276959174672,cosmictay13,"1,122","57,654","36,463","32,843","22,429","39,499",,,1,1,1,1,1,1,,,-1,4,4,5,5,5,,,0,0,0,"3,000",0,0,0,,$5.05,$259.44,$164.08,$147.79,$100.93,$177.75,$0.00,,$0.00,$0.00,$0.00,$0.00,$0.00,$0.00,$0.00
7642082813612965901,aerrionnnn,0,7,21,6,27,0,,,1,1,1,1,1,1,,,-1,-1,-1,1,-1,-1,,,0,0,0,0,0,0,0,,$0.00,$0.03,$0.09,$0.03,$0.12,$0.00,$0.00,,$0.00,$0.00,$0.00,$0.00,$0.00,$0.00,$0.00
7642141035078107149,im_annabananaaa,139,10,182,"3,877",589,0,,,1,1,1,1,1,1,,,-1,-1,-1,3,4,-1,,,0,0,0,100,0,0,0,,$0.63,$0.05,$0.82,$17.45,$2.65,$0.00,$0.00,,$0.00,$0.00,$0.00,$0.00,$0.00,$0.00,$0.00
7642458014393614350,mealmakingmolly,0,0,0,4,105,31,,,1,1,1,1,1,1,,,-1,-1,-1,-1,-1,-1,,,0,0,0,0,0,0,0,,$0.00,$0.00,$0.00,$0.02,$0.47,$0.14,$0.00,,$0.00,$0.00,$0.00,$0.00,$0.00,$0.00,$0.00
7642626231308926989,attiqo,0,3,340,5,367,51,,,1,1,1,1,1,1,,,-1,-1,-1,-1,-1,-1,,,0,0,0,0,0,0,0,,$0.00,$0.01,$1.53,$0.02,$1.65,$0.23,$0.00,,$0.00,$0.00,$0.00,$0.00,$0.00,$0.00,$0.00
7422817041553358865,ncproudtrucking,0,0,0,0,0,0,,,1,1,1,1,1,1,,,-1,-1,-1,-1,-1,-1,,,0,0,0,0,0,0,0,,$0.00,$0.00,$0.00,$0.00,$0.00,$0.00,$0.00,,$0.00,$0.00,$0.00,$0.00,$0.00,$0.00,$0.00
7561842881749893134,bunny2658,0,0,1,6,177,14,21,,1,1,1,1,1,1,1,,-1,-1,-1,-1,-1,-1,-1,,0,0,0,0,0,0,0,,$0.00,$0.00,$0.00,$0.03,$0.80,$0.06,$0.09,,$0.00,$0.00,$0.00,$0.00,$0.00,$0.00,$0.00
7359136287137398789,,0,,3,1,54,"3,502",49,,1,,1,1,1,1,1,,-1,,4,1,5,5,5,,0,0,0,0,0,0,0,,$0.00,$0.00,$0.01,$0.00,$0.24,$15.76,$0.22,,,$0.00,$0.00,$0.00,$0.00,$0.00,$0.00
7644619567464988686,ethanicholasviolin,0,0,4,0,0,0,,,1,1,1,1,1,1,,,-1,-1,-1,-1,-1,-1,,,0,0,0,0,0,0,0,,$0.00,$0.00,$0.02,$0.00,$0.00,$0.00,$0.00,,$0.00,$0.00,$0.00,$0.00,$0.00,$0.00,$0.00
7428827003555414033,erinharri54,154,301,612,167,743,67,,,1,1,1,1,1,1,,,-1,1,1,1,1,1,,,0,0,0,0,0,0,0,,$0.69,$1.35,$2.75,$0.75,$3.34,$0.30,$0.00,,$0.00,$0.00,$0.00,$0.00,$0.00,$0.00,$0.00
7645164273093656590,kainorthmusic,0,44,32,488,"3,136","2,070",,,1,1,1,1,1,1,,,-1,-1,-1,-1,-1,-1,,,0,0,0,0,0,0,0,,$0.00,$0.20,$0.14,$2.20,$14.11,$9.32,$0.00,,$0.00,$0.00,$0.00,$0.00,$0.00,$0.00,$0.00
7645189108947697678,meti_kassa,0,0,0,0,"3,922",198,,,1,1,1,1,1,1,,,-1,-1,-1,-1,3,3,,,0,0,0,0,0,0,0,,$0.00,$0.00,$0.00,$0.00,$17.65,$0.89,$0.00,,$0.00,$0.00,$0.00,$0.00,$0.00,$0.00,$0.00
7645315919052390414,ghostsniper504,53,"13,785","15,057","19,517","28,842",595,,,1,1,1,1,1,1,,,-1,3,5,4,5,5,,,0,0,0,0,0,0,0,,$0.24,$62.03,$67.76,$87.83,$129.79,$2.68,$0.00,,$0.00,$0.00,$0.00,$0.00,$0.00,$0.00,$0.00
7642800133671010318,prettygirl2229,"5,740","52,522","66,848","60,970","51,371","18,360",,,1,1,1,1,1,1,,,-1,3,3,2,3,1,,,0,0,0,"7,100",0,0,0,,$25.83,$236.35,$300.82,$274.37,$231.17,$82.62,$0.00,,$0.00,$0.00,$0.00,$0.00,$0.00,$0.00,$0.00
7359137818242908165,_west_000,690,"15,529","6,706","8,532","1,892","2,288",,,1,1,1,1,1,1,,,-1,5,5,5,5,5,,,0,0,0,0,0,0,0,,$3.11,$69.88,$30.18,$38.39,$8.51,$10.30,$0.00,,$0.00,$0.00,$0.00,$0.00,$0.00,$0.00,$0.00
7642902214238846989,courtlove216,6,203,"1,213",0,"1,662","2,895",,,1,1,1,1,1,1,,,-1,-1,-1,-1,-1,4,,,0,0,0,0,0,0,0,,$0.03,$0.91,$5.46,$0.00,$7.48,$13.03,$0.00,,$0.00,$0.00,$0.00,$0.00,$0.00,$0.00,$0.00
7646141624510136334,enimat3_dub,"1,120","2,927","1,198","1,429","6,741",97,,,1,1,1,1,1,1,,,-1,-1,-1,-1,-1,-1,,,0,0,0,0,0,0,0,,$5.04,$13.17,$5.39,$6.43,$30.33,$0.44,$0.00,,$0.00,$0.00,$0.00,$0.00,$0.00,$0.00,$0.00
7646092370404098061,abbyblakeofficial,0,0,0,0,4,0,,,1,1,1,1,1,1,,,-1,-1,-1,-1,-1,-1,,,0,0,0,0,0,0,0,,$0.00,$0.00,$0.00,$0.00,$0.02,$0.00,$0.00,,$0.00,$0.00,$0.00,$0.00,$0.00,$0.00,$0.00
7646424750281080846,brooke_bridges,0,0,0,0,"16,621",,,,1,1,1,1,1,,,,-1,-1,-1,-1,-1,,,,0,0,0,0,0,0,0,,$0.00,$0.00,$0.00,$0.00,$74.79,$0.00,$0.00,,$0.00,$0.00,$0.00,$0.00,$0.00,$0.00,$0.00
7646204230830964749,katemcosentino,"1,005","1,732","2,371","8,074","1,585",,,,1,1,1,1,1,,,,-1,-1,-1,-1,-1,,,,0,0,0,0,0,0,0,,$4.52,$7.79,$10.67,$36.33,$7.13,$0.00,$0.00,,$0.00,$0.00,$0.00,$0.00,$0.00,$0.00,$0.00
7646274836364378125,arimonika,0,0,0,237,456,,,,1,1,1,1,1,,,,-1,-1,-1,-1,-1,,,,0,0,0,0,0,0,0,,$0.00,$0.00,$0.00,$1.07,$2.05,$0.00,$0.00,,$0.00,$0.00,$0.00,$0.00,$0.00,$0.00,$0.00
7646210117133778958,equinoxvnz,34,"1,295",202,62,"8,754",,,,1,1,1,1,1,,,,-1,1,-1,-1,3,,,,0,0,0,0,0,0,0,,$0.15,$5.83,$0.91,$0.28,$39.39,$0.00,$0.00,,$0.00,$0.00,$0.00,$0.00,$0.00,$0.00,$0.00
7646443491702226957,marcotheceo,0,0,0,0,0,,,,1,1,1,1,1,,,,-1,-1,-1,-1,-1,,,,0,0,0,0,0,0,0,,$0.00,$0.00,$0.00,$0.00,$0.00,$0.00,$0.00,,$0.00,$0.00,$0.00,$0.00,$0.00,$0.00,$0.00
7646581111115628558,shefwtaytay_,182,"2,156","1,133",62,122,,,,1,1,1,1,1,,,,-1,-1,-1,-1,-1,,,,0,0,0,0,0,0,0,,$0.82,$9.70,$5.10,$0.28,$0.55,$0.00,$0.00,,$0.00,$0.00,$0.00,$0.00,$0.00,$0.00,$0.00
7647686580974632973,gensters_,700,302,4,6,600,,,,1,1,1,1,1,,,,-1,1,-1,-1,1,,,,0,0,0,0,0,0,0,,$3.15,$1.36,$0.02,$0.03,$2.70,$0.00,$0.00,,$0.00,$0.00,$0.00,$0.00,$0.00,$0.00,$0.00
7647913841367564302,road_vision,0,13,"1,023","8,743","9,361",,,,1,1,1,1,1,,,,-1,-1,-1,2,-1,,,,0,0,0,0,0,0,0,,$0.00,$0.06,$4.60,$39.34,$42.12,$0.00,$0.00,,$0.00,$0.00,$0.00,$0.00,$0.00,$0.00,$0.00
7648063972675207182,dj_ivannav,"1,725","18,631","203,661","41,859","11,825",,,,1,1,3,1,1,,,,-1,-1,2,1,0,,,,0,0,"94,000","5,000",0,0,0,,$7.76,$83.84,$916.47,$188.37,$53.21,$0.00,$0.00,,$0.00,$0.00,$0.00,$0.00,$0.00,$0.00,$0.00
7648136231473332237,jacks0npruitt,4,"47,118","67,853","202,005","21,362",,,,1,1,1,3,1,,,,-1,-1,1,3,-1,,,,0,0,"13,000","55,000",0,0,0,,$0.02,$212.03,$305.34,$909.02,$96.13,$0.00,$0.00,,$0.00,$0.00,$0.00,$0.00,$0.00,$0.00,$0.00
7522981364623441936,,,"2,076","4,500","3,653","2,354","10,652","18,597",,,1,1,1,1,1,1,,,-1,-1,-1,-1,0,1,,0,0,0,0,0,0,0,,$0.00,$9.34,$20.25,$16.44,$10.59,$47.93,$83.69,,,$0.00,$0.00,$0.00,$0.00,$0.00,$0.00
7359136287137398789,,0,,3,1,54,"3,502",49,,1,,1,1,1,1,1,,-1,,4,1,5,5,5,,0,0,0,0,0,0,0,,$0.00,$0.00,$0.01,$0.00,$0.24,$15.76,$0.22,,,$0.00,$0.00,$0.00,$0.00,$0.00,$0.00
7648878943008735245,terianwilliams9,0,"1,855","19,141","103,494","183,268",,,,1,1,1,2,2,,,,-1,-1,-1,1,5,,,,0,0,0,"5,200",0,0,0,,$0.00,$8.35,$86.13,$465.72,$824.71,$0.00,$0.00,,$0.00,$0.00,$0.00,$0.00,$0.00,$0.00,$0.00
7649140747442143245,junechoseme,0,877,"3,497","18,330","4,256",,,,1,1,1,1,1,,,,-1,-1,-1,-1,-1,,,,0,0,0,0,0,0,0,,$0.00,$3.95,$15.74,$82.49,$19.15,$0.00,$0.00,,$0.00,$0.00,$0.00,$0.00,$0.00,$0.00,$0.00
7649860401613520910,zeutlandry,0,0,0,523,"1,545",,,,1,1,1,1,1,,,,-1,-1,-1,-1,-1,,,,0,0,0,0,0,0,0,,$0.00,$0.00,$0.00,$2.35,$6.95,$0.00,$0.00,,$0.00,$0.00,$0.00,$0.00,$0.00,$0.00,$0.00
7647913841367564302,road_vision,0,13,"1,023","8,743","9,361",,,,1,1,1,1,1,,,,-1,-1,-1,2,-1,,,,0,0,0,0,0,0,0,,$0.00,$0.06,$4.60,$39.34,$42.12,$0.00,$0.00,,$0.00,$0.00,$0.00,$0.00,$0.00,$0.00,$0.00
7650257186228158477,itsokshane,0,0,0,0,0,,,,1,1,1,1,1,,,,-1,-1,-1,-1,-1,,,,0,0,0,0,0,0,0,,$0.00,$0.00,$0.00,$0.00,$0.00,$0.00,$0.00,,$0.00,$0.00,$0.00,$0.00,$0.00,$0.00,$0.00
7650333053931274254,themusclemaiden,0,0,0,"18,294","8,224",,,,1,1,1,1,1,,,,-1,-1,-1,-1,-1,,,,0,0,0,"6,700",0,0,0,,$0.00,$0.00,$0.00,$82.32,$37.01,$0.00,$0.00,,$0.00,$0.00,$0.00,$0.00,$0.00,$0.00,$0.00
7650410465209925645,nuclearprototype,0,0,0,0,0,,,,1,1,1,1,1,,,,-1,-1,-1,-1,2,,,,0,0,0,0,0,0,0,,$0.00,$0.00,$0.00,$0.00,$0.00,$0.00,$0.00,,$0.00,$0.00,$0.00,$0.00,$0.00,$0.00,$0.00
7650566066774491149,luvr.angelina,1,"3,474","29,407","4,896",0,,,,1,1,1,1,1,,,,-1,-1,1,-1,-1,,,,0,0,0,0,0,0,0,,$0.00,$15.63,$132.33,$22.03,$0.00,$0.00,$0.00,,$0.00,$0.00,$0.00,$0.00,$0.00,$0.00,$0.00
7650837049121226766,mzbillionaire.success,"49,862","163,007","6,233","47,098","32,038",,,,1,2,1,1,1,,,,-1,2,-1,0,1,,,,0,0,0,0,0,0,0,,$224.38,$733.53,$28.05,$211.94,$144.17,$0.00,$0.00,,$0.00,$0.00,$0.00,$0.00,$0.00,$0.00,$0.00
7359135501103824902,theashleymichelle,"3,361",526,495,677,"6,097",,,,1,1,1,1,1,,,,-1,-1,-1,-1,-1,,,,0,0,0,0,0,0,0,,$15.12,$2.37,$2.23,$3.05,$27.44,$0.00,$0.00,,$0.00,$0.00,$0.00,$0.00,$0.00,$0.00,$0.00
7495549920183648257,the.bolter_32,0,631,"46,475",203,"6,069","27,265","3,314",,1,1,1,1,1,1,1,,-1,-1,-1,-1,0,2,-1,,0,0,0,0,0,0,0,,$0.00,$2.84,$209.14,$0.91,$27.31,$122.69,$14.91,,$0.00,$0.00,$0.00,$0.00,$0.00,$0.00,$0.00
7651088178157502477,kylee_williams,0,0,0,0,0,,,,1,1,1,1,1,,,,-1,-1,-1,-1,-1,,,,0,0,0,0,0,0,0,,$0.00,$0.00,$0.00,$0.00,$0.00,$0.00,$0.00,,$0.00,$0.00,$0.00,$0.00,$0.00,$0.00,$0.00
7620260745313337357,shopwithkaybae,0,0,0,0,0,,"2,118",,1,1,1,1,1,,1,,-1,-1,-1,-1,-1,,-1,,0,0,0,0,0,0,0,,$0.00,$0.00,$0.00,$0.00,$0.00,$0.00,$9.53,,$0.00,$0.00,$0.00,$0.00,$0.00,$0.00,$0.00
7651405218512420878,#N/A,,,,,,,,,,,,,,,,,,,,,,,,,0,0,0,0,0,0,0,,$0.00,$0.00,$0.00,$0.00,$0.00,$0.00,$0.00,,,$0.00,$0.00,$0.00,$0.00,$0.00,$0.00
7652071002762919950,kinggwilliamss,9,42,9,310,230,,,,1,1,1,1,1,,,,-1,-1,-1,-1,-1,,,,0,0,0,0,0,0,0,,$0.04,$0.19,$0.04,$1.40,$1.04,$0.00,$0.00,,$0.00,$0.00,$0.00,$0.00,$0.00,$0.00,$0.00
7650045535331860493,jean_game369,55,"1,723","2,276","3,811",877,,,,1,1,1,1,1,,,,-1,3,4,4,5,,,,0,0,0,0,0,0,0,,$0.25,$7.75,$10.24,$17.15,$3.95,$0.00,$0.00,,$0.00,$0.00,$0.00,$0.00,$0.00,$0.00,$0.00
7496706793574481936,#N/A,,,,,,64,55,,,,,,,1,1,,,,,,,-1,-1,,0,0,0,0,0,0,0,,$0.00,$0.00,$0.00,$0.00,$0.00,$0.29,$0.25,,,$0.00,$0.00,$0.00,$0.00,$0.00,$0.00
7654325897985703950,d1p00h,"57,484","137,893","242,579","261,548","10,467",,,,1,2,3,3,1,,,,-1,1,1,2,1,,,,0,0,"35,000","1,000",0,0,0,,$258.68,$620.52,"$1,091.61","$1,176.97",$47.10,$0.00,$0.00,,$0.00,$0.00,$0.00,$0.00,$0.00,$0.00,$0.00
7371341610770268177,preeettybaaaby,0,239,0,0,0,,,,1,1,1,1,1,,,,-1,-1,-1,-1,-1,,,,0,0,0,0,0,0,0,,$0.00,$1.08,$0.00,$0.00,$0.00,$0.00,$0.00,,$0.00,$0.00,$0.00,$0.00,$0.00,$0.00,$0.00
7654295351817551885,tacowright21,0,0,0,0,74,,,,1,1,1,1,1,,,,-1,-1,-1,-1,-1,,,,0,0,0,0,0,0,0,,$0.00,$0.00,$0.00,$0.00,$0.33,$0.00,$0.00,,$0.00,$0.00,$0.00,$0.00,$0.00,$0.00,$0.00
7359138554682900485,gamrmomnichole,10,95,68,"1,392",477,,,,1,1,1,1,1,,,,-1,2,4,4,5,,,,0,0,0,0,0,0,0,,$0.05,$0.43,$0.31,$6.26,$2.15,$0.00,$0.00,,$0.00,$0.00,$0.00,$0.00,$0.00,$0.00,$0.00
7589037179590983694,jameslives787,0,0,0,39,0,,,,1,1,1,1,1,,,,-1,-1,-1,-1,-1,,,,0,0,0,0,0,0,0,,$0.00,$0.00,$0.00,$0.18,$0.00,$0.00,$0.00,,$0.00,$0.00,$0.00,$0.00,$0.00,$0.00,$0.00
7654824834509225998,xavia.purp,0,0,0,0,0,,,,1,1,1,1,1,,,,-1,-1,-1,-1,-1,,,,0,0,0,0,0,0,0,,$0.00,$0.00,$0.00,$0.00,$0.00,$0.00,$0.00,,$0.00,$0.00,$0.00,$0.00,$0.00,$0.00,$0.00
7495549920183648257,the.bolter_32,0,631,"46,475",203,"6,069","27,265","3,314",,1,1,1,1,1,1,1,,-1,-1,-1,-1,0,2,-1,,0,0,0,0,0,0,0,,$0.00,$2.84,$209.14,$0.91,$27.31,$122.69,$14.91,,$0.00,$0.00,$0.00,$0.00,$0.00,$0.00,$0.00
7655073539858415629,bellabearrz,0,550,797,"18,960","3,680",,,,1,1,1,1,1,,,,-1,-1,-1,3,3,,,,0,0,0,0,0,0,0,,$0.00,$2.48,$3.59,$85.32,$16.56,$0.00,$0.00,,$0.00,$0.00,$0.00,$0.00,$0.00,$0.00,$0.00
7655114178356723725,true2fit_,6,23,69,39,8,,,,1,1,1,1,1,,,,-1,1,1,1,-1,,,,0,0,0,0,0,0,0,,$0.03,$0.10,$0.31,$0.18,$0.04,$0.00,$0.00,,$0.00,$0.00,$0.00,$0.00,$0.00,$0.00,$0.00
7655116072420687886,jellyjamsart,0,0,0,0,0,,,,1,1,1,1,1,,,,-1,-1,-1,-1,-1,,,,0,0,0,0,0,0,0,,$0.00,$0.00,$0.00,$0.00,$0.00,$0.00,$0.00,,$0.00,$0.00,$0.00,$0.00,$0.00,$0.00,$0.00
7655487159129882638,1017kore,0,0,223,910,5,,,,1,1,1,1,1,,,,-1,-1,-1,1,4,,,,0,0,0,0,0,0,0,,$0.00,$0.00,$1.00,$4.10,$0.02,$0.00,$0.00,,$0.00,$0.00,$0.00,$0.00,$0.00,$0.00,$0.00
7655551932853174286,emilio_santosjr,0,0,0,5,0,,,,1,1,1,1,1,,,,-1,-1,-1,-1,-1,,,,0,0,0,0,0,0,0,,$0.00,$0.00,$0.00,$0.02,$0.00,$0.00,$0.00,,$0.00,$0.00,$0.00,$0.00,$0.00,$0.00,$0.00
7655487159771643918,owenverschoore,2,60,281,12,0,,,,1,1,1,1,1,,,,-1,0,1,-1,-1,,,,0,0,0,0,0,0,0,,$0.01,$0.27,$1.26,$0.05,$0.00,$0.00,$0.00,,$0.00,$0.00,$0.00,$0.00,$0.00,$0.00,$0.00
7495549920183648257,the.bolter_32,0,631,"46,475",203,"6,069","27,265","3,314",,1,1,1,1,1,1,1,,-1,-1,-1,-1,0,2,-1,,0,0,0,0,0,0,0,,$0.00,$2.84,$209.14,$0.91,$27.31,$122.69,$14.91,,$0.00,$0.00,$0.00,$0.00,$0.00,$0.00,$0.00
7522981364623441936,,,"2,076","4,500","3,653","2,354","10,652","18,597",,,1,1,1,1,1,1,,,-1,-1,-1,-1,0,1,,0,0,0,0,0,0,0,,$0.00,$9.34,$20.25,$16.44,$10.59,$47.93,$83.69,,,$0.00,$0.00,$0.00,$0.00,$0.00,$0.00
7359136287137398789,,0,,3,1,54,"3,502",49,,1,,1,1,1,1,1,,-1,,4,1,5,5,5,,0,0,0,0,0,0,0,,$0.00,$0.00,$0.01,$0.00,$0.24,$15.76,$0.22,,,$0.00,$0.00,$0.00,$0.00,$0.00,$0.00
7362364486549979137,allisonsanderlin24,0,0,0,355,2,,,,1,1,1,1,1,,,,-1,-1,-1,-1,-1,,,,0,0,0,0,0,0,0,,$0.00,$0.00,$0.00,$1.60,$0.01,$0.00,$0.00,,$0.00,$0.00,$0.00,$0.00,$0.00,$0.00,$0.00
7362364486549979137,allisonsanderlin24,0,0,0,355,2,,,,1,1,1,1,1,,,,-1,-1,-1,-1,-1,,,,0,0,0,0,0,0,0,,$0.00,$0.00,$0.00,$1.60,$0.01,$0.00,$0.00,,$0.00,$0.00,$0.00,$0.00,$0.00,$0.00,$0.00
7652628568396054541,djinhamusic,"4,868","23,223","21,882","17,138","2,575",,,,1,1,1,1,1,,,,-1,1,-1,1,0,,,,0,0,0,0,0,0,0,,$21.91,$104.50,$98.47,$77.12,$11.59,$0.00,$0.00,,$0.00,$0.00,$0.00,$0.00,$0.00,$0.00,$0.00
7502517094500728848,mariahamiraaa,0,0,0,3,0,,,,1,1,1,1,1,,,,-1,-1,-1,-1,-1,,,,0,0,0,0,0,0,0,,$0.00,$0.00,$0.00,$0.01,$0.00,$0.00,$0.00,,$0.00,$0.00,$0.00,$0.00,$0.00,$0.00,$0.00
7359138691392274437,jared_drullinger,0,0,1,360,0,,,,1,1,1,1,1,,,,-1,-1,-1,-1,-1,,,,0,0,0,0,0,0,0,,$0.00,$0.00,$0.00,$1.62,$0.00,$0.00,$0.00,,$0.00,$0.00,$0.00,$0.00,$0.00,$0.00,$0.00
7653223648677052429,messmami38,0,0,0,"1,092","2,411",,,,1,1,1,1,1,,,,-1,-1,-1,1,2,,,,0,0,0,0,0,0,0,,$0.00,$0.00,$0.00,$4.91,$10.85,$0.00,$0.00,,$0.00,$0.00,$0.00,$0.00,$0.00,$0.00,$0.00
7655850302670946318,t_ombrown,0,21,4,0,0,,,,1,1,1,1,1,,,,-1,-1,-1,-1,-1,,,,0,0,0,0,0,0,0,,$0.00,$0.09,$0.02,$0.00,$0.00,$0.00,$0.00,,$0.00,$0.00,$0.00,$0.00,$0.00,$0.00,$0.00
7655877164511838221,hustlegirltv,0,557,"2,206","4,729",81,,,,1,1,1,1,1,,,,-1,-1,-1,-1,-1,,,,0,0,0,0,0,0,0,,$0.00,$2.51,$9.93,$21.28,$0.36,$0.00,$0.00,,$0.00,$0.00,$0.00,$0.00,$0.00,$0.00,$0.00
7655905071162671117,kyreshaaa,0,0,222,0,0,,,,1,1,1,1,1,,,,-1,-1,-1,-1,-1,,,,0,0,0,0,0,0,0,,$0.00,$0.00,$1.00,$0.00,$0.00,$0.00,$0.00,,$0.00,$0.00,$0.00,$0.00,$0.00,$0.00,$0.00
7655906098444288014,mirididitagain,0,7,516,"17,500","1,001",,,,1,1,1,1,1,,,,-1,-1,-1,3,2,,,,0,0,0,0,0,0,0,,$0.00,$0.03,$2.32,$78.75,$4.50,$0.00,$0.00,,$0.00,$0.00,$0.00,$0.00,$0.00,$0.00,$0.00
7655916321804271630,arixjolee,0,0,"4,529","1,932","2,759",,,,1,1,1,1,1,,,,-1,-1,-1,-1,0,,,,0,0,0,0,0,0,0,,$0.00,$0.00,$20.38,$8.69,$12.42,$0.00,$0.00,,$0.00,$0.00,$0.00,$0.00,$0.00,$0.00,$0.00
7655915582096949262,dlariahhj,0,26,0,0,1,,,,1,1,1,1,1,,,,-1,-1,-1,-1,-1,,,,0,0,0,0,0,0,0,,$0.00,$0.12,$0.00,$0.00,$0.00,$0.00,$0.00,,$0.00,$0.00,$0.00,$0.00,$0.00,$0.00,$0.00
7369789931272683537,kittyliciouslashes,0,"1,455",0,"4,269",,0,0,,1,1,1,1,,1,1,,-1,-1,-1,-1,,-1,-1,,0,0,0,0,0,0,0,,$0.00,$6.55,$0.00,$19.21,$0.00,$0.00,$0.00,,$0.00,$0.00,$0.00,$0.00,$0.00,$0.00,$0.00
7658472919500177421,chester3000,0,"2,000","2,721","8,556",,,,,1,1,1,1,,,,,-1,2,3,3,,,,,0,0,0,0,0,0,0,,$0.00,$9.00,$12.24,$38.50,$0.00,$0.00,$0.00,,$0.00,$0.00,$0.00,$0.00,$0.00,$0.00,$0.00
7589643755599249422,msjewelloneill,0,106,"1,681","6,931",,,,,1,1,1,1,,,,,-1,-1,2,3,,,,,0,0,0,0,0,0,0,,$0.00,$0.48,$7.56,$31.19,$0.00,$0.00,$0.00,,$0.00,$0.00,$0.00,$0.00,$0.00,$0.00,$0.00
7359136287137398789,,0,,3,1,54,"3,502",49,,1,,1,1,1,1,1,,-1,,4,1,5,5,5,,0,0,0,0,0,0,0,,$0.00,$0.00,$0.01,$0.00,$0.24,$15.76,$0.22,,,$0.00,$0.00,$0.00,$0.00,$0.00,$0.00
7561842881749893134,bunny2658,0,0,1,6,177,14,21,,1,1,1,1,1,1,1,,-1,-1,-1,-1,-1,-1,-1,,0,0,0,0,0,0,0,,$0.00,$0.00,$0.00,$0.03,$0.80,$0.06,$0.09,,$0.00,$0.00,$0.00,$0.00,$0.00,$0.00,$0.00
7659487622305431566,sabrina_ton_liberte,0,71,141,14,,,,,1,1,1,1,,,,,-1,1,0,0,,,,,0,0,0,0,0,0,0,,$0.00,$0.32,$0.63,$0.06,$0.00,$0.00,$0.00,,$0.00,$0.00,$0.00,$0.00,$0.00,$0.00,$0.00
7659629392716611598,#N/A,,,,,,,,,,,,,,,,,,,,,,,,,0,0,0,0,0,0,0,,$0.00,$0.00,$0.00,$0.00,$0.00,$0.00,$0.00,,,$0.00,$0.00,$0.00,$0.00,$0.00,$0.00
7659563543079108621,#N/A,,,,,,,,,,,,,,,,,,,,,,,,,0,0,0,0,0,0,0,,$0.00,$0.00,$0.00,$0.00,$0.00,$0.00,$0.00,,,$0.00,$0.00,$0.00,$0.00,$0.00,$0.00
7657342483227262990,sizweml,0,26,0,247,,,,,1,1,1,1,,,,,-1,-1,-1,1,,,,,0,0,0,0,0,0,0,,$0.00,$0.12,$0.00,$1.11,$0.00,$0.00,$0.00,,$0.00,$0.00,$0.00,$0.00,$0.00,$0.00,$0.00
7657342610255659021,itssmelilith,913,"2,278","21,874","30,885",,,,,1,1,1,1,,,,,-1,-1,1,1,,,,,0,0,0,0,0,0,0,,$4.11,$10.25,$98.43,$138.98,$0.00,$0.00,$0.00,,$0.00,$0.00,$0.00,$0.00,$0.00,$0.00,$0.00
7642482549050327053,selectyourinktattoos,"2,665","18,070","35,340","5,217",,,,,1,1,1,1,,,,,-1,4,4,4,,,,,0,0,0,100,0,0,0,,$11.99,$81.32,$159.03,$23.48,$0.00,$0.00,$0.00,,$0.00,$0.00,$0.00,$0.00,$0.00,$0.00,$0.00
7657342711040819214,michelemotso,104,207,647,814,,,,,1,1,1,1,,,,,-1,0,2,4,,,,,0,0,0,0,0,0,0,,$0.47,$0.93,$2.91,$3.66,$0.00,$0.00,$0.00,,$0.00,$0.00,$0.00,$0.00,$0.00,$0.00,$0.00
7391295129262538753,rise2thebeat,0,0,"39,575","14,901",,,,,1,1,1,1,,,,,-1,-1,-1,-1,,,,,0,0,0,0,0,0,0,,$0.00,$0.00,$178.09,$67.05,$0.00,$0.00,$0.00,,$0.00,$0.00,$0.00,$0.00,$0.00,$0.00,$0.00
7657342731559190542,dgenfm,"2,732","3,161","7,006","6,385",,,,,1,1,1,1,,,,,-1,1,2,4,,,,,0,0,0,0,0,0,0,,$12.29,$14.22,$31.53,$28.73,$0.00,$0.00,$0.00,,$0.00,$0.00,$0.00,$0.00,$0.00,$0.00,$0.00
7657678843473608717,its_faris_issam,278,330,254,"1,078",,,,,1,1,1,1,,,,,-1,-1,-1,2,,,,,0,0,0,0,0,0,0,,$1.25,$1.49,$1.14,$4.85,$0.00,$0.00,$0.00,,$0.00,$0.00,$0.00,$0.00,$0.00,$0.00,$0.00
7657713664807682061,jester.j0,0,0,0,1,,,,,1,1,1,1,,,,,-1,-1,-1,-1,,,,,0,0,0,0,0,0,0,,$0.00,$0.00,$0.00,$0.00,$0.00,$0.00,$0.00,,$0.00,$0.00,$0.00,$0.00,$0.00,$0.00,$0.00
7359138038708142085,treygaming777,0,355,0,3,,,,,1,1,1,1,,,,,-1,-1,-1,-1,,,,,0,0,0,0,0,0,0,,$0.00,$1.60,$0.00,$0.01,$0.00,$0.00,$0.00,,$0.00,$0.00,$0.00,$0.00,$0.00,$0.00,$0.00
7657953499262631949,theabyss999,"8,267","17,942","41,492","12,211",,,,,1,1,1,1,,,,,-1,2,5,3,,,,,0,"2,000","3,000",0,0,0,0,,$37.20,$80.74,$186.71,$54.95,$0.00,$0.00,$0.00,,$0.00,$0.00,$0.00,$0.00,$0.00,$0.00,$0.00
7658071639900471309,starlight_ako,506,751,"5,103","4,000",,,,,1,1,1,1,,,,,-1,-1,1,2,,,,,0,0,0,0,0,0,0,,$2.28,$3.38,$22.96,$18.00,$0.00,$0.00,$0.00,,$0.00,$0.00,$0.00,$0.00,$0.00,$0.00,$0.00
7658352093849337869,angel_mnlxzs,0,0,0,3,,,,,1,1,1,1,,,,,-1,-1,-1,-1,,,,,0,0,0,0,0,0,0,,$0.00,$0.00,$0.00,$0.01,$0.00,$0.00,$0.00,,$0.00,$0.00,$0.00,$0.00,$0.00,$0.00,$0.00
7537116061758636045,kes_014,0,0,0,0,,,,,1,1,1,1,,,,,-1,-1,-1,-1,,,,,0,0,0,0,0,0,0,,$0.00,$0.00,$0.00,$0.00,$0.00,$0.00,$0.00,,$0.00,$0.00,$0.00,$0.00,$0.00,$0.00,$0.00
7659939194286096398,hellokittyakuma,"2,737","249,130","37,257","5,381",,,,,1,3,1,1,,,,,-1,5,5,5,,,,,0,0,0,0,0,0,0,,$12.32,"$1,121.09",$167.66,$24.21,$0.00,$0.00,$0.00,,$0.00,$0.00,$0.00,$0.00,$0.00,$0.00,$0.00
7405660915452084225,willied78,"18,193","149,015","166,984","81,458","108,506","202,038","52,993",,1,2,2,1,2,3,1,,-1,1,2,0,3,4,4,,0,0,0,0,0,0,0,,$81.87,$670.57,$751.43,$366.56,$488.28,$909.17,$238.47,,$0.00,$0.00,$0.00,$0.00,$0.00,$0.00,$0.00
7660344354497740814,mariladj,0,0,0,122,,,,,1,1,1,1,,,,,-1,-1,-1,-1,,,,,0,0,0,0,0,0,0,,$0.00,$0.00,$0.00,$0.55,$0.00,$0.00,$0.00,,$0.00,$0.00,$0.00,$0.00,$0.00,$0.00,$0.00
7660311271845150734,oooyeahhpapaa,0,18,"14,797",191,,,,,1,1,1,1,,,,,-1,2,4,4,,,,,0,0,0,0,0,0,0,,$0.00,$0.08,$66.59,$0.86,$0.00,$0.00,$0.00,,$0.00,$0.00,$0.00,$0.00,$0.00,$0.00,$0.00
7660310721586282510,mxchiiszn,22,536,"1,110",102,,,,,1,1,1,1,,,,,-1,-1,-1,-1,,,,,0,0,0,0,0,0,0,,$0.10,$2.41,$5.00,$0.46,$0.00,$0.00,$0.00,,$0.00,$0.00,$0.00,$0.00,$0.00,$0.00,$0.00
7660682345107865614,hxyli,0,0,0,0,,,,,1,1,1,1,,,,,-1,-1,-1,-1,,,,,0,0,0,0,0,0,0,,$0.00,$0.00,$0.00,$0.00,$0.00,$0.00,$0.00,,$0.00,$0.00,$0.00,$0.00,$0.00,$0.00,$0.00
7410995253072904209,thirdydeala16,0,0,0,19,,,,,1,1,1,1,,,,,-1,-1,-1,-1,,,,,0,0,0,0,0,0,0,,$0.00,$0.00,$0.00,$0.09,$0.00,$0.00,$0.00,,$0.00,$0.00,$0.00,$0.00,$0.00,$0.00,$0.00
7359136287137398789,,0,,3,1,54,"3,502",49,,1,,1,1,1,1,1,,-1,,4,1,5,5,5,,0,0,0,0,0,0,0,,$0.00,$0.00,$0.01,$0.00,$0.24,$15.76,$0.22,,,$0.00,$0.00,$0.00,$0.00,$0.00,$0.00
7661804003763732494,loveuukristina,0,0,0,"5,009",,,,,1,1,1,1,,,,,-1,-1,-1,1,,,,,0,0,0,0,0,0,0,,$0.00,$0.00,$0.00,$22.54,$0.00,$0.00,$0.00,,$0.00,$0.00,$0.00,$0.00,$0.00,$0.00,$0.00
7661912977532043278,techinatux96,2,13,196,29,,,,,1,1,1,1,,,,,-1,0,-1,0,,,,,0,0,0,0,0,0,0,,$0.01,$0.06,$0.88,$0.13,$0.00,$0.00,$0.00,,$0.00,$0.00,$0.00,$0.00,$0.00,$0.00,$0.00
7661815004588425230,claudemanuela,0,0,0,4,,,,,1,1,1,1,,,,,-1,-1,-1,-1,,,,,0,0,0,0,0,0,0,,$0.00,$0.00,$0.00,$0.02,$0.00,$0.00,$0.00,,$0.00,$0.00,$0.00,$0.00,$0.00,$0.00,$0.00
7359135685498109957,twix_1v0,16,"3,494","1,635",277,,,,,1,1,1,1,,,,,-1,4,2,1,,,,,0,0,0,0,0,0,0,,$0.07,$15.72,$7.36,$1.25,$0.00,$0.00,$0.00,,$0.00,$0.00,$0.00,$0.00,$0.00,$0.00,$0.00
7661894435826909197,sga.swirly,0,30,"1,569","1,252",,,,,1,1,1,1,,,,,-1,-1,1,2,,,,,0,0,0,0,0,0,0,,$0.00,$0.14,$7.06,$5.63,$0.00,$0.00,$0.00,,$0.00,$0.00,$0.00,$0.00,$0.00,$0.00,$0.00
7662106515356106766,poritass,0,0,1,"11,670",,,,,1,1,1,1,,,,,-1,-1,-1,0,,,,,0,0,0,0,0,0,0,,$0.00,$0.00,$0.00,$52.52,$0.00,$0.00,$0.00,,$0.00,$0.00,$0.00,$0.00,$0.00,$0.00,$0.00
7662126857915187213,jessicapayne155,0,0,0,1,,,,,1,1,1,1,,,,,-1,-1,-1,-1,,,,,0,0,0,0,0,0,0,,$0.00,$0.00,$0.00,$0.00,$0.00,$0.00,$0.00,,$0.00,$0.00,$0.00,$0.00,$0.00,$0.00,$0.00
7537116061758636045,kes_014,0,0,0,0,,,,,1,1,1,1,,,,,-1,-1,-1,-1,,,,,0,0,0,0,0,0,0,,$0.00,$0.00,$0.00,$0.00,$0.00,$0.00,$0.00,,$0.00,$0.00,$0.00,$0.00,$0.00,$0.00,$0.00
7662056319188516878,ricketheg,0,0,0,0,,,,,1,1,1,1,,,,,-1,-1,-1,-1,,,,,0,0,0,0,0,0,0,,$0.00,$0.00,$0.00,$0.00,$0.00,$0.00,$0.00,,$0.00,$0.00,$0.00,$0.00,$0.00,$0.00,$0.00
7662166719368249357,#N/A,,,65,628,,,,,,,1,1,,,,,,,-1,-1,,,,,0,0,0,0,0,0,0,,$0.00,$0.00,$0.29,$2.83,$0.00,$0.00,$0.00,,,$0.00,$0.00,$0.00,$0.00,$0.00,$0.00
7662301748471676941,lenaxmetal,0,1,566,14,,,,,1,1,1,1,,,,,-1,-1,-1,-1,,,,,0,0,0,0,0,0,0,,$0.00,$0.00,$2.55,$0.06,$0.00,$0.00,$0.00,,$0.00,$0.00,$0.00,$0.00,$0.00,$0.00,$0.00
7662353289761308685,omcatmusic,0,0,27,0,,,,,1,1,1,1,,,,,-1,-1,-1,-1,,,,,0,0,0,0,0,0,0,,$0.00,$0.00,$0.12,$0.00,$0.00,$0.00,$0.00,,$0.00,$0.00,$0.00,$0.00,$0.00,$0.00,$0.00
7423567910435635217,xx_destmarie,169,"59,271","226,522","18,688",,"45,145","54,488",,1,1,3,1,,1,1,,-1,-1,1,2,,4,2,,0,0,0,0,0,0,0,,$0.76,$266.72,"$1,019.35",$84.10,$0.00,$203.15,$245.20,,$0.00,$0.00,$0.00,$0.00,$0.00,$0.00,$0.00
7662519133380296717,yofavredcherry,46,126,13,11,,,,,1,1,1,1,,,,,-1,-1,-1,-1,,,,,0,0,0,0,0,0,0,,$0.21,$0.57,$0.06,$0.05,$0.00,$0.00,$0.00,,$0.00,$0.00,$0.00,$0.00,$0.00,$0.00,$0.00
7662537769419390989,andreapereztao,0,"1,179",275,"1,336",,,,,1,1,1,1,,,,,-1,-1,-1,-1,,,,,0,0,0,0,0,0,0,,$0.00,$5.31,$1.24,$6.01,$0.00,$0.00,$0.00,,$0.00,$0.00,$0.00,$0.00,$0.00,$0.00,$0.00
7662547847354630158,elura_code,0,6,0,0,,,,,1,1,1,1,,,,,-1,-1,-1,-1,,,,,0,0,0,0,0,0,0,,$0.00,$0.03,$0.00,$0.00,$0.00,$0.00,$0.00,,$0.00,$0.00,$0.00,$0.00,$0.00,$0.00,$0.00
7494451536383377425,#N/A,,,,,,,,,,,,,,,,,,,,,,,,,0,0,0,0,0,0,0,,$0.00,$0.00,$0.00,$0.00,$0.00,$0.00,$0.00,,,$0.00,$0.00,$0.00,$0.00,$0.00,$0.00
7662580224596525070,narutp11,0,0,0,0,,,,,1,1,1,1,,,,,-1,-1,-1,-1,,,,,0,0,0,0,0,0,0,,$0.00,$0.00,$0.00,$0.00,$0.00,$0.00,$0.00,,$0.00,$0.00,$0.00,$0.00,$0.00,$0.00,$0.00
7662559471050473486,pyxa.od,0,0,0,206,,,,,1,1,1,1,,,,,-1,-1,-1,-1,,,,,0,0,0,0,0,0,0,,$0.00,$0.00,$0.00,$0.93,$0.00,$0.00,$0.00,,$0.00,$0.00,$0.00,$0.00,$0.00,$0.00,$0.00
7662801109299511309,#N/A,,,,,,,,,,,,,,,,,,,,,,,,,0,0,0,0,0,0,0,,$0.00,$0.00,$0.00,$0.00,$0.00,$0.00,$0.00,,,$0.00,$0.00,$0.00,$0.00,$0.00,$0.00
7662872940765298702,isk_the_king2,0,100,112,447,,,,,1,1,1,1,,,,,-1,-1,-1,2,,,,,0,0,0,0,0,0,0,,$0.00,$0.45,$0.50,$2.01,$0.00,$0.00,$0.00,,$0.00,$0.00,$0.00,$0.00,$0.00,$0.00,$0.00
7662859789998833678,nahugoodshop,0,7,5,0,,,,,1,1,1,1,,,,,-1,-1,-1,-1,,,,,0,0,0,0,0,0,0,,$0.00,$0.03,$0.02,$0.00,$0.00,$0.00,$0.00,,$0.00,$0.00,$0.00,$0.00,$0.00,$0.00,$0.00
7662940883779600397,voldxr,0,0,0,438,,,,,1,1,1,1,,,,,-1,-1,-1,1,,,,,0,0,0,0,0,0,0,,$0.00,$0.00,$0.00,$1.97,$0.00,$0.00,$0.00,,$0.00,$0.00,$0.00,$0.00,$0.00,$0.00,$0.00
7662920984667832334,maryharr0,0,0,0,22,,,,,1,1,1,1,,,,,-1,-1,-1,-1,,,,,0,0,0,0,0,0,0,,$0.00,$0.00,$0.00,$0.10,$0.00,$0.00,$0.00,,$0.00,$0.00,$0.00,$0.00,$0.00,$0.00,$0.00
7663240712036728846,yanabelitagarcia93,0,135,148,130,,,,,1,1,1,1,,,,,-1,-1,-1,0,,,,,0,0,0,0,0,0,0,,$0.00,$0.61,$0.67,$0.59,$0.00,$0.00,$0.00,,$0.00,$0.00,$0.00,$0.00,$0.00,$0.00,$0.00
7663151133371940877,siege_tips_daily,0,0,0,0,,,,,1,1,1,1,,,,,-1,-1,-1,-1,,,,,0,0,0,0,0,0,0,,$0.00,$0.00,$0.00,$0.00,$0.00,$0.00,$0.00,,$0.00,$0.00,$0.00,$0.00,$0.00,$0.00,$0.00
7533483034725597239,retiredimout,23,194,"1,447",306,,,,,1,1,1,1,,,,,-1,-1,-1,-1,,,,,0,0,0,0,0,0,0,,$0.10,$0.87,$6.51,$1.38,$0.00,$0.00,$0.00,,$0.00,$0.00,$0.00,$0.00,$0.00,$0.00,$0.00
7663313026627420174,bobnxtdr,0,0,0,35,,,,,1,1,1,1,,,,,-1,-1,-1,-1,,,,,0,0,0,0,0,0,0,,$0.00,$0.00,$0.00,$0.16,$0.00,$0.00,$0.00,,$0.00,$0.00,$0.00,$0.00,$0.00,$0.00,$0.00
7663344188876144654,nextleveldnacoach,0,0,0,342,,,,,1,1,1,1,,,,,-1,-1,-1,-1,,,,,0,0,0,0,0,0,0,,$0.00,$0.00,$0.00,$1.54,$0.00,$0.00,$0.00,,$0.00,$0.00,$0.00,$0.00,$0.00,$0.00,$0.00
7663279942473564174,goodbrawlfunny,0,0,0,0,,,,,1,1,1,1,,,,,-1,-1,-1,-1,,,,,0,0,0,0,0,0,0,,$0.00,$0.00,$0.00,$0.00,$0.00,$0.00,$0.00,,$0.00,$0.00,$0.00,$0.00,$0.00,$0.00,$0.00
7660931326555602958,ishekyah,628,"8,001","8,659","10,560",,,,,1,1,1,1,,,,,-1,4,4,4,,,,,0,0,0,0,0,0,0,,$2.83,$36.00,$38.97,$47.52,$0.00,$0.00,$0.00,,$0.00,$0.00,$0.00,$0.00,$0.00,$0.00,$0.00
7660940671079038989,maddogthomas,0,0,5,0,,,,,1,1,1,1,,,,,-1,-1,-1,-1,,,,,0,0,0,0,0,0,0,,$0.00,$0.00,$0.02,$0.00,$0.00,$0.00,$0.00,,$0.00,$0.00,$0.00,$0.00,$0.00,$0.00,$0.00
7661295601690361870,themissjexperience,0,0,0,0,,,,,1,1,1,1,,,,,-1,-1,-1,-1,,,,,0,0,0,0,0,0,0,,$0.00,$0.00,$0.00,$0.00,$0.00,$0.00,$0.00,,$0.00,$0.00,$0.00,$0.00,$0.00,$0.00,$0.00
7664719272496611341,nishahamaad,0,0,0,"1,930",,,,,1,1,1,1,,,,,-1,-1,-1,-1,,,,,0,0,0,0,0,0,0,,$0.00,$0.00,$0.00,$8.69,$0.00,$0.00,$0.00,,$0.00,$0.00,$0.00,$0.00,$0.00,$0.00,$0.00
7664719222358130701,thefishingfix,0,0,419,9,,,,,1,1,1,1,,,,,-1,-1,-1,-1,,,,,0,0,0,0,0,0,0,,$0.00,$0.00,$1.89,$0.04,$0.00,$0.00,$0.00,,$0.00,$0.00,$0.00,$0.00,$0.00,$0.00,$0.00
7664843343481815054,jagge,"3,570",0,11,0,,,,,1,1,1,1,,,,,-1,-1,-1,-1,,,,,0,0,0,0,0,0,0,,$16.07,$0.00,$0.05,$0.00,$0.00,$0.00,$0.00,,$0.00,$0.00,$0.00,$0.00,$0.00,$0.00,$0.00
7483755956707442704,fishing_allyear_round,0,0,0,0,,,,,1,1,1,1,,,,,-1,-1,-1,-1,,,,,0,0,0,0,0,0,0,,$0.00,$0.00,$0.00,$0.00,$0.00,$0.00,$0.00,,$0.00,$0.00,$0.00,$0.00,$0.00,$0.00,$0.00
7664765035788582926,watch_your_mom_,0,161,175,0,,,,,1,1,1,1,,,,,-1,-1,-1,-1,,,,,0,0,0,0,0,0,0,,$0.00,$0.72,$0.79,$0.00,$0.00,$0.00,$0.00,,$0.00,$0.00,$0.00,$0.00,$0.00,$0.00,$0.00
7662978698873782286,locd.in.with.kiwi,0,1,1,2,,,,,1,1,1,1,,,,,-1,-1,-1,-1,,,,,0,0,0,0,0,0,0,,$0.00,$0.00,$0.00,$0.01,$0.00,$0.00,$0.00,,$0.00,$0.00,$0.00,$0.00,$0.00,$0.00,$0.00
7663544846753349645,t.tameraa4,17,"2,006","3,466",310,,,,,1,1,1,1,,,,,-1,1,4,-1,,,,,0,0,0,0,0,0,0,,$0.08,$9.03,$15.60,$1.40,$0.00,$0.00,$0.00,,$0.00,$0.00,$0.00,$0.00,$0.00,$0.00,$0.00
7663553313501298702,abigail.m_c,180,"2,985",655,43,,,,,1,1,1,1,,,,,-1,-1,1,2,,,,,0,0,0,0,0,0,0,,$0.81,$13.43,$2.95,$0.19,$0.00,$0.00,$0.00,,$0.00,$0.00,$0.00,$0.00,$0.00,$0.00,$0.00
7663557625392676878,jetak47,"5,464","44,664","50,850","32,117",,,,,1,1,1,1,,,,,-1,2,1,2,,,,,0,0,0,0,0,0,0,,$24.59,$200.99,$228.83,$144.53,$0.00,$0.00,$0.00,,$0.00,$0.00,$0.00,$0.00,$0.00,$0.00,$0.00
7663564268973080590,editwithtemplatesrn,0,0,0,0,,,,,1,1,1,1,,,,,-1,-1,-1,-1,,,,,0,0,0,0,0,0,0,,$0.00,$0.00,$0.00,$0.00,$0.00,$0.00,$0.00,,$0.00,$0.00,$0.00,$0.00,$0.00,$0.00,$0.00
7663568558982447118,brandonkylemacpherson,0,0,0,80,,,,,1,1,1,1,,,,,-1,-1,-1,-1,,,,,0,0,0,0,0,0,0,,$0.00,$0.00,$0.00,$0.36,$0.00,$0.00,$0.00,,$0.00,$0.00,$0.00,$0.00,$0.00,$0.00,$0.00
7663584975932899341,fc_joe2,0,0,206,41,,,,,1,1,1,1,,,,,-1,-1,-1,-1,,,,,0,0,0,0,0,0,0,,$0.00,$0.00,$0.93,$0.18,$0.00,$0.00,$0.00,,$0.00,$0.00,$0.00,$0.00,$0.00,$0.00,$0.00
7663581447965687821,neetzmadeit,0,0,0,3,,,,,1,1,1,1,,,,,-1,-1,-1,-1,,,,,0,0,0,0,0,0,0,,$0.00,$0.00,$0.00,$0.01,$0.00,$0.00,$0.00,,$0.00,$0.00,$0.00,$0.00,$0.00,$0.00,$0.00
7663604379550859277,dirtbikedestiny,0,306,632,"2,580",,,,,1,1,1,1,,,,,-1,2,2,1,,,,,0,0,0,0,0,0,0,,$0.00,$1.38,$2.84,$11.61,$0.00,$0.00,$0.00,,$0.00,$0.00,$0.00,$0.00,$0.00,$0.00,$0.00
7663611518679826446,datboy_ru,162,"8,151","9,695","1,002",,,,,1,1,1,1,,,,,-1,2,3,5,,,,,0,"4,000","3,000",0,0,0,0,,$0.73,$36.68,$43.63,$4.51,$0.00,$0.00,$0.00,,$0.00,$0.00,$0.00,$0.00,$0.00,$0.00,$0.00
7663631086269841421,idkplzdontsayanything,0,0,0,0,,,,,1,1,1,1,,,,,-1,-1,-1,-1,,,,,0,0,0,0,0,0,0,,$0.00,$0.00,$0.00,$0.00,$0.00,$0.00,$0.00,,$0.00,$0.00,$0.00,$0.00,$0.00,$0.00,$0.00
7663638031621963790,#N/A,,1,112,0,,,,,,1,1,1,,,,,,-1,-1,-1,,,,,0,0,0,0,0,0,0,,$0.00,$0.00,$0.50,$0.00,$0.00,$0.00,$0.00,,,$0.00,$0.00,$0.00,$0.00,$0.00,$0.00
7663655815336968205,breonnahhhh,0,6,100,87,,,,,1,1,1,1,,,,,-1,-1,-1,-1,,,,,0,0,0,0,0,0,0,,$0.00,$0.03,$0.45,$0.39,$0.00,$0.00,$0.00,,$0.00,$0.00,$0.00,$0.00,$0.00,$0.00,$0.00
7663903573331361805,6ixfadejhony,2,40,68,171,,,,,1,1,1,1,,,,,-1,-1,0,0,,,,,0,0,0,0,0,0,0,,$0.01,$0.18,$0.31,$0.77,$0.00,$0.00,$0.00,,$0.00,$0.00,$0.00,$0.00,$0.00,$0.00,$0.00
7663928578232598541,thechaosonpaws,0,0,0,0,,,,,1,1,1,1,,,,,-1,-1,-1,-1,,,,,0,0,0,0,0,0,0,,$0.00,$0.00,$0.00,$0.00,$0.00,$0.00,$0.00,,$0.00,$0.00,$0.00,$0.00,$0.00,$0.00,$0.00
7663957150120755214,iamthehermit,1,4,1,2,,,,,1,1,1,1,,,,,-1,1,-1,-1,,,,,0,0,0,0,0,0,0,,$0.00,$0.02,$0.00,$0.01,$0.00,$0.00,$0.00,,$0.00,$0.00,$0.00,$0.00,$0.00,$0.00,$0.00
7428764139738398721,megabossdad,0,0,5,0,,,,,1,1,1,1,,,,,-1,-1,-1,-1,,,,,0,0,0,0,0,0,0,,$0.00,$0.00,$0.02,$0.00,$0.00,$0.00,$0.00,,$0.00,$0.00,$0.00,$0.00,$0.00,$0.00,$0.00
7530143184568205326,thewrestlinggurus,0,0,0,4,,,,,1,1,1,1,,,,,-1,-1,-1,-1,,,,,0,0,0,0,0,0,0,,$0.00,$0.00,$0.00,$0.02,$0.00,$0.00,$0.00,,$0.00,$0.00,$0.00,$0.00,$0.00,$0.00,$0.00
7663984584186707981,sheyelizabeth,8,451,"2,576",439,,,,,1,1,1,1,,,,,-1,0,1,1,,,,,0,0,0,0,0,0,0,,$0.04,$2.03,$11.59,$1.98,$0.00,$0.00,$0.00,,$0.00,$0.00,$0.00,$0.00,$0.00,$0.00,$0.00
7664042327127670797,michaell_to,"1,675",580,"18,603","10,060",,,,,1,1,1,1,,,,,-1,-1,-1,1,,,,,0,0,"2,000",0,0,0,0,,$7.54,$2.61,$83.71,$45.27,$0.00,$0.00,$0.00,,$0.00,$0.00,$0.00,$0.00,$0.00,$0.00,$0.00
7664065524577648654,dar_rgel21,0,573,0,229,,,,,1,1,1,1,,,,,-1,-1,-1,-1,,,,,0,0,0,0,0,0,0,,$0.00,$2.58,$0.00,$1.03,$0.00,$0.00,$0.00,,$0.00,$0.00,$0.00,$0.00,$0.00,$0.00,$0.00
7664071471261663245,bjpaulin2,0,0,0,5,,,,,1,1,1,1,,,,,-1,-1,-1,-1,,,,,0,0,0,0,0,0,0,,$0.00,$0.00,$0.00,$0.02,$0.00,$0.00,$0.00,,$0.00,$0.00,$0.00,$0.00,$0.00,$0.00,$0.00
7664071471261728781,hubixbabi,0,258,0,0,,,,,1,1,1,1,,,,,-1,-1,-1,-1,,,,,0,0,0,0,0,0,0,,$0.00,$1.16,$0.00,$0.00,$0.00,$0.00,$0.00,,$0.00,$0.00,$0.00,$0.00,$0.00,$0.00,$0.00
7664225152099434510,aubrynmusic,"80,898","728,684","257,115",994,,,,,1,5,3,1,,,,,-1,2,2,0,,,,,"35,000","70,000","37,000",0,0,0,0,,$364.04,"$3,279.08","$1,157.02",$4.47,$0.00,$0.00,$0.00,,$0.00,$0.00,$0.00,$0.00,$0.00,$0.00,$0.00
7664294939555315726,nadyain_la,0,0,1,3,,,,,1,1,1,1,,,,,-1,-1,-1,-1,,,,,0,0,0,0,0,0,0,,$0.00,$0.00,$0.00,$0.01,$0.00,$0.00,$0.00,,$0.00,$0.00,$0.00,$0.00,$0.00,$0.00,$0.00
7664309942203138062,noodlegir1,0,1,"1,060","6,882",,,,,1,1,1,1,,,,,-1,-1,5,5,,,,,0,0,0,0,0,0,0,,$0.00,$0.00,$4.77,$30.97,$0.00,$0.00,$0.00,,$0.00,$0.00,$0.00,$0.00,$0.00,$0.00,$0.00
7665063954653167629,ridhvxn,0,0,0,318,,,,,1,1,1,1,,,,,-1,-1,-1,-1,,,,,0,0,0,0,0,0,0,,$0.00,$0.00,$0.00,$1.43,$0.00,$0.00,$0.00,,$0.00,$0.00,$0.00,$0.00,$0.00,$0.00,$0.00
7665058372747640846,#N/A,,,0,1,,,,,,,1,1,,,,,,,-1,-1,,,,,0,0,0,0,0,0,0,,$0.00,$0.00,$0.00,$0.00,$0.00,$0.00,$0.00,,,$0.00,$0.00,$0.00,$0.00,$0.00,$0.00
7665037357791330318,hollyann_99,396,909,189,0,,,,,1,1,1,1,,,,,-1,-1,-1,-1,,,,,0,0,0,0,0,0,0,,$1.78,$4.09,$0.85,$0.00,$0.00,$0.00,$0.00,,$0.00,$0.00,$0.00,$0.00,$0.00,$0.00,$0.00
7665099266112864270,skyuhky,0,0,0,0,,,,,1,1,1,1,,,,,-1,-1,-1,-1,,,,,0,0,0,0,0,0,0,,$0.00,$0.00,$0.00,$0.00,$0.00,$0.00,$0.00,,$0.00,$0.00,$0.00,$0.00,$0.00,$0.00,$0.00
7665234389651210253,casttattoos,370,6,163,28,,,,,1,1,1,1,,,,,-1,-1,0,-1,,,,,0,0,0,0,0,0,0,,$1.67,$0.03,$0.73,$0.13,$0.00,$0.00,$0.00,,$0.00,$0.00,$0.00,$0.00,$0.00,$0.00,$0.00
7665216999102103566,xydice02,0,0,0,220,,,,,1,1,1,1,,,,,-1,-1,-1,4,,,,,0,0,0,0,0,0,0,,$0.00,$0.00,$0.00,$0.99,$0.00,$0.00,$0.00,,$0.00,$0.00,$0.00,$0.00,$0.00,$0.00,$0.00
7665169734207488013,distractidad,"2,022","6,528",687,347,,,,,1,1,1,1,,,,,-1,0,1,1,,,,,0,"4,000",0,0,0,0,0,,$9.10,$29.38,$3.09,$1.56,$0.00,$0.00,$0.00,,$0.00,$0.00,$0.00,$0.00,$0.00,$0.00,$0.00
7665253736121647117,gabysihna,2,127,"1,589","2,568",,,,,1,1,1,1,,,,,-1,-1,-1,1,,,,,0,0,0,0,0,0,0,,$0.01,$0.57,$7.15,$11.56,$0.00,$0.00,$0.00,,$0.00,$0.00,$0.00,$0.00,$0.00,$0.00,$0.00
7665242841337282573,lil.man.who.can,0,0,0,309,,,,,1,1,1,1,,,,,-1,-1,-1,-1,,,,,0,0,0,0,0,0,0,,$0.00,$0.00,$0.00,$1.39,$0.00,$0.00,$0.00,,$0.00,$0.00,$0.00,$0.00,$0.00,$0.00,$0.00
7662543771376041998,dalii.marii,0,"34,578","37,714",589,,,,,1,1,1,1,,,,,-1,1,2,1,,,,,0,"16,000","16,000",0,0,0,0,,$0.00,$155.60,$169.71,$2.65,$0.00,$0.00,$0.00,,$0.00,$0.00,$0.00,$0.00,$0.00,$0.00,$0.00
7665423383026483214,krux.r4c,0,0,0,0,,,,,1,1,1,1,,,,,-1,-1,-1,-1,,,,,0,0,0,0,0,0,0,,$0.00,$0.00,$0.00,$0.00,$0.00,$0.00,$0.00,,$0.00,$0.00,$0.00,$0.00,$0.00,$0.00,$0.00
7665491911989477390,perspectiveking92,0,95,152,100,,,,,1,1,1,1,,,,,-1,-1,0,0,,,,,0,0,0,0,0,0,0,,$0.00,$0.43,$0.68,$0.45,$0.00,$0.00,$0.00,,$0.00,$0.00,$0.00,$0.00,$0.00,$0.00,$0.00
7665402034912313357,gaby__leonn,0,50,0,0,,,,,1,1,1,1,,,,,-1,-1,-1,-1,,,,,0,0,0,0,0,0,0,,$0.00,$0.23,$0.00,$0.00,$0.00,$0.00,$0.00,,$0.00,$0.00,$0.00,$0.00,$0.00,$0.00,$0.00
7665697873975361550,katrielokojiemusic,0,0,0,0,,,,,1,1,1,1,,,,,-1,-1,-1,-1,,,,,0,0,0,0,0,0,0,,$0.00,$0.00,$0.00,$0.00,$0.00,$0.00,$0.00,,$0.00,$0.00,$0.00,$0.00,$0.00,$0.00,$0.00
7665667140518821902,dumb_n_poor,"1,330","32,919","4,892",0,,,,,1,1,1,1,,,,,-1,4,2,-1,,,,,0,0,0,0,0,0,0,,$5.99,$148.14,$22.01,$0.00,$0.00,$0.00,$0.00,,$0.00,$0.00,$0.00,$0.00,$0.00,$0.00,$0.00
7665629616530571277,jzt_kynedi,0,108,5,21,,,,,1,1,1,1,,,,,-1,1,-1,-1,,,,,0,0,0,0,0,0,0,,$0.00,$0.49,$0.02,$0.09,$0.00,$0.00,$0.00,,$0.00,$0.00,$0.00,$0.00,$0.00,$0.00,$0.00
7665860361819668494,renegadeharley,0,0,0,0,,,,,1,1,1,1,,,,,-1,-1,-1,-1,,,,,0,0,0,0,0,0,0,,$0.00,$0.00,$0.00,$0.00,$0.00,$0.00,$0.00,,$0.00,$0.00,$0.00,$0.00,$0.00,$0.00,$0.00
7444795550316183553,softsoundsxsamk,0,384,"25,265","5,673",,,,,1,1,1,1,,,,,-1,-1,0,-1,,,,,0,0,0,0,0,0,0,,$0.00,$1.73,$113.69,$25.53,$0.00,$0.00,$0.00,,$0.00,$0.00,$0.00,$0.00,$0.00,$0.00,$0.00
7665884180353597454,aidensettembrini,0,0,"7,984","3,785",,,,,1,1,1,1,,,,,-1,-1,1,0,,,,,0,0,0,0,0,0,0,,$0.00,$0.00,$35.93,$17.03,$0.00,$0.00,$0.00,,$0.00,$0.00,$0.00,$0.00,$0.00,$0.00,$0.00
7666169077278228494,kreme.one11,0,0,"2,015",228,,,,,1,1,1,1,,,,,-1,-1,-1,-1,,,,,0,0,0,0,0,0,0,,$0.00,$0.00,$9.07,$1.03,$0.00,$0.00,$0.00,,$0.00,$0.00,$0.00,$0.00,$0.00,$0.00,$0.00
7666297074119589902,mr.buick69,0,0,0,0,,,,,1,1,1,1,,,,,-1,-1,-1,-1,,,,,0,0,0,0,0,0,0,,$0.00,$0.00,$0.00,$0.00,$0.00,$0.00,$0.00,,$0.00,$0.00,$0.00,$0.00,$0.00,$0.00,$0.00
7666906020664590349,sydneynotsweeneys,1,0,0,0,,,,,1,1,1,1,,,,,-1,-1,-1,-1,,,,,0,0,0,0,0,0,0,,$0.00,$0.00,$0.00,$0.00,$0.00,$0.00,$0.00,,$0.00,$0.00,$0.00,$0.00,$0.00,$0.00,$0.00
7585380942278115342,taytortok,0,"1,550",349,0,,,,,1,1,1,1,,,,,-1,-1,-1,-1,,,,,0,0,0,0,0,0,0,,$0.00,$6.98,$1.57,$0.00,$0.00,$0.00,$0.00,,$0.00,$0.00,$0.00,$0.00,$0.00,$0.00,$0.00
7666609633879932942,jomsei_live,0,0,105,0,,,,,1,1,1,1,,,,,-1,0,2,1,,,,,0,0,0,0,0,0,0,,$0.00,$0.00,$0.47,$0.00,$0.00,$0.00,$0.00,,$0.00,$0.00,$0.00,$0.00,$0.00,$0.00,$0.00
7667150973462396941,#N/A,,,,101,,,,,,,,1,,,,,,,,-1,,,,,0,0,0,0,0,0,0,,$0.00,$0.00,$0.00,$0.45,$0.00,$0.00,$0.00,,,$0.00,$0.00,$0.00,$0.00,$0.00,$0.00
7667249858344042509,iyalay14,1,644,"2,763",3,,,,,1,1,1,1,,,,,-1,-1,1,1,,,,,0,0,0,0,0,0,0,,$0.00,$2.90,$12.43,$0.01,$0.00,$0.00,$0.00,,$0.00,$0.00,$0.00,$0.00,$0.00,$0.00,$0.00
7667263693583040526,erin.milton94,0,0,13,0,,,,,1,1,1,1,,,,,-1,-1,-1,-1,,,,,0,0,0,0,0,0,0,,$0.00,$0.00,$0.06,$0.00,$0.00,$0.00,$0.00,,$0.00,$0.00,$0.00,$0.00,$0.00,$0.00,$0.00
7667349513107062798,dfwroofadvisor,0,0,"12,123","1,507",,,,,1,1,1,1,,,,,-1,-1,0,2,,,,,0,0,"8,000",0,0,0,0,,$0.00,$0.00,$54.55,$6.78,$0.00,$0.00,$0.00,,$0.00,$0.00,$0.00,$0.00,$0.00,$0.00,$0.00
7667301385758818318,kylegosse0,0,0,216,72,,,,,1,1,1,1,,,,,-1,-1,-1,2,,,,,0,0,0,0,0,0,0,,$0.00,$0.00,$0.97,$0.32,$0.00,$0.00,$0.00,,$0.00,$0.00,$0.00,$0.00,$0.00,$0.00,$0.00
7667333810735923214,5mkyro,0,20,220,210,,,,,1,1,1,1,,,,,-1,-1,-1,-1,,,,,0,0,0,0,0,0,0,,$0.00,$0.09,$0.99,$0.95,$0.00,$0.00,$0.00,,$0.00,$0.00,$0.00,$0.00,$0.00,$0.00,$0.00
7667361898509123597,delmore_tn,0,0,0,0,,,,,1,1,1,1,,,,,-1,-1,-1,-1,,,,,0,0,0,0,0,0,0,,$0.00,$0.00,$0.00,$0.00,$0.00,$0.00,$0.00,,$0.00,$0.00,$0.00,$0.00,$0.00,$0.00,$0.00
7667361937025417230,w4veride,759,142,"15,955",0,,,,,1,1,1,1,,,,,-1,-1,1,0,,,,,0,0,0,0,0,0,0,,$3.42,$0.64,$71.80,$0.00,$0.00,$0.00,$0.00,,$0.00,$0.00,$0.00,$0.00,$0.00,$0.00,$0.00
7667361874769592334,ayaqwrz,0,0,"1,765",882,,,,,1,1,1,1,,,,,-1,-1,2,3,,,,,0,0,0,0,0,0,0,,$0.00,$0.00,$7.94,$3.97,$0.00,$0.00,$0.00,,$0.00,$0.00,$0.00,$0.00,$0.00,$0.00,$0.00
7667394415249571853,444_jaylee,0,0,0,0,,,,,1,1,1,1,,,,,-1,-1,-1,-1,,,,,0,0,0,0,0,0,0,,$0.00,$0.00,$0.00,$0.00,$0.00,$0.00,$0.00,,$0.00,$0.00,$0.00,$0.00,$0.00,$0.00,$0.00
7543922067884916791,ella0shhh,72,"5,491","5,520",36,,,,,1,1,1,1,,,,,-1,2,3,1,,,,,0,0,0,0,0,0,0,,$0.32,$24.71,$24.84,$0.16,$0.00,$0.00,$0.00,,$0.00,$0.00,$0.00,$0.00,$0.00,$0.00,$0.00
7667361942322954253,#N/A,,,,769,,,,,,,,1,,,,,,,,2,,,,,0,0,0,0,0,0,0,,$0.00,$0.00,$0.00,$3.46,$0.00,$0.00,$0.00,,,$0.00,$0.00,$0.00,$0.00,$0.00,$0.00
7667675205682085901,gigioncamera,509,"2,995",399,0,,,,,1,1,1,1,,,,,-1,2,-1,-1,,,,,0,0,0,0,0,0,0,,$2.29,$13.48,$1.80,$0.00,$0.00,$0.00,$0.00,,$0.00,$0.00,$0.00,$0.00,$0.00,$0.00,$0.00
7667781475709796365,chadbeloin,0,3,0,0,,,,,1,1,1,1,,,,,-1,-1,-1,1,,,,,0,0,0,0,0,0,0,,$0.00,$0.01,$0.00,$0.00,$0.00,$0.00,$0.00,,$0.00,$0.00,$0.00,$0.00,$0.00,$0.00,$0.00
7667797802566828045,v00icstudios,0,0,0,0,,,,,1,1,1,1,,,,,-1,-1,-1,-1,,,,,0,0,0,0,0,0,0,,$0.00,$0.00,$0.00,$0.00,$0.00,$0.00,$0.00,,$0.00,$0.00,$0.00,$0.00,$0.00,$0.00,$0.00
7667957564969173006,trayeats,0,"4,842",665,"22,389",,,,,1,1,1,1,,,,,-1,-1,-1,4,,,,,0,0,0,0,0,0,0,,$0.00,$21.79,$2.99,$100.75,$0.00,$0.00,$0.00,,$0.00,$0.00,$0.00,$0.00,$0.00,$0.00,$0.00
7667732996388306958,feecksr,0,0,1,0,,,,,1,1,1,1,,,,,-1,-1,-1,-1,,,,,0,0,0,0,0,0,0,,$0.00,$0.00,$0.00,$0.00,$0.00,$0.00,$0.00,,$0.00,$0.00,$0.00,$0.00,$0.00,$0.00,$0.00
7668013970632196109,notparissimone,0,0,38,0,,,,,1,1,1,1,,,,,-1,-1,-1,-1,,,,,0,0,0,0,0,0,0,,$0.00,$0.00,$0.17,$0.00,$0.00,$0.00,$0.00,,$0.00,$0.00,$0.00,$0.00,$0.00,$0.00,$0.00
7668014073962905614,#N/A,,,,0,,,,,,,,1,,,,,,,,3,,,,,0,0,0,0,0,0,0,,$0.00,$0.00,$0.00,$0.00,$0.00,$0.00,$0.00,,,$0.00,$0.00,$0.00,$0.00,$0.00,$0.00
7668068546567487502,larissalafond8,0,,15,0,,,,,1,,1,1,,,,,-1,,-1,-1,,,,,0,0,0,0,0,0,0,,$0.00,$0.00,$0.07,$0.00,$0.00,$0.00,$0.00,,$0.00,$0.00,$0.00,$0.00,$0.00,$0.00,$0.00
7668453015346659342,_yagirltk,0,0,4,0,,,,,1,1,1,1,,,,,-1,-1,-1,-1,,,,,0,0,0,0,0,0,0,,$0.00,$0.00,$0.02,$0.00,$0.00,$0.00,$0.00,,$0.00,$0.00,$0.00,$0.00,$0.00,$0.00,$0.00
7411076725553201169,#N/A,,,44,0,,,,,,,1,1,,,,,,,-1,-1,,,,,0,0,0,0,0,0,0,,$0.00,$0.00,$0.20,$0.00,$0.00,$0.00,$0.00,,,$0.00,$0.00,$0.00,$0.00,$0.00,$0.00
7668475215005040653,tobyrfox,0,132,275,0,,,,,1,1,1,1,,,,,-1,-1,-1,-1,,,,,0,0,0,0,0,0,0,,$0.00,$0.59,$1.24,$0.00,$0.00,$0.00,$0.00,,$0.00,$0.00,$0.00,$0.00,$0.00,$0.00,$0.00
7665471750477463565,lovenddrgs,14,883,"5,750",28,,,,,1,1,1,1,,,,,-1,3,2,5,,,,,0,0,0,0,0,0,0,,$0.06,$3.97,$25.88,$0.13,$0.00,$0.00,$0.00,,$0.00,$0.00,$0.00,$0.00,$0.00,$0.00,$0.00
7668480875239325709,noslengcdn,1,19,158,0,,,,,1,1,1,1,,,,,-1,3,4,1,,,,,0,0,0,0,0,0,0,,$0.00,$0.09,$0.71,$0.00,$0.00,$0.00,$0.00,,$0.00,$0.00,$0.00,$0.00,$0.00,$0.00,$0.00
7668527129616990222,therebelnamedkayne,0,1,0,1,,,,,1,1,1,1,,,,,-1,-1,-1,-1,,,,,0,0,0,0,0,0,0,,$0.00,$0.00,$0.00,$0.00,$0.00,$0.00,$0.00,,$0.00,$0.00,$0.00,$0.00,$0.00,$0.00,$0.00
7668819519384666125,tiana_locs,0,0,0,0,,,,,1,1,1,1,,,,,-1,-1,-1,-1,,,,,0,0,0,0,0,0,0,,$0.00,$0.00,$0.00,$0.00,$0.00,$0.00,$0.00,,$0.00,$0.00,$0.00,$0.00,$0.00,$0.00,$0.00
7670359455988498445,imadbutalsohappy,0,0,244,,,,,,1,1,1,,,,,,-1,-1,1,,,,,,0,0,0,0,0,0,0,,$0.00,$0.00,$1.10,$0.00,$0.00,$0.00,$0.00,,$0.00,$0.00,$0.00,$0.00,$0.00,$0.00,$0.00
7670344301569949709,alex_theinvestor,0,0,0,,,,,,1,1,1,,,,,,-1,-1,-1,,,,,,0,0,0,0,0,0,0,,$0.00,$0.00,$0.00,$0.00,$0.00,$0.00,$0.00,,$0.00,$0.00,$0.00,$0.00,$0.00,$0.00,$0.00
7670473323134042125,soymicky.oficial,0,0,68,,,,,,1,1,1,,,,,,-1,-1,-1,,,,,,0,0,0,0,0,0,0,,$0.00,$0.00,$0.31,$0.00,$0.00,$0.00,$0.00,,$0.00,$0.00,$0.00,$0.00,$0.00,$0.00,$0.00
7482600487326547985,cavaliercoons,10,440,286,,,,,,1,1,1,,,,,,-1,-1,-1,,,,,,0,0,0,0,0,0,0,,$0.05,$1.98,$1.29,$0.00,$0.00,$0.00,$0.00,,$0.00,$0.00,$0.00,$0.00,$0.00,$0.00,$0.00
7669710411817664526,leo...vher,0,0,0,,,,,,1,1,1,,,,,,-1,-1,-1,,,,,,0,0,0,0,0,0,0,,$0.00,$0.00,$0.00,$0.00,$0.00,$0.00,$0.00,,$0.00,$0.00,$0.00,$0.00,$0.00,$0.00,$0.00
7499449241077678081,paulinna.vibes,"1,398","47,224","34,279",,,,,,1,1,1,,,,,,-1,2,2,,,,,,0,"25,000","14,000",0,0,0,0,,$6.29,$212.51,$154.26,$0.00,$0.00,$0.00,$0.00,,$0.00,$0.00,$0.00,$0.00,$0.00,$0.00,$0.00
7667088593101340685,sonder_ing,0,0,"5,269",,,,,,1,1,1,,,,,,-1,-1,-1,,,,,,0,0,0,0,0,0,0,,$0.00,$0.00,$23.71,$0.00,$0.00,$0.00,$0.00,,$0.00,$0.00,$0.00,$0.00,$0.00,$0.00,$0.00
7670208989254303758,artistz93,"1,159","89,493","79,882",,,,,,1,1,1,,,,,,-1,2,3,,,,,,0,"2,000","12,000",0,0,0,0,,$5.22,$402.72,$359.47,$0.00,$0.00,$0.00,$0.00,,$0.00,$0.00,$0.00,$0.00,$0.00,$0.00,$0.00
7359136343542300677,mrcameronjarel,0,0,0,,,,,,1,1,1,,,,,,-1,-1,-1,,,,,,0,0,0,0,0,0,0,,$0.00,$0.00,$0.00,$0.00,$0.00,$0.00,$0.00,,$0.00,$0.00,$0.00,$0.00,$0.00,$0.00,$0.00
7670747149340196877,koltqt,0,"1,118","3,011",,,,,,1,1,1,,,,,,-1,-1,3,,,,,,0,0,0,0,0,0,0,,$0.00,$5.03,$13.55,$0.00,$0.00,$0.00,$0.00,,$0.00,$0.00,$0.00,$0.00,$0.00,$0.00,$0.00
7670705854538235918,urleastfav.libra,0,0,11,,,,,,1,1,1,,,,,,-1,-1,-1,,,,,,0,0,0,0,0,0,0,,$0.00,$0.00,$0.05,$0.00,$0.00,$0.00,$0.00,,$0.00,$0.00,$0.00,$0.00,$0.00,$0.00,$0.00
7670693273740165133,natalie.douglas762,"3,502","62,713","73,546",,,,,,1,1,1,,,,,,-1,4,3,,,,,,0,0,0,0,0,0,0,,$15.76,$282.21,$330.96,$0.00,$0.00,$0.00,$0.00,,$0.00,$0.00,$0.00,$0.00,$0.00,$0.00,$0.00
7670616097422458893,prettiestgirlon.theplane,0,265,18,,,,,,1,1,1,,,,,,-1,-1,-1,,,,,,0,0,0,0,0,0,0,,$0.00,$1.19,$0.08,$0.00,$0.00,$0.00,$0.00,,$0.00,$0.00,$0.00,$0.00,$0.00,$0.00,$0.00
7561842881749893134,bunny2658,0,0,1,6,177,14,21,,1,1,1,1,1,1,1,,-1,-1,-1,-1,-1,-1,-1,,0,0,0,0,0,0,0,,$0.00,$0.00,$0.00,$0.03,$0.80,$0.06,$0.09,,$0.00,$0.00,$0.00,$0.00,$0.00,$0.00,$0.00
7359136478431019013,ifwithnayeli,251,"6,086",219,,,,,,1,1,1,,,,,,-1,-1,-1,,,,,,0,0,0,0,0,0,0,,$1.13,$27.39,$0.99,$0.00,$0.00,$0.00,$0.00,,$0.00,$0.00,$0.00,$0.00,$0.00,$0.00,$0.00
7670640766523326478,0impulsecontrol_,0,0,251,,,,,,1,1,1,,,,,,-1,-1,-1,,,,,,0,0,0,0,0,0,0,,$0.00,$0.00,$1.13,$0.00,$0.00,$0.00,$0.00,,$0.00,$0.00,$0.00,$0.00,$0.00,$0.00,$0.00
7670993368557797389,cherrises3,0,53,52,,,,,,1,1,1,,,,,,-1,-1,-1,,,,,,0,0,0,0,0,0,0,,$0.00,$0.24,$0.23,$0.00,$0.00,$0.00,$0.00,,$0.00,$0.00,$0.00,$0.00,$0.00,$0.00,$0.00
7671062312182300686,#N/A,,,,,,,,,,,,,,,,,,,,,,,,,0,0,0,0,0,0,0,,$0.00,$0.00,$0.00,$0.00,$0.00,$0.00,$0.00,,,$0.00,$0.00,$0.00,$0.00,$0.00,$0.00
7359135814745391109,tha_dripp_phamily,"29,688","4,289","19,002","177,939","110,987","115,867","187,997",,1,1,1,2,2,2,2,,-1,-1,-1,1,1,2,0,,0,0,0,0,0,0,0,,$133.60,$19.30,$85.51,$800.73,$499.44,$521.40,$845.99,,$0.00,$0.00,$0.00,$0.00,$0.00,$0.00,$0.00
7671370956367183886,simple.pak,"7,503","36,462","26,585",,,,,,1,1,1,,,,,,-1,3,4,,,,,,0,"7,000","3,000",0,0,0,0,,$33.76,$164.08,$119.63,$0.00,$0.00,$0.00,$0.00,,$0.00,$0.00,$0.00,$0.00,$0.00,$0.00,$0.00
7387268256991657985,,,,"3,210",,"76,010","374,243","474,747",,,,1,,1,4,4,,,,-1,,4,5,5,,0,0,0,0,0,0,0,,$0.00,$0.00,$14.45,$0.00,$342.05,"$1,684.09","$2,136.36",,,$0.00,$0.00,$0.00,$0.00,$0.00,$0.00
7671655139291381774,yelizwalkerr,133,123,0,,,,,,1,1,1,,,,,,-1,-1,-1,,,,,,0,0,0,0,0,0,0,,$0.60,$0.55,$0.00,$0.00,$0.00,$0.00,$0.00,,$0.00,$0.00,$0.00,$0.00,$0.00,$0.00,$0.00
7671327916726304782,#N/A,,,,,,,,,,,,,,,,,,,,,,,,,0,0,0,0,0,0,0,,$0.00,$0.00,$0.00,$0.00,$0.00,$0.00,$0.00,,,$0.00,$0.00,$0.00,$0.00,$0.00,$0.00
7671367177660055566,liverwurst_spammy,"3,614",19,154,,,,,,1,1,1,,,,,,-1,-1,-1,,,,,,0,0,0,0,0,0,0,,$16.26,$0.09,$0.69,$0.00,$0.00,$0.00,$0.00,,$0.00,$0.00,$0.00,$0.00,$0.00,$0.00,$0.00
7671857738321870862,sofia.cutie21,0,0,0,,,,,,1,1,1,,,,,,-1,-1,-1,,,,,,0,0,0,0,0,0,0,,$0.00,$0.00,$0.00,$0.00,$0.00,$0.00,$0.00,,$0.00,$0.00,$0.00,$0.00,$0.00,$0.00,$0.00
7672388591288336398,#N/A,,,,,,,,,,,,,,,,,,,,,,,,,0,0,0,0,0,0,0,,$0.00,$0.00,$0.00,$0.00,$0.00,$0.00,$0.00,,,$0.00,$0.00,$0.00,$0.00,$0.00,$0.00
7515588559571582993,#N/A,,,19,,,,,,,,1,,,,,,,,3,,,,,,0,0,0,0,0,0,0,,$0.00,$0.00,$0.09,$0.00,$0.00,$0.00,$0.00,,,$0.00,$0.00,$0.00,$0.00,$0.00,$0.00
7672537930375938062,#N/A,,,,,,,,,,,,,,,,,,,,,,,,,0,0,0,0,0,0,0,,$0.00,$0.00,$0.00,$0.00,$0.00,$0.00,$0.00,,,$0.00,$0.00,$0.00,$0.00,$0.00,$0.00
7672472358145540110,,,,86,,,,,,,,1,,,,,,,,1,,,,,,0,0,0,0,0,0,0,,$0.00,$0.00,$0.39,$0.00,$0.00,$0.00,$0.00,,,$0.00,$0.00,$0.00,$0.00,$0.00,$0.00
7672652964947017741,toocooltoya,0,2,120,,,,,,1,1,1,,,,,,-1,-1,-1,,,,,,0,0,0,0,0,0,0,,$0.00,$0.01,$0.54,$0.00,$0.00,$0.00,$0.00,,$0.00,$0.00,$0.00,$0.00,$0.00,$0.00,$0.00
7672690536448409613,artbyanniemay,0,0,609,,,,,,1,1,1,,,,,,-1,-1,1,,,,,,0,0,0,0,0,0,0,,$0.00,$0.00,$2.74,$0.00,$0.00,$0.00,$0.00,,$0.00,$0.00,$0.00,$0.00,$0.00,$0.00,$0.00
7398692075157504001,yiangie_,1,12,3,,,,,,1,1,1,,,,,,-1,1,-1,,,,,,0,0,0,0,0,0,0,,$0.00,$0.05,$0.01,$0.00,$0.00,$0.00,$0.00,,$0.00,$0.00,$0.00,$0.00,$0.00,$0.00,$0.00
7672570392485281806,gobgiantcr_,0,0,"1,258",,,,,,1,1,1,,,,,,-1,-1,-1,,,,,,0,0,0,0,0,0,0,,$0.00,$0.00,$5.66,$0.00,$0.00,$0.00,$0.00,,$0.00,$0.00,$0.00,$0.00,$0.00,$0.00,$0.00
7672555885516013581,fearbonzi,2,36,375,,,,,,1,1,1,,,,,,-1,1,2,,,,,,0,0,0,0,0,0,0,,$0.01,$0.16,$1.69,$0.00,$0.00,$0.00,$0.00,,$0.00,$0.00,$0.00,$0.00,$0.00,$0.00,$0.00
7359135232215384069,taboost.me,0,1,81,,,,,,1,1,1,,,,,,-1,-1,-1,,,,,,0,0,0,0,0,0,0,,$0.00,$0.00,$0.36,$0.00,$0.00,$0.00,$0.00,,$0.00,$0.00,$0.00,$0.00,$0.00,$0.00,$0.00
7672824551893614606,kristinesbndra,0,0,,,,,,,1,1,,,,,,,-1,-1,,,,,,,0,0,0,0,0,0,0,,$0.00,$0.00,$0.00,$0.00,$0.00,$0.00,$0.00,,$0.00,$0.00,$0.00,$0.00,$0.00,$0.00,$0.00
7672832044233441294,niniechikita,0,512,"5,503",,,,,,1,1,1,,,,,,-1,-1,3,,,,,,0,0,0,0,0,0,0,,$0.00,$2.30,$24.76,$0.00,$0.00,$0.00,$0.00,,$0.00,$0.00,$0.00,$0.00,$0.00,$0.00,$0.00
7672825666471247885,#N/A,,,,,,,,,,,,,,,,,,,,,,,,,0,0,0,0,0,0,0,,$0.00,$0.00,$0.00,$0.00,$0.00,$0.00,$0.00,,,$0.00,$0.00,$0.00,$0.00,$0.00,$0.00
7672850076074786829,docteurlove,1,525,"1,120",,,,,,1,1,1,,,,,,-1,-1,1,,,,,,0,0,0,0,0,0,0,,$0.00,$2.36,$5.04,$0.00,$0.00,$0.00,$0.00,,$0.00,$0.00,$0.00,$0.00,$0.00,$0.00,$0.00
7672966095799795725,candy_de_favy,35,181,585,,,,,,1,1,1,,,,,,-1,-1,-1,,,,,,0,0,0,0,0,0,0,,$0.16,$0.81,$2.63,$0.00,$0.00,$0.00,$0.00,,$0.00,$0.00,$0.00,$0.00,$0.00,$0.00,$0.00
7673204088582029325,mrwisemanjoy,0,"4,474","1,162",,,,,,1,1,1,,,,,,-1,2,4,,,,,,0,0,0,0,0,0,0,,$0.00,$20.13,$5.23,$0.00,$0.00,$0.00,$0.00,,$0.00,$0.00,$0.00,$0.00,$0.00,$0.00,$0.00
7551882478378795063,jiuval_uvx,272,"2,698",943,,,,,,1,1,1,,,,,,-1,4,4,,,,,,0,0,0,0,0,0,0,,$1.22,$12.14,$4.24,$0.00,$0.00,$0.00,$0.00,,$0.00,$0.00,$0.00,$0.00,$0.00,$0.00,$0.00
7673211196576645134,bluffontt,0,0,0,,,,,,1,1,1,,,,,,-1,-1,-1,,,,,,0,0,0,0,0,0,0,,$0.00,$0.00,$0.00,$0.00,$0.00,$0.00,$0.00,,$0.00,$0.00,$0.00,$0.00,$0.00,$0.00,$0.00
7673192747011981326,mxrissa___,0,0,0,,,,,,1,1,1,,,,,,-1,-1,-1,,,,,,0,0,0,0,0,0,0,,$0.00,$0.00,$0.00,$0.00,$0.00,$0.00,$0.00,,$0.00,$0.00,$0.00,$0.00,$0.00,$0.00,$0.00
7673363118487027725,mikeandvi7,0,0,0,,,,,,1,1,1,,,,,,-1,-1,-1,,,,,,0,0,0,0,0,0,0,,$0.00,$0.00,$0.00,$0.00,$0.00,$0.00,$0.00,,$0.00,$0.00,$0.00,$0.00,$0.00,$0.00,$0.00
7673301511715471374,,,,622,,,,,,,,1,,,,,,,,-1,,,,,,0,0,0,0,0,0,0,,$0.00,$0.00,$2.80,$0.00,$0.00,$0.00,$0.00,,,$0.00,$0.00,$0.00,$0.00,$0.00,$0.00
7673764150308388877,#N/A,,,"7,836",,,,,,,,1,,,,,,,,5,,,,,,0,0,0,0,0,0,0,,$0.00,$0.00,$35.26,$0.00,$0.00,$0.00,$0.00,,,$0.00,$0.00,$0.00,$0.00,$0.00,$0.00
7673843675218231310,chef_dave83,0,1,22,,,,,,1,1,1,,,,,,-1,-1,-1,,,,,,0,0,0,0,0,0,0,,$0.00,$0.00,$0.10,$0.00,$0.00,$0.00,$0.00,,$0.00,$0.00,$0.00,$0.00,$0.00,$0.00,$0.00
7673654031671246862,lilykudzro,17,277,138,,,,,,1,1,1,,,,,,-1,1,1,,,,,,0,0,0,0,0,0,0,,$0.08,$1.25,$0.62,$0.00,$0.00,$0.00,$0.00,,$0.00,$0.00,$0.00,$0.00,$0.00,$0.00,$0.00
7673710920635301901,6i4_m,0,0,0,,,,,,1,1,1,,,,,,-1,-1,-1,,,,,,0,0,0,0,0,0,0,,$0.00,$0.00,$0.00,$0.00,$0.00,$0.00,$0.00,,$0.00,$0.00,$0.00,$0.00,$0.00,$0.00,$0.00
7673910867271925774,djalianne,0,0,270,,,,,,1,1,1,,,,,,-1,-1,-1,,,,,,0,0,0,0,0,0,0,,$0.00,$0.00,$1.22,$0.00,$0.00,$0.00,$0.00,,$0.00,$0.00,$0.00,$0.00,$0.00,$0.00,$0.00
7674363522479603725,cowabungadude28,0,294,130,,,,,,1,1,1,,,,,,-1,2,2,,,,,,0,0,0,0,0,0,0,,$0.00,$1.32,$0.59,$0.00,$0.00,$0.00,$0.00,,$0.00,$0.00,$0.00,$0.00,$0.00,$0.00,$0.00
7674726985771401229,jimmymbennett,0,0,0,,,,,,1,1,1,,,,,,-1,-1,-1,,,,,,0,0,0,0,0,0,0,,$0.00,$0.00,$0.00,$0.00,$0.00,$0.00,$0.00,,$0.00,$0.00,$0.00,$0.00,$0.00,$0.00,$0.00
7675298583641341966,shamarclarke1997,1,10,17,,,,,,1,1,1,,,,,,-1,-1,-1,,,,,,0,0,0,0,0,0,0,,$0.00,$0.05,$0.08,$0.00,$0.00,$0.00,$0.00,,$0.00,$0.00,$0.00,$0.00,$0.00,$0.00,$0.00
7675153008413622286,vaeahh__,0,"1,047",512,,,,,,1,1,1,,,,,,-1,-1,-1,,,,,,0,0,0,0,0,0,0,,$0.00,$4.71,$2.30,$0.00,$0.00,$0.00,$0.00,,$0.00,$0.00,$0.00,$0.00,$0.00,$0.00,$0.00
7675845589342371853,saifibakes,0,164,688,,,,,,1,1,1,,,,,,-1,-1,-1,,,,,,0,0,0,0,0,0,0,,$0.00,$0.74,$3.10,$0.00,$0.00,$0.00,$0.00,,$0.00,$0.00,$0.00,$0.00,$0.00,$0.00,$0.00
7675793581382189069,mike.winson,"56,258","316,590","40,000",,,,,,1,4,1,,,,,,-1,5,3,,,,,,"35,000","36,000",0,0,0,0,0,,$253.16,"$1,424.66",$180.00,$0.00,$0.00,$0.00,$0.00,,$0.00,$0.00,$0.00,$0.00,$0.00,$0.00,$0.00
7675563475711868941,kentay97,0,193,1,,,,,,1,1,1,,,,,,-1,-1,-1,,,,,,0,0,0,0,0,0,0,,$0.00,$0.87,$0.00,$0.00,$0.00,$0.00,$0.00,,$0.00,$0.00,$0.00,$0.00,$0.00,$0.00,$0.00
7588250564161552398,simplyaarontktok,"80,901","334,096","25,331",,,,,,1,4,1,,,,,,-1,5,4,,,,,,"35,000","80,000",0,0,0,0,0,,$364.05,"$1,503.43",$113.99,$0.00,$0.00,$0.00,$0.00,,$0.00,$0.00,$0.00,$0.00,$0.00,$0.00,$0.00
7540826259035799565,#N/A,,,,,,,,,,,,,,,,,,,,,,,,,0,0,0,0,0,0,0,,$0.00,$0.00,$0.00,$0.00,$0.00,$0.00,$0.00,,,$0.00,$0.00,$0.00,$0.00,$0.00,$0.00
7359137045358510085,reena.baby.kay,600,"2,236","1,402",,,,,,1,1,1,,,,,,-1,1,-1,,,,,,0,0,0,0,0,0,0,,$2.70,$10.06,$6.31,$0.00,$0.00,$0.00,$0.00,,$0.00,$0.00,$0.00,$0.00,$0.00,$0.00,$0.00
7675937222612402189,smartmoufkeke,3,"2,441",48,,,,,,1,1,1,,,,,,-1,-1,-1,,,,,,0,0,0,0,0,0,0,,$0.01,$10.98,$0.22,$0.00,$0.00,$0.00,$0.00,,$0.00,$0.00,$0.00,$0.00,$0.00,$0.00,$0.00
7675895559110279182,#N/A,,,,,,,,,,,,,,,,,,,,,,,,,0,0,0,0,0,0,0,,$0.00,$0.00,$0.00,$0.00,$0.00,$0.00,$0.00,,,$0.00,$0.00,$0.00,$0.00,$0.00,$0.00
7676090124911788046,#N/A,,,"9,282",,,,,,,,1,,,,,,,,0,,,,,,0,0,0,0,0,0,0,,$0.00,$0.00,$41.77,$0.00,$0.00,$0.00,$0.00,,,$0.00,$0.00,$0.00,$0.00,$0.00,$0.00
7676267931134738446,kenzbraums,"2,771","15,874","12,476",,,,,,1,1,1,,,,,,-1,5,5,,,,,,0,0,0,0,0,0,0,,$12.47,$71.43,$56.14,$0.00,$0.00,$0.00,$0.00,,$0.00,$0.00,$0.00,$0.00,$0.00,$0.00,$0.00
7676267936650248205,slothalicious_,0,"1,103",786,,,,,,1,1,1,,,,,,-1,-1,1,,,,,,0,0,0,0,0,0,0,,$0.00,$4.96,$3.54,$0.00,$0.00,$0.00,$0.00,,$0.00,$0.00,$0.00,$0.00,$0.00,$0.00,$0.00
7676267944506048526,mooremoneyishere,0,8,3,,,,,,1,1,1,,,,,,-1,-1,-1,,,,,,0,0,0,0,0,0,0,,$0.00,$0.04,$0.01,$0.00,$0.00,$0.00,$0.00,,$0.00,$0.00,$0.00,$0.00,$0.00,$0.00,$0.00
7676267934062264334,shestoothfairy,"3,345","50,284","20,737",,,,,,1,1,1,,,,,,-1,5,5,,,,,,0,0,0,0,0,0,0,,$15.05,$226.28,$93.32,$0.00,$0.00,$0.00,$0.00,,$0.00,$0.00,$0.00,$0.00,$0.00,$0.00,$0.00
7673933049645776910,elitegamer19930,604,"31,639","12,495",,,,,,1,1,1,,,,,,-1,5,4,,,,,,0,"8,000",0,0,0,0,0,,$2.72,$142.38,$56.23,$0.00,$0.00,$0.00,$0.00,,$0.00,$0.00,$0.00,$0.00,$0.00,$0.00,$0.00
7553964596676214797,stanscoroner,0,0,0,,,,,,1,1,1,,,,,,-1,-1,-1,,,,,,0,0,0,0,0,0,0,,$0.00,$0.00,$0.00,$0.00,$0.00,$0.00,$0.00,,$0.00,$0.00,$0.00,$0.00,$0.00,$0.00,$0.00
7673993113815269390,gamingvibes0101,0,0,63,,,,,,1,1,1,,,,,,-1,1,2,,,,,,0,0,0,0,0,0,0,,$0.00,$0.00,$0.28,$0.00,$0.00,$0.00,$0.00,,$0.00,$0.00,$0.00,$0.00,$0.00,$0.00,$0.00
7674032992909737997,00.00.00.5150,0,0,674,,,,,,1,1,1,,,,,,-1,-1,-1,,,,,,0,0,0,0,0,0,0,,$0.00,$0.00,$3.03,$0.00,$0.00,$0.00,$0.00,,$0.00,$0.00,$0.00,$0.00,$0.00,$0.00,$0.00
7674041494650601485,prettyrixhhbihh,0,0,300,,,,,,1,1,1,,,,,,-1,-1,-1,,,,,,0,0,0,0,0,0,0,,$0.00,$0.00,$1.35,$0.00,$0.00,$0.00,$0.00,,$0.00,$0.00,$0.00,$0.00,$0.00,$0.00,$0.00
7677751469734608910,tiotito007,0,1,0,,,,,,1,1,1,,,,,,-1,-1,-1,,,,,,0,0,0,0,0,0,0,,$0.00,$0.00,$0.00,$0.00,$0.00,$0.00,$0.00,,$0.00,$0.00,$0.00,$0.00,$0.00,$0.00,$0.00
7595647848469774349,man.cave.music5,37,"34,603","17,011",,,,,,1,1,1,,,,,,-1,1,2,,,,,,0,"12,000",0,0,0,0,0,,$0.17,$155.71,$76.55,$0.00,$0.00,$0.00,$0.00,,$0.00,$0.00,$0.00,$0.00,$0.00,$0.00,$0.00
7359136027271004165,onfolokeblogs,0,1,0,,,,,,1,1,1,,,,,,-1,-1,-1,,,,,,0,0,0,0,0,0,0,,$0.00,$0.00,$0.00,$0.00,$0.00,$0.00,$0.00,,$0.00,$0.00,$0.00,$0.00,$0.00,$0.00,$0.00
7567782370775056398,gciministries,166,"1,305",272,,,,,,1,1,1,,,,,,-1,0,-1,,,,,,0,0,0,0,0,0,0,,$0.75,$5.87,$1.22,$0.00,$0.00,$0.00,$0.00,,$0.00,$0.00,$0.00,$0.00,$0.00,$0.00,$0.00
7678900931613900814,yfw_precii,0,25,457,,,,,,1,1,1,,,,,,-1,-1,-1,,,,,,0,0,0,0,0,0,0,,$0.00,$0.11,$2.06,$0.00,$0.00,$0.00,$0.00,,$0.00,$0.00,$0.00,$0.00,$0.00,$0.00,$0.00
7680088477328982029,mia.bellow,663,"22,944",0,,,,,,1,1,1,,,,,,-1,3,-1,,,,,,0,0,0,0,0,0,0,,$2.98,$103.25,$0.00,$0.00,$0.00,$0.00,$0.00,,$0.00,$0.00,$0.00,$0.00,$0.00,$0.00,$0.00
7680350081287045134,comedykushplanet,34,"21,484",,,,,,,1,1,,,,,,,-1,4,,,,,,,0,"5,000",0,0,0,0,0,,$0.15,$96.68,$0.00,$0.00,$0.00,$0.00,$0.00,,$0.00,$0.00,$0.00,$0.00,$0.00,$0.00,$0.00
7680359994688028686,jayjay8212,0,369,,,,,,,1,1,,,,,,,-1,-1,,,,,,,0,0,0,0,0,0,0,,$0.00,$1.66,$0.00,$0.00,$0.00,$0.00,$0.00,,$0.00,$0.00,$0.00,$0.00,$0.00,$0.00,$0.00
7669296518402359310,giseletravels,"1,469","68,717",,,,,,,1,1,,,,,,,-1,2,,,,,,,0,"3,000",0,0,0,0,0,,$6.61,$309.23,$0.00,$0.00,$0.00,$0.00,$0.00,,$0.00,$0.00,$0.00,$0.00,$0.00,$0.00,$0.00
7677008314332626957,caseyjean000,0,"51,357",3,,,,,,1,1,1,,,,,,-1,2,-1,,,,,,0,"9,000",0,0,0,0,0,,$0.00,$231.11,$0.01,$0.00,$0.00,$0.00,$0.00,,$0.00,$0.00,$0.00,$0.00,$0.00,$0.00,$0.00
7551954483497123853,beautiful_crazy06,0,0,0,,,,,,1,1,1,,,,,,-1,-1,-1,,,,,,0,0,0,0,0,0,0,,$0.00,$0.00,$0.00,$0.00,$0.00,$0.00,$0.00,,$0.00,$0.00,$0.00,$0.00,$0.00,$0.00,$0.00
7680060045123469326,persephonoel,0,"11,606",0,,,,,,1,1,1,,,,,,-1,-1,-1,,,,,,0,0,0,0,0,0,0,,$0.00,$52.23,$0.00,$0.00,$0.00,$0.00,$0.00,,$0.00,$0.00,$0.00,$0.00,$0.00,$0.00,$0.00
7522641756970663937,#N/A,,,,,,,,,,,,,,,,,,,,,,,,,0,0,0,0,0,0,0,,$0.00,$0.00,$0.00,$0.00,$0.00,$0.00,$0.00,,,$0.00,$0.00,$0.00,$0.00,$0.00,$0.00
7511906308241653776,moti0n444,688,"21,519",,,,,,,1,1,,,,,,,-1,5,,,,,,,0,0,0,0,0,0,0,,$3.10,$96.84,$0.00,$0.00,$0.00,$0.00,$0.00,,$0.00,$0.00,$0.00,$0.00,$0.00,$0.00,$0.00
7445454453068546065,la_toxi.cat,"45,066","142,416",,,,,,,1,2,,,,,,,-1,5,,,,,,,0,"22,000",0,0,0,0,0,,$202.80,$640.87,$0.00,$0.00,$0.00,$0.00,$0.00,,$0.00,$0.00,$0.00,$0.00,$0.00,$0.00,$0.00
7680751031676026893,dresocrazy_,125,627,,,,,,,1,1,,,,,,,-1,-1,,,,,,,0,0,0,0,0,0,0,,$0.56,$2.82,$0.00,$0.00,$0.00,$0.00,$0.00,,$0.00,$0.00,$0.00,$0.00,$0.00,$0.00,$0.00
7459955725356400641,thelexavalentine,0,0,,,,,,,1,1,,,,,,,-1,-1,,,,,,,0,0,0,0,0,0,0,,$0.00,$0.00,$0.00,$0.00,$0.00,$0.00,$0.00,,$0.00,$0.00,$0.00,$0.00,$0.00,$0.00,$0.00
7680950906216726542,jacobmartinlive,284,"8,836",,,,,,,1,1,,,,,,,-1,1,,,,,,,0,"2,000",0,0,0,0,0,,$1.28,$39.76,$0.00,$0.00,$0.00,$0.00,$0.00,,$0.00,$0.00,$0.00,$0.00,$0.00,$0.00,$0.00
7680957870002913293,ogvaughnn,1,96,,,,,,,1,1,,,,,,,-1,4,,,,,,,0,0,0,0,0,0,0,,$0.00,$0.43,$0.00,$0.00,$0.00,$0.00,$0.00,,$0.00,$0.00,$0.00,$0.00,$0.00,$0.00,$0.00
7499272665858048017,vampiressrini,0,0,,,,,,,1,1,,,,,,,-1,-1,,,,,,,0,0,0,0,0,0,0,,$0.00,$0.00,$0.00,$0.00,$0.00,$0.00,$0.00,,$0.00,$0.00,$0.00,$0.00,$0.00,$0.00,$0.00
7681091556828495885,keepiiingupwithdakota,17,190,,,,,,,1,1,,,,,,,-1,-1,,,,,,,0,0,0,0,0,0,0,,$0.08,$0.86,$0.00,$0.00,$0.00,$0.00,$0.00,,$0.00,$0.00,$0.00,$0.00,$0.00,$0.00,$0.00
7681358555613544461,theloveloungetv_,0,0,,,,,,,1,1,,,,,,,-1,-1,,,,,,,0,0,0,0,0,0,0,,$0.00,$0.00,$0.00,$0.00,$0.00,$0.00,$0.00,,$0.00,$0.00,$0.00,$0.00,$0.00,$0.00,$0.00
7681463119620620302,therealchoc._,261,"14,292",,,,,,,1,1,,,,,,,-1,-1,,,,,,,0,0,0,0,0,0,0,,$1.17,$64.31,$0.00,$0.00,$0.00,$0.00,$0.00,,$0.00,$0.00,$0.00,$0.00,$0.00,$0.00,$0.00
7681460616841936909,#N/A,,,,,,,,,,,,,,,,,,,,,,,,,0,0,0,0,0,0,0,,$0.00,$0.00,$0.00,$0.00,$0.00,$0.00,$0.00,,,$0.00,$0.00,$0.00,$0.00,$0.00,$0.00
7359137468693872645,shedofficials,"7,306","43,839","64,444","9,481","67,521","58,363",,,1,1,1,1,1,1,,,-1,3,4,-1,5,4,,,0,0,0,0,0,0,0,,$32.88,$197.28,$290.00,$42.66,$303.84,$262.63,$0.00,,$0.00,$0.00,$0.00,$0.00,$0.00,$0.00,$0.00
7359134682556170245,smilinjacks69,0,"26,705",,"7,290","2,294","2,285","16,464",,1,1,,1,1,1,1,,-1,2,,-1,-1,-1,-1,,0,0,0,0,0,0,0,,$0.00,$120.17,$0.00,$32.81,$10.32,$10.28,$74.09,,$0.00,$0.00,$0.00,$0.00,$0.00,$0.00,$0.00
7559803619659333645,tracezen0,"19,139","41,313",,,,,,,1,1,,,,,,,-1,1,,,,,,,0,0,0,0,0,0,0,,$86.13,$185.91,$0.00,$0.00,$0.00,$0.00,$0.00,,$0.00,$0.00,$0.00,$0.00,$0.00,$0.00,$0.00
7682576383524093966,dwcormier,"4,621","46,487",,,,,,,1,1,,,,,,,-1,5,,,,,,,0,"11,000",0,0,0,0,0,,$20.79,$209.19,$0.00,$0.00,$0.00,$0.00,$0.00,,$0.00,$0.00,$0.00,$0.00,$0.00,$0.00,$0.00
7681840591965110285,hayytastic7,"1,772","3,970",,,,,,,1,1,,,,,,,-1,2,,,,,,,0,0,0,0,0,0,0,,$7.97,$17.87,$0.00,$0.00,$0.00,$0.00,$0.00,,$0.00,$0.00,$0.00,$0.00,$0.00,$0.00,$0.00
7548265659507949623,courtneyjomusic,"29,184","205,708",,,,,,,1,3,,,,,,,-1,1,,,,,,,0,"17,000",0,0,0,0,0,,$131.33,$925.69,$0.00,$0.00,$0.00,$0.00,$0.00,,$0.00,$0.00,$0.00,$0.00,$0.00,$0.00,$0.00
7672824551893614606,kristinesbndra,0,0,,,,,,,1,1,,,,,,,-1,-1,,,,,,,0,0,0,0,0,0,0,,$0.00,$0.00,$0.00,$0.00,$0.00,$0.00,$0.00,,$0.00,$0.00,$0.00,$0.00,$0.00,$0.00,$0.00
7682679302290194446,idk_idc_w.e,0,"4,884",,,,,,,1,1,,,,,,,-1,-1,,,,,,,0,0,0,0,0,0,0,,$0.00,$21.98,$0.00,$0.00,$0.00,$0.00,$0.00,,$0.00,$0.00,$0.00,$0.00,$0.00,$0.00,$0.00
7570911350952837134,angelslaysbarbie,0,"1,164",,,,,,,1,1,,,,,,,-1,-1,,,,,,,0,0,0,0,0,0,0,,$0.00,$5.24,$0.00,$0.00,$0.00,$0.00,$0.00,,$0.00,$0.00,$0.00,$0.00,$0.00,$0.00,$0.00
7682849832985444365,juggtheproblem,3,"3,689",,,,,,,1,1,,,,,,,-1,-1,,,,,,,0,0,0,0,0,0,0,,$0.01,$16.60,$0.00,$0.00,$0.00,$0.00,$0.00,,$0.00,$0.00,$0.00,$0.00,$0.00,$0.00,$0.00
7682832372001390605,#N/A,,,,,,,,,,,,,,,,,,,,,,,,,0,0,0,0,0,0,0,,$0.00,$0.00,$0.00,$0.00,$0.00,$0.00,$0.00,,,$0.00,$0.00,$0.00,$0.00,$0.00,$0.00
7683296033362788366,urboymekhail,0,0,,,,,,,1,1,,,,,,,-1,-1,,,,,,,0,0,0,0,0,0,0,,$0.00,$0.00,$0.00,$0.00,$0.00,$0.00,$0.00,,$0.00,$0.00,$0.00,$0.00,$0.00,$0.00,$0.00
7683338862300184590,laurlovesuuu,470,"10,189",,,,,,,1,1,,,,,,,-1,1,,,,,,,0,0,0,0,0,0,0,,$2.12,$45.85,$0.00,$0.00,$0.00,$0.00,$0.00,,$0.00,$0.00,$0.00,$0.00,$0.00,$0.00,$0.00
7683655050597744654,lookinluv,0,593,,,,,,,1,1,,,,,,,-1,-1,,,,,,,0,0,0,0,0,0,0,,$0.00,$2.67,$0.00,$0.00,$0.00,$0.00,$0.00,,$0.00,$0.00,$0.00,$0.00,$0.00,$0.00,$0.00
7684183640108220430,reixdd,0,0,,,,,,,1,1,,,,,,,-1,-1,,,,,,,0,0,0,0,0,0,0,,$0.00,$0.00,$0.00,$0.00,$0.00,$0.00,$0.00,,$0.00,$0.00,$0.00,$0.00,$0.00,$0.00,$0.00
7684059002778697742,joshslegers,0,0,,,,,,,1,1,,,,,,,-1,-1,,,,,,,0,0,0,0,0,0,0,,$0.00,$0.00,$0.00,$0.00,$0.00,$0.00,$0.00,,$0.00,$0.00,$0.00,$0.00,$0.00,$0.00,$0.00
7684435084946063374,weednyxjade2,0,0,,,,,,,1,1,,,,,,,-1,-1,,,,,,,0,0,0,0,0,0,0,,$0.00,$0.00,$0.00,$0.00,$0.00,$0.00,$0.00,,$0.00,$0.00,$0.00,$0.00,$0.00,$0.00,$0.00
7684450752378716174,mareng.ja,0,301,,,,,,,1,1,,,,,,,-1,-1,,,,,,,0,0,0,0,0,0,0,,$0.00,$1.35,$0.00,$0.00,$0.00,$0.00,$0.00,,$0.00,$0.00,$0.00,$0.00,$0.00,$0.00,$0.00
7505940930571059217,codm_cyber,88,"1,323",,,,,,,1,1,,,,,,,-1,2,,,,,,,0,0,0,0,0,0,0,,$0.40,$5.95,$0.00,$0.00,$0.00,$0.00,$0.00,,$0.00,$0.00,$0.00,$0.00,$0.00,$0.00,$0.00
7495549920183648257,the.bolter_32,0,631,"46,475",203,"6,069","27,265","3,314",,1,1,1,1,1,1,1,,-1,-1,-1,-1,0,2,-1,,0,0,0,0,0,0,0,,$0.00,$2.84,$209.14,$0.91,$27.31,$122.69,$14.91,,$0.00,$0.00,$0.00,$0.00,$0.00,$0.00,$0.00
7415856990070751233,zezecod,"1,633","29,759",0,0,0,"26,343","55,164",,1,1,1,1,1,1,1,,-1,1,-1,-1,-1,2,3,,0,0,0,0,0,0,0,,$7.35,$133.92,$0.00,$0.00,$0.00,$118.54,$248.24,,$0.00,$0.00,$0.00,$0.00,$0.00,$0.00,$0.00
7474398304470597633,nooneq8k,0,0,136,62,660,23,387,,1,1,1,1,1,1,1,,-1,-1,1,1,2,1,2,,0,0,0,0,0,0,0,,$0.00,$0.00,$0.61,$0.28,$2.97,$0.10,$1.74,,$0.00,$0.00,$0.00,$0.00,$0.00,$0.00,$0.00
7530802720979075085,exoticvibestt,534,"2,734",,,,,,,1,1,,,,,,,-1,1,,,,,,,0,0,0,0,0,0,0,,$2.40,$12.30,$0.00,$0.00,$0.00,$0.00,$0.00,,$0.00,$0.00,$0.00,$0.00,$0.00,$0.00,$0.00
7686802711286792205,alxiq999,0,12,,,,,,,1,1,,,,,,,-1,-1,,,,,,,0,0,0,0,0,0,0,,$0.00,$0.05,$0.00,$0.00,$0.00,$0.00,$0.00,,$0.00,$0.00,$0.00,$0.00,$0.00,$0.00,$0.00
7686654415217901582,vannahmooo,0,493,,,,,,,1,1,,,,,,,-1,-1,,,,,,,0,0,0,0,0,0,0,,$0.00,$2.22,$0.00,$0.00,$0.00,$0.00,$0.00,,$0.00,$0.00,$0.00,$0.00,$0.00,$0.00,$0.00
7681504853390016525,eselisha,"46,406","146,642",,,,,,,1,2,,,,,,,-1,3,,,,,,,0,"6,000",0,0,0,0,0,,$208.83,$659.89,$0.00,$0.00,$0.00,$0.00,$0.00,,$0.00,$0.00,$0.00,$0.00,$0.00,$0.00,$0.00
7533483034725597239,retiredimout,23,194,"1,447",306,,,,,1,1,1,1,,,,,-1,-1,-1,-1,,,,,0,0,0,0,0,0,0,,$0.10,$0.87,$6.51,$1.38,$0.00,$0.00,$0.00,,$0.00,$0.00,$0.00,$0.00,$0.00,$0.00,$0.00
7410389829596430353,nerdywinter,"1,026","6,834",,,,,,,1,1,,,,,,,-1,1,,,,,,,0,0,0,0,0,0,0,,$4.62,$30.75,$0.00,$0.00,$0.00,$0.00,$0.00,,$0.00,$0.00,$0.00,$0.00,$0.00,$0.00,$0.00
7468158107382956033,nalishaa__jarvis,0,0,,,,,,,1,1,,,,,,,-1,-1,,,,,,,0,0,0,0,0,0,0,,$0.00,$0.00,$0.00,$0.00,$0.00,$0.00,$0.00,,$0.00,$0.00,$0.00,$0.00,$0.00,$0.00,$0.00
7687828617874817038,cowgirlmomma1992,"6,819","2,084",,,,,,,1,1,,,,,,,-1,0,,,,,,,0,0,0,0,0,0,0,,$30.69,$9.38,$0.00,$0.00,$0.00,$0.00,$0.00,,$0.00,$0.00,$0.00,$0.00,$0.00,$0.00,$0.00
7359136287137398789,,0,,3,1,54,"3,502",49,,1,,1,1,1,1,1,,-1,,4,1,5,5,5,,0,0,0,0,0,0,0,,$0.00,$0.00,$0.01,$0.00,$0.24,$15.76,$0.22,,,$0.00,$0.00,$0.00,$0.00,$0.00,$0.00
7688802839686316045,jake07463,4,5,,,,,,,1,1,,,,,,,-1,-1,,,,,,,0,0,0,0,0,0,0,,$0.02,$0.02,$0.00,$0.00,$0.00,$0.00,$0.00,,$0.00,$0.00,$0.00,$0.00,$0.00,$0.00,$0.00
7689152124780888077,amberharrelsonn,"51,224","139,876",,,,,,,1,2,,,,,,,-1,5,,,,,,,0,"3,000",0,0,0,0,0,,$230.51,$629.44,$0.00,$0.00,$0.00,$0.00,$0.00,,$0.00,$0.00,$0.00,$0.00,$0.00,$0.00,$0.00
7602911333797068801,castilloo_26_,0,0,,,,,,,1,1,,,,,,,-1,-1,,,,,,,0,0,0,0,0,0,0,,$0.00,$0.00,$0.00,$0.00,$0.00,$0.00,$0.00,,$0.00,$0.00,$0.00,$0.00,$0.00,$0.00,$0.00
7689268304254566414,monicastaats,0,0,,,,,,,1,1,,,,,,,-1,-1,,,,,,,0,0,0,0,0,0,0,,$0.00,$0.00,$0.00,$0.00,$0.00,$0.00,$0.00,,$0.00,$0.00,$0.00,$0.00,$0.00,$0.00,$0.00
7689289240919719949,hypotheticallyspeakingtt,"1,608",255,,,,,,,1,1,,,,,,,-1,0,,,,,,,0,0,0,0,0,0,0,,$7.24,$1.15,$0.00,$0.00,$0.00,$0.00,$0.00,,$0.00,$0.00,$0.00,$0.00,$0.00,$0.00,$0.00
7689758669113884685,meanmike.music,"1,964",405,,,,,,,1,1,,,,,,,-1,1,,,,,,,0,0,0,0,0,0,0,,$8.84,$1.82,$0.00,$0.00,$0.00,$0.00,$0.00,,$0.00,$0.00,$0.00,$0.00,$0.00,$0.00,$0.00
7689827140631838734,sarahbrown63,0,0,,,,,,,1,1,,,,,,,-1,-1,,,,,,,0,0,0,0,0,0,0,,$0.00,$0.00,$0.00,$0.00,$0.00,$0.00,$0.00,,$0.00,$0.00,$0.00,$0.00,$0.00,$0.00,$0.00
7689743176394866702,#N/A,,60,,,,,,,,1,,,,,,,,-1,,,,,,,0,0,0,0,0,0,0,,$0.00,$0.27,$0.00,$0.00,$0.00,$0.00,$0.00,,,$0.00,$0.00,$0.00,$0.00,$0.00,$0.00
7689784570186678286,redmoosee,0,0,,,,,,,1,1,,,,,,,-1,-1,,,,,,,0,0,0,0,0,0,0,,$0.00,$0.00,$0.00,$0.00,$0.00,$0.00,$0.00,,$0.00,$0.00,$0.00,$0.00,$0.00,$0.00,$0.00
7689543450026590222,colution.z,0,42,,,,,,,1,1,,,,,,,-1,2,,,,,,,0,0,0,0,0,0,0,,$0.00,$0.19,$0.00,$0.00,$0.00,$0.00,$0.00,,$0.00,$0.00,$0.00,$0.00,$0.00,$0.00,$0.00
7690666830481965069,banggtheory,"8,168","11,876",,,,,,,1,1,,,,,,,-1,4,,,,,,,0,0,0,0,0,0,0,,$36.76,$53.44,$0.00,$0.00,$0.00,$0.00,$0.00,,$0.00,$0.00,$0.00,$0.00,$0.00,$0.00,$0.00
7690662540258607118,inkynessas2000,48,0,,,,,,,1,1,,,,,,,-1,-1,,,,,,,0,0,0,0,0,0,0,,$0.22,$0.00,$0.00,$0.00,$0.00,$0.00,$0.00,,$0.00,$0.00,$0.00,$0.00,$0.00,$0.00,$0.00
7599898818964111415,theaustineffect,0,0,,,,,,,1,1,,,,,,,-1,-1,,,,,,,0,0,0,0,0,0,0,,$0.00,$0.00,$0.00,$0.00,$0.00,$0.00,$0.00,,$0.00,$0.00,$0.00,$0.00,$0.00,$0.00,$0.00
7525237896966619152,itslinsaybro,"29,019",0,,,,,,,1,1,,,,,,,-1,-1,,,,,,,0,0,0,0,0,0,0,,$130.59,$0.00,$0.00,$0.00,$0.00,$0.00,$0.00,,$0.00,$0.00,$0.00,$0.00,$0.00,$0.00,$0.00
7691178152206467086,shawtyluvtayk,"2,128",25,,,,,,,1,1,,,,,,,-1,-1,,,,,,,0,0,0,0,0,0,0,,$9.58,$0.11,$0.00,$0.00,$0.00,$0.00,$0.00,,$0.00,$0.00,$0.00,$0.00,$0.00,$0.00,$0.00
7691327227112800270,dschlesh,0,0,,,,,,,1,1,,,,,,,-1,-1,,,,,,,0,0,0,0,0,0,0,,$0.00,$0.00,$0.00,$0.00,$0.00,$0.00,$0.00,,$0.00,$0.00,$0.00,$0.00,$0.00,$0.00,$0.00
7691358603264966670,smokey.amv,1,0,,,,,,,1,1,,,,,,,-1,-1,,,,,,,0,0,0,0,0,0,0,,$0.00,$0.00,$0.00,$0.00,$0.00,$0.00,$0.00,,$0.00,$0.00,$0.00,$0.00,$0.00,$0.00,$0.00
7691353082914996238,rebecca.becca.b,0,0,,,,,,,1,1,,,,,,,-1,-1,,,,,,,0,0,0,0,0,0,0,,$0.00,$0.00,$0.00,$0.00,$0.00,$0.00,$0.00,,$0.00,$0.00,$0.00,$0.00,$0.00,$0.00,$0.00
7691206615353311246,traidmarc,0,0,,,,,,,1,1,,,,,,,-1,-1,,,,,,,0,0,0,0,0,0,0,,$0.00,$0.00,$0.00,$0.00,$0.00,$0.00,$0.00,,$0.00,$0.00,$0.00,$0.00,$0.00,$0.00,$0.00
7691313305092096013,playboyl24,1,0,,,,,,,1,1,,,,,,,-1,-1,,,,,,,0,0,0,0,0,0,0,,$0.00,$0.00,$0.00,$0.00,$0.00,$0.00,$0.00,,$0.00,$0.00,$0.00,$0.00,$0.00,$0.00,$0.00
7474495362947039248,wlm9700,0,0,,,,,,,1,1,,,,,,,-1,-1,,,,,,,0,0,0,0,0,0,0,,$0.00,$0.00,$0.00,$0.00,$0.00,$0.00,$0.00,,$0.00,$0.00,$0.00,$0.00,$0.00,$0.00,$0.00
7691486324381188109,thehelpfuldriver,0,,,,,,,,1,,,,,,,,-1,,,,,,,,0,0,0,0,0,0,0,,$0.00,$0.00,$0.00,$0.00,$0.00,$0.00,$0.00,,$0.00,$0.00,$0.00,$0.00,$0.00,$0.00,$0.00
7691510540627165197,gahblingus,0,,,,,,,,1,,,,,,,,-1,,,,,,,,0,0,0,0,0,0,0,,$0.00,$0.00,$0.00,$0.00,$0.00,$0.00,$0.00,,$0.00,$0.00,$0.00,$0.00,$0.00,$0.00,$0.00
7691484000380272654,darkdisciple3,0,,,,,,,,1,,,,,,,,-1,,,,,,,,0,0,0,0,0,0,0,,$0.00,$0.00,$0.00,$0.00,$0.00,$0.00,$0.00,,$0.00,$0.00,$0.00,$0.00,$0.00,$0.00,$0.00
7691931729862623245,hannah2raww,"6,327",,,,,,,,1,,,,,,,,-1,,,,,,,,0,0,0,0,0,0,0,,$28.47,$0.00,$0.00,$0.00,$0.00,$0.00,$0.00,,$0.00,$0.00,$0.00,$0.00,$0.00,$0.00,$0.00
7691954245670682637,mazies.daisies,8,,,,,,,,1,,,,,,,,-1,,,,,,,,0,0,0,0,0,0,0,,$0.04,$0.00,$0.00,$0.00,$0.00,$0.00,$0.00,,$0.00,$0.00,$0.00,$0.00,$0.00,$0.00,$0.00
7483567915497816065,jamie.luanne,0,,,,,,,,1,,,,,,,,-1,,,,,,,,0,0,0,0,0,0,0,,$0.00,$0.00,$0.00,$0.00,$0.00,$0.00,$0.00,,$0.00,$0.00,$0.00,$0.00,$0.00,$0.00,$0.00
7359136287137398789,,0,,3,1,54,"3,502",49,,1,,1,1,1,1,1,,-1,,4,1,5,5,5,,0,0,0,0,0,0,0,,$0.00,$0.00,$0.01,$0.00,$0.24,$15.76,$0.22,,,$0.00,$0.00,$0.00,$0.00,$0.00,$0.00
7692143617535934478,jandessomfernandes,330,,,,,,,,1,,,,,,,,-1,,,,,,,,0,0,0,0,0,0,0,,$1.49,$0.00,$0.00,$0.00,$0.00,$0.00,$0.00,,$0.00,$0.00,$0.00,$0.00,$0.00,$0.00,$0.00
7692471593838133261,illogicalbobcat,104,,,,,,,,1,,,,,,,,-1,,,,,,,,0,0,0,0,0,0,0,,$0.47,$0.00,$0.00,$0.00,$0.00,$0.00,$0.00,,$0.00,$0.00,$0.00,$0.00,$0.00,$0.00,$0.00
7668068546567487502,larissalafond8,0,,15,0,,,,,1,,1,1,,,,,-1,,-1,-1,,,,,0,0,0,0,0,0,0,,$0.00,$0.00,$0.07,$0.00,$0.00,$0.00,$0.00,,$0.00,$0.00,$0.00,$0.00,$0.00,$0.00,$0.00